"REF_DATE","GEO","DGUID","Class of electricity producer","Type of electricity generation","UOM","UOM_ID","SCALAR_FACTOR","SCALAR_ID","VECTOR","COORDINATE","VALUE","STATUS","SYMBOL","TERMINATED","DECIMALS"
"2008-01","Nova Scotia","2016A000212","Total all classes of electricity producer","Total all types of electricity generation","Megawatt hours","210","units","0","v44174720","4.1.1","1189005","","","","0"
"2008-01","Nova Scotia","2016A000212","Total all classes of electricity producer","Hydraulic turbine","Megawatt hours","210","units","0","v44174721","4.1.2","107413","","","","0"
"2008-01","Nova Scotia","2016A000212","Total all classes of electricity producer","Conventional steam turbine","Megawatt hours","210","units","0","v44174722","4.1.3","1036750","","","","0"
"2008-01","Nova Scotia","2016A000212","Total all classes of electricity producer","Combustion turbine","Megawatt hours","210","units","0","v44174723","4.1.6","30863","","","","0"
"2008-01","Nova Scotia","2016A000212","Total all classes of electricity producer","Tidal power turbine","Megawatt hours","210","units","0","v44174724","4.1.7","2417","","","","0"
"2008-01","Nova Scotia","2016A000212","Total all classes of electricity producer","Wind power turbine","Megawatt hours","210","units","0","v44174725","4.1.8","11562","","","","0"
"2008-01","Nova Scotia","2016A000212","Electricity producers, electric utilities","Total all types of electricity generation","Megawatt hours","210","units","0","v44174726","4.2.1","1166380","","","","0"
"2008-01","Nova Scotia","2016A000212","Electricity producers, electric utilities","Hydraulic turbine","Megawatt hours","210","units","0","v44174727","4.2.2","104090","","","","0"
"2008-01","Nova Scotia","2016A000212","Electricity producers, electric utilities","Conventional steam turbine","Megawatt hours","210","units","0","v44174728","4.2.3","1017448","","","","0"
"2008-01","Nova Scotia","2016A000212","Electricity producers, electric utilities","Combustion turbine","Megawatt hours","210","units","0","v44174729","4.2.6","30863","","","","0"
"2008-01","Nova Scotia","2016A000212","Electricity producers, electric utilities","Tidal power turbine","Megawatt hours","210","units","0","v44174730","4.2.7","2417","","","","0"
"2008-01","Nova Scotia","2016A000212","Electricity producers, electric utilities","Wind power turbine","Megawatt hours","210","units","0","v44174731","4.2.8","11562","","","","0"
"2008-01","Nova Scotia","2016A000212","Electricity producers, industries","Total all types of electricity generation","Megawatt hours","210","units","0","v44174732","4.3.1","22625","","","","0"
"2008-01","Nova Scotia","2016A000212","Electricity producers, industries","Hydraulic turbine","Megawatt hours","210","units","0","v44174733","4.3.2","3323","","","","0"
"2008-01","Nova Scotia","2016A000212","Electricity producers, industries","Conventional steam turbine","Megawatt hours","210","units","0","v44174734","4.3.3","19302","","","","0"
"2008-01","Nova Scotia","2016A000212","Electricity producers, industries","Wind power turbine","Megawatt hours","210","units","0","v62460553","4.3.8","","..","","","0"
"2008-02","Nova Scotia","2016A000212","Total all classes of electricity producer","Total all types of electricity generation","Megawatt hours","210","units","0","v44174720","4.1.1","1094188","","","","0"
"2008-02","Nova Scotia","2016A000212","Total all classes of electricity producer","Hydraulic turbine","Megawatt hours","210","units","0","v44174721","4.1.2","121149","","","","0"
"2008-02","Nova Scotia","2016A000212","Total all classes of electricity producer","Conventional steam turbine","Megawatt hours","210","units","0","v44174722","4.1.3","936935","","","","0"
"2008-02","Nova Scotia","2016A000212","Total all classes of electricity producer","Combustion turbine","Megawatt hours","210","units","0","v44174723","4.1.6","25380","","","","0"
"2008-02","Nova Scotia","2016A000212","Total all classes of electricity producer","Tidal power turbine","Megawatt hours","210","units","0","v44174724","4.1.7","1915","","","","0"
"2008-02","Nova Scotia","2016A000212","Total all classes of electricity producer","Wind power turbine","Megawatt hours","210","units","0","v44174725","4.1.8","8809","","","","0"
"2008-02","Nova Scotia","2016A000212","Electricity producers, electric utilities","Total all types of electricity generation","Megawatt hours","210","units","0","v44174726","4.2.1","1072403","","","","0"
"2008-02","Nova Scotia","2016A000212","Electricity producers, electric utilities","Hydraulic turbine","Megawatt hours","210","units","0","v44174727","4.2.2","117829","","","","0"
"2008-02","Nova Scotia","2016A000212","Electricity producers, electric utilities","Conventional steam turbine","Megawatt hours","210","units","0","v44174728","4.2.3","918470","","","","0"
"2008-02","Nova Scotia","2016A000212","Electricity producers, electric utilities","Combustion turbine","Megawatt hours","210","units","0","v44174729","4.2.6","25380","","","","0"
"2008-02","Nova Scotia","2016A000212","Electricity producers, electric utilities","Tidal power turbine","Megawatt hours","210","units","0","v44174730","4.2.7","1915","","","","0"
"2008-02","Nova Scotia","2016A000212","Electricity producers, electric utilities","Wind power turbine","Megawatt hours","210","units","0","v44174731","4.2.8","8809","","","","0"
"2008-02","Nova Scotia","2016A000212","Electricity producers, industries","Total all types of electricity generation","Megawatt hours","210","units","0","v44174732","4.3.1","21785","","","","0"
"2008-02","Nova Scotia","2016A000212","Electricity producers, industries","Hydraulic turbine","Megawatt hours","210","units","0","v44174733","4.3.2","3320","","","","0"
"2008-02","Nova Scotia","2016A000212","Electricity producers, industries","Conventional steam turbine","Megawatt hours","210","units","0","v44174734","4.3.3","18465","","","","0"
"2008-02","Nova Scotia","2016A000212","Electricity producers, industries","Wind power turbine","Megawatt hours","210","units","0","v62460553","4.3.8","","..","","","0"
"2008-03","Nova Scotia","2016A000212","Total all classes of electricity producer","Total all types of electricity generation","Megawatt hours","210","units","0","v44174720","4.1.1","1182614","","","","0"
"2008-03","Nova Scotia","2016A000212","Total all classes of electricity producer","Hydraulic turbine","Megawatt hours","210","units","0","v44174721","4.1.2","145267","","","","0"
"2008-03","Nova Scotia","2016A000212","Total all classes of electricity producer","Conventional steam turbine","Megawatt hours","210","units","0","v44174722","4.1.3","1002927","","","","0"
"2008-03","Nova Scotia","2016A000212","Total all classes of electricity producer","Combustion turbine","Megawatt hours","210","units","0","v44174723","4.1.6","20395","","","","0"
"2008-03","Nova Scotia","2016A000212","Total all classes of electricity producer","Tidal power turbine","Megawatt hours","210","units","0","v44174724","4.1.7","2473","","","","0"
"2008-03","Nova Scotia","2016A000212","Total all classes of electricity producer","Wind power turbine","Megawatt hours","210","units","0","v44174725","4.1.8","11552","","","","0"
"2008-03","Nova Scotia","2016A000212","Electricity producers, electric utilities","Total all types of electricity generation","Megawatt hours","210","units","0","v44174726","4.2.1","1159918","","","","0"
"2008-03","Nova Scotia","2016A000212","Electricity producers, electric utilities","Hydraulic turbine","Megawatt hours","210","units","0","v44174727","4.2.2","141423","","","","0"
"2008-03","Nova Scotia","2016A000212","Electricity producers, electric utilities","Conventional steam turbine","Megawatt hours","210","units","0","v44174728","4.2.3","984075","","","","0"
"2008-03","Nova Scotia","2016A000212","Electricity producers, electric utilities","Combustion turbine","Megawatt hours","210","units","0","v44174729","4.2.6","20395","","","","0"
"2008-03","Nova Scotia","2016A000212","Electricity producers, electric utilities","Tidal power turbine","Megawatt hours","210","units","0","v44174730","4.2.7","2473","","","","0"
"2008-03","Nova Scotia","2016A000212","Electricity producers, electric utilities","Wind power turbine","Megawatt hours","210","units","0","v44174731","4.2.8","11552","","","","0"
"2008-03","Nova Scotia","2016A000212","Electricity producers, industries","Total all types of electricity generation","Megawatt hours","210","units","0","v44174732","4.3.1","22696","","","","0"
"2008-03","Nova Scotia","2016A000212","Electricity producers, industries","Hydraulic turbine","Megawatt hours","210","units","0","v44174733","4.3.2","3844","","","","0"
"2008-03","Nova Scotia","2016A000212","Electricity producers, industries","Conventional steam turbine","Megawatt hours","210","units","0","v44174734","4.3.3","18852","","","","0"
"2008-03","Nova Scotia","2016A000212","Electricity producers, industries","Wind power turbine","Megawatt hours","210","units","0","v62460553","4.3.8","","..","","","0"
"2008-04","Nova Scotia","2016A000212","Total all classes of electricity producer","Total all types of electricity generation","Megawatt hours","210","units","0","v44174720","4.1.1","1026632","","","","0"
"2008-04","Nova Scotia","2016A000212","Total all classes of electricity producer","Hydraulic turbine","Megawatt hours","210","units","0","v44174721","4.1.2","110078","","","","0"
"2008-04","Nova Scotia","2016A000212","Total all classes of electricity producer","Conventional steam turbine","Megawatt hours","210","units","0","v44174722","4.1.3","898184","","","","0"
"2008-04","Nova Scotia","2016A000212","Total all classes of electricity producer","Combustion turbine","Megawatt hours","210","units","0","v44174723","4.1.6","8341","","","","0"
"2008-04","Nova Scotia","2016A000212","Total all classes of electricity producer","Tidal power turbine","Megawatt hours","210","units","0","v44174724","4.1.7","2447","","","","0"
"2008-04","Nova Scotia","2016A000212","Total all classes of electricity producer","Wind power turbine","Megawatt hours","210","units","0","v44174725","4.1.8","7582","","","","0"
"2008-04","Nova Scotia","2016A000212","Electricity producers, electric utilities","Total all types of electricity generation","Megawatt hours","210","units","0","v44174726","4.2.1","1003829","","","","0"
"2008-04","Nova Scotia","2016A000212","Electricity producers, electric utilities","Hydraulic turbine","Megawatt hours","210","units","0","v44174727","4.2.2","106465","","","","0"
"2008-04","Nova Scotia","2016A000212","Electricity producers, electric utilities","Conventional steam turbine","Megawatt hours","210","units","0","v44174728","4.2.3","878994","","","","0"
"2008-04","Nova Scotia","2016A000212","Electricity producers, electric utilities","Combustion turbine","Megawatt hours","210","units","0","v44174729","4.2.6","8341","","","","0"
"2008-04","Nova Scotia","2016A000212","Electricity producers, electric utilities","Tidal power turbine","Megawatt hours","210","units","0","v44174730","4.2.7","2447","","","","0"
"2008-04","Nova Scotia","2016A000212","Electricity producers, electric utilities","Wind power turbine","Megawatt hours","210","units","0","v44174731","4.2.8","7582","","","","0"
"2008-04","Nova Scotia","2016A000212","Electricity producers, industries","Total all types of electricity generation","Megawatt hours","210","units","0","v44174732","4.3.1","22803","","","","0"
"2008-04","Nova Scotia","2016A000212","Electricity producers, industries","Hydraulic turbine","Megawatt hours","210","units","0","v44174733","4.3.2","3613","","","","0"
"2008-04","Nova Scotia","2016A000212","Electricity producers, industries","Conventional steam turbine","Megawatt hours","210","units","0","v44174734","4.3.3","19190","","","","0"
"2008-04","Nova Scotia","2016A000212","Electricity producers, industries","Wind power turbine","Megawatt hours","210","units","0","v62460553","4.3.8","","..","","","0"
"2008-05","Nova Scotia","2016A000212","Total all classes of electricity producer","Total all types of electricity generation","Megawatt hours","210","units","0","v44174720","4.1.1","958470","","","","0"
"2008-05","Nova Scotia","2016A000212","Total all classes of electricity producer","Hydraulic turbine","Megawatt hours","210","units","0","v44174721","4.1.2","87975","","","","0"
"2008-05","Nova Scotia","2016A000212","Total all classes of electricity producer","Conventional steam turbine","Megawatt hours","210","units","0","v44174722","4.1.3","850312","","","","0"
"2008-05","Nova Scotia","2016A000212","Total all classes of electricity producer","Combustion turbine","Megawatt hours","210","units","0","v44174723","4.1.6","8790","","","","0"
"2008-05","Nova Scotia","2016A000212","Total all classes of electricity producer","Tidal power turbine","Megawatt hours","210","units","0","v44174724","4.1.7","2400","","","","0"
"2008-05","Nova Scotia","2016A000212","Total all classes of electricity producer","Wind power turbine","Megawatt hours","210","units","0","v44174725","4.1.8","8993","","","","0"
"2008-05","Nova Scotia","2016A000212","Electricity producers, electric utilities","Total all types of electricity generation","Megawatt hours","210","units","0","v44174726","4.2.1","934697","","","","0"
"2008-05","Nova Scotia","2016A000212","Electricity producers, electric utilities","Hydraulic turbine","Megawatt hours","210","units","0","v44174727","4.2.2","84412","","","","0"
"2008-05","Nova Scotia","2016A000212","Electricity producers, electric utilities","Conventional steam turbine","Megawatt hours","210","units","0","v44174728","4.2.3","830102","","","","0"
"2008-05","Nova Scotia","2016A000212","Electricity producers, electric utilities","Combustion turbine","Megawatt hours","210","units","0","v44174729","4.2.6","8790","","","","0"
"2008-05","Nova Scotia","2016A000212","Electricity producers, electric utilities","Tidal power turbine","Megawatt hours","210","units","0","v44174730","4.2.7","2400","","","","0"
"2008-05","Nova Scotia","2016A000212","Electricity producers, electric utilities","Wind power turbine","Megawatt hours","210","units","0","v44174731","4.2.8","8993","","","","0"
"2008-05","Nova Scotia","2016A000212","Electricity producers, industries","Total all types of electricity generation","Megawatt hours","210","units","0","v44174732","4.3.1","23773","","","","0"
"2008-05","Nova Scotia","2016A000212","Electricity producers, industries","Hydraulic turbine","Megawatt hours","210","units","0","v44174733","4.3.2","3563","","","","0"
"2008-05","Nova Scotia","2016A000212","Electricity producers, industries","Conventional steam turbine","Megawatt hours","210","units","0","v44174734","4.3.3","20210","","","","0"
"2008-05","Nova Scotia","2016A000212","Electricity producers, industries","Wind power turbine","Megawatt hours","210","units","0","v62460553","4.3.8","","..","","","0"
"2008-06","Nova Scotia","2016A000212","Total all classes of electricity producer","Total all types of electricity generation","Megawatt hours","210","units","0","v44174720","4.1.1","903208","","","","0"
"2008-06","Nova Scotia","2016A000212","Total all classes of electricity producer","Hydraulic turbine","Megawatt hours","210","units","0","v44174721","4.1.2","66502","","","","0"
"2008-06","Nova Scotia","2016A000212","Total all classes of electricity producer","Conventional steam turbine","Megawatt hours","210","units","0","v44174722","4.1.3","811919","","","","0"
"2008-06","Nova Scotia","2016A000212","Total all classes of electricity producer","Combustion turbine","Megawatt hours","210","units","0","v44174723","4.1.6","19474","","","","0"
"2008-06","Nova Scotia","2016A000212","Total all classes of electricity producer","Tidal power turbine","Megawatt hours","210","units","0","v44174724","4.1.7","1249","","","","0"
"2008-06","Nova Scotia","2016A000212","Total all classes of electricity producer","Wind power turbine","Megawatt hours","210","units","0","v44174725","4.1.8","4064","","","","0"
"2008-06","Nova Scotia","2016A000212","Electricity producers, electric utilities","Total all types of electricity generation","Megawatt hours","210","units","0","v44174726","4.2.1","880598","","","","0"
"2008-06","Nova Scotia","2016A000212","Electricity producers, electric utilities","Hydraulic turbine","Megawatt hours","210","units","0","v44174727","4.2.2","63064","","","","0"
"2008-06","Nova Scotia","2016A000212","Electricity producers, electric utilities","Conventional steam turbine","Megawatt hours","210","units","0","v44174728","4.2.3","792747","","","","0"
"2008-06","Nova Scotia","2016A000212","Electricity producers, electric utilities","Combustion turbine","Megawatt hours","210","units","0","v44174729","4.2.6","19474","","","","0"
"2008-06","Nova Scotia","2016A000212","Electricity producers, electric utilities","Tidal power turbine","Megawatt hours","210","units","0","v44174730","4.2.7","1249","","","","0"
"2008-06","Nova Scotia","2016A000212","Electricity producers, electric utilities","Wind power turbine","Megawatt hours","210","units","0","v44174731","4.2.8","4064","","","","0"
"2008-06","Nova Scotia","2016A000212","Electricity producers, industries","Total all types of electricity generation","Megawatt hours","210","units","0","v44174732","4.3.1","22610","","","","0"
"2008-06","Nova Scotia","2016A000212","Electricity producers, industries","Hydraulic turbine","Megawatt hours","210","units","0","v44174733","4.3.2","3438","","","","0"
"2008-06","Nova Scotia","2016A000212","Electricity producers, industries","Conventional steam turbine","Megawatt hours","210","units","0","v44174734","4.3.3","19172","","","","0"
"2008-06","Nova Scotia","2016A000212","Electricity producers, industries","Wind power turbine","Megawatt hours","210","units","0","v62460553","4.3.8","","..","","","0"
"2008-07","Nova Scotia","2016A000212","Total all classes of electricity producer","Total all types of electricity generation","Megawatt hours","210","units","0","v44174720","4.1.1","938108","","","","0"
"2008-07","Nova Scotia","2016A000212","Total all classes of electricity producer","Hydraulic turbine","Megawatt hours","210","units","0","v44174721","4.1.2","54128","","","","0"
"2008-07","Nova Scotia","2016A000212","Total all classes of electricity producer","Conventional steam turbine","Megawatt hours","210","units","0","v44174722","4.1.3","852113","","","","0"
"2008-07","Nova Scotia","2016A000212","Total all classes of electricity producer","Combustion turbine","Megawatt hours","210","units","0","v44174723","4.1.6","27094","","","","0"
"2008-07","Nova Scotia","2016A000212","Total all classes of electricity producer","Tidal power turbine","Megawatt hours","210","units","0","v44174724","4.1.7","-115","","","","0"
"2008-07","Nova Scotia","2016A000212","Total all classes of electricity producer","Wind power turbine","Megawatt hours","210","units","0","v44174725","4.1.8","4888","","","","0"
"2008-07","Nova Scotia","2016A000212","Electricity producers, electric utilities","Total all types of electricity generation","Megawatt hours","210","units","0","v44174726","4.2.1","920796","","","","0"
"2008-07","Nova Scotia","2016A000212","Electricity producers, electric utilities","Hydraulic turbine","Megawatt hours","210","units","0","v44174727","4.2.2","51833","","","","0"
"2008-07","Nova Scotia","2016A000212","Electricity producers, electric utilities","Conventional steam turbine","Megawatt hours","210","units","0","v44174728","4.2.3","837096","","","","0"
"2008-07","Nova Scotia","2016A000212","Electricity producers, electric utilities","Combustion turbine","Megawatt hours","210","units","0","v44174729","4.2.6","27094","","","","0"
"2008-07","Nova Scotia","2016A000212","Electricity producers, electric utilities","Tidal power turbine","Megawatt hours","210","units","0","v44174730","4.2.7","-115","","","","0"
"2008-07","Nova Scotia","2016A000212","Electricity producers, electric utilities","Wind power turbine","Megawatt hours","210","units","0","v44174731","4.2.8","4888","","","","0"
"2008-07","Nova Scotia","2016A000212","Electricity producers, industries","Total all types of electricity generation","Megawatt hours","210","units","0","v44174732","4.3.1","17312","","","","0"
"2008-07","Nova Scotia","2016A000212","Electricity producers, industries","Hydraulic turbine","Megawatt hours","210","units","0","v44174733","4.3.2","2295","","","","0"
"2008-07","Nova Scotia","2016A000212","Electricity producers, industries","Conventional steam turbine","Megawatt hours","210","units","0","v44174734","4.3.3","15017","","","","0"
"2008-07","Nova Scotia","2016A000212","Electricity producers, industries","Wind power turbine","Megawatt hours","210","units","0","v62460553","4.3.8","","..","","","0"
"2008-08","Nova Scotia","2016A000212","Total all classes of electricity producer","Total all types of electricity generation","Megawatt hours","210","units","0","v44174720","4.1.1","926693","","","","0"
"2008-08","Nova Scotia","2016A000212","Total all classes of electricity producer","Hydraulic turbine","Megawatt hours","210","units","0","v44174721","4.1.2","50690","","","","0"
"2008-08","Nova Scotia","2016A000212","Total all classes of electricity producer","Conventional steam turbine","Megawatt hours","210","units","0","v44174722","4.1.3","855244","","","","0"
"2008-08","Nova Scotia","2016A000212","Total all classes of electricity producer","Combustion turbine","Megawatt hours","210","units","0","v44174723","4.1.6","17180","","","","0"
"2008-08","Nova Scotia","2016A000212","Total all classes of electricity producer","Tidal power turbine","Megawatt hours","210","units","0","v44174724","4.1.7","-71","","","","0"
"2008-08","Nova Scotia","2016A000212","Total all classes of electricity producer","Wind power turbine","Megawatt hours","210","units","0","v44174725","4.1.8","3650","","","","0"
"2008-08","Nova Scotia","2016A000212","Electricity producers, electric utilities","Total all types of electricity generation","Megawatt hours","210","units","0","v44174726","4.2.1","907160","","","","0"
"2008-08","Nova Scotia","2016A000212","Electricity producers, electric utilities","Hydraulic turbine","Megawatt hours","210","units","0","v44174727","4.2.2","47482","","","","0"
"2008-08","Nova Scotia","2016A000212","Electricity producers, electric utilities","Conventional steam turbine","Megawatt hours","210","units","0","v44174728","4.2.3","838919","","","","0"
"2008-08","Nova Scotia","2016A000212","Electricity producers, electric utilities","Combustion turbine","Megawatt hours","210","units","0","v44174729","4.2.6","17180","","","","0"
"2008-08","Nova Scotia","2016A000212","Electricity producers, electric utilities","Tidal power turbine","Megawatt hours","210","units","0","v44174730","4.2.7","-71","","","","0"
"2008-08","Nova Scotia","2016A000212","Electricity producers, electric utilities","Wind power turbine","Megawatt hours","210","units","0","v44174731","4.2.8","3650","","","","0"
"2008-08","Nova Scotia","2016A000212","Electricity producers, industries","Total all types of electricity generation","Megawatt hours","210","units","0","v44174732","4.3.1","19533","","","","0"
"2008-08","Nova Scotia","2016A000212","Electricity producers, industries","Hydraulic turbine","Megawatt hours","210","units","0","v44174733","4.3.2","3208","","","","0"
"2008-08","Nova Scotia","2016A000212","Electricity producers, industries","Conventional steam turbine","Megawatt hours","210","units","0","v44174734","4.3.3","16325","","","","0"
"2008-08","Nova Scotia","2016A000212","Electricity producers, industries","Wind power turbine","Megawatt hours","210","units","0","v62460553","4.3.8","","..","","","0"
"2008-09","Nova Scotia","2016A000212","Total all classes of electricity producer","Total all types of electricity generation","Megawatt hours","210","units","0","v44174720","4.1.1","920681","","","","0"
"2008-09","Nova Scotia","2016A000212","Total all classes of electricity producer","Hydraulic turbine","Megawatt hours","210","units","0","v44174721","4.1.2","84541","","","","0"
"2008-09","Nova Scotia","2016A000212","Total all classes of electricity producer","Conventional steam turbine","Megawatt hours","210","units","0","v44174722","4.1.3","806895","","","","0"
"2008-09","Nova Scotia","2016A000212","Total all classes of electricity producer","Combustion turbine","Megawatt hours","210","units","0","v44174723","4.1.6","22104","","","","0"
"2008-09","Nova Scotia","2016A000212","Total all classes of electricity producer","Tidal power turbine","Megawatt hours","210","units","0","v44174724","4.1.7","-65","","","","0"
"2008-09","Nova Scotia","2016A000212","Total all classes of electricity producer","Wind power turbine","Megawatt hours","210","units","0","v44174725","4.1.8","7206","","","","0"
"2008-09","Nova Scotia","2016A000212","Electricity producers, electric utilities","Total all types of electricity generation","Megawatt hours","210","units","0","v44174726","4.2.1","902444","","","","0"
"2008-09","Nova Scotia","2016A000212","Electricity producers, electric utilities","Hydraulic turbine","Megawatt hours","210","units","0","v44174727","4.2.2","81626","","","","0"
"2008-09","Nova Scotia","2016A000212","Electricity producers, electric utilities","Conventional steam turbine","Megawatt hours","210","units","0","v44174728","4.2.3","791573","","","","0"
"2008-09","Nova Scotia","2016A000212","Electricity producers, electric utilities","Combustion turbine","Megawatt hours","210","units","0","v44174729","4.2.6","22104","","","","0"
"2008-09","Nova Scotia","2016A000212","Electricity producers, electric utilities","Tidal power turbine","Megawatt hours","210","units","0","v44174730","4.2.7","-65","","","","0"
"2008-09","Nova Scotia","2016A000212","Electricity producers, electric utilities","Wind power turbine","Megawatt hours","210","units","0","v44174731","4.2.8","7206","","","","0"
"2008-09","Nova Scotia","2016A000212","Electricity producers, industries","Total all types of electricity generation","Megawatt hours","210","units","0","v44174732","4.3.1","18237","","","","0"
"2008-09","Nova Scotia","2016A000212","Electricity producers, industries","Hydraulic turbine","Megawatt hours","210","units","0","v44174733","4.3.2","2915","","","","0"
"2008-09","Nova Scotia","2016A000212","Electricity producers, industries","Conventional steam turbine","Megawatt hours","210","units","0","v44174734","4.3.3","15322","","","","0"
"2008-09","Nova Scotia","2016A000212","Electricity producers, industries","Wind power turbine","Megawatt hours","210","units","0","v62460553","4.3.8","","..","","","0"
"2008-10","Nova Scotia","2016A000212","Total all classes of electricity producer","Total all types of electricity generation","Megawatt hours","210","units","0","v44174720","4.1.1","957342","","","","0"
"2008-10","Nova Scotia","2016A000212","Total all classes of electricity producer","Hydraulic turbine","Megawatt hours","210","units","0","v44174721","4.1.2","66372","","","","0"
"2008-10","Nova Scotia","2016A000212","Total all classes of electricity producer","Conventional steam turbine","Megawatt hours","210","units","0","v44174722","4.1.3","848688","","","","0"
"2008-10","Nova Scotia","2016A000212","Total all classes of electricity producer","Combustion turbine","Megawatt hours","210","units","0","v44174723","4.1.6","32772","","","","0"
"2008-10","Nova Scotia","2016A000212","Total all classes of electricity producer","Tidal power turbine","Megawatt hours","210","units","0","v44174724","4.1.7","-60","","","","0"
"2008-10","Nova Scotia","2016A000212","Total all classes of electricity producer","Wind power turbine","Megawatt hours","210","units","0","v44174725","4.1.8","9570","","","","0"
"2008-10","Nova Scotia","2016A000212","Electricity producers, electric utilities","Total all types of electricity generation","Megawatt hours","210","units","0","v44174726","4.2.1","936225","","","","0"
"2008-10","Nova Scotia","2016A000212","Electricity producers, electric utilities","Hydraulic turbine","Megawatt hours","210","units","0","v44174727","4.2.2","63019","","","","0"
"2008-10","Nova Scotia","2016A000212","Electricity producers, electric utilities","Conventional steam turbine","Megawatt hours","210","units","0","v44174728","4.2.3","830924","","","","0"
"2008-10","Nova Scotia","2016A000212","Electricity producers, electric utilities","Combustion turbine","Megawatt hours","210","units","0","v44174729","4.2.6","32772","","","","0"
"2008-10","Nova Scotia","2016A000212","Electricity producers, electric utilities","Tidal power turbine","Megawatt hours","210","units","0","v44174730","4.2.7","-60","","","","0"
"2008-10","Nova Scotia","2016A000212","Electricity producers, electric utilities","Wind power turbine","Megawatt hours","210","units","0","v44174731","4.2.8","9570","","","","0"
"2008-10","Nova Scotia","2016A000212","Electricity producers, industries","Total all types of electricity generation","Megawatt hours","210","units","0","v44174732","4.3.1","21117","","","","0"
"2008-10","Nova Scotia","2016A000212","Electricity producers, industries","Hydraulic turbine","Megawatt hours","210","units","0","v44174733","4.3.2","3353","","","","0"
"2008-10","Nova Scotia","2016A000212","Electricity producers, industries","Conventional steam turbine","Megawatt hours","210","units","0","v44174734","4.3.3","17764","","","","0"
"2008-10","Nova Scotia","2016A000212","Electricity producers, industries","Wind power turbine","Megawatt hours","210","units","0","v62460553","4.3.8","","..","","","0"
"2008-11","Nova Scotia","2016A000212","Total all classes of electricity producer","Total all types of electricity generation","Megawatt hours","210","units","0","v44174720","4.1.1","961475","","","","0"
"2008-11","Nova Scotia","2016A000212","Total all classes of electricity producer","Hydraulic turbine","Megawatt hours","210","units","0","v44174721","4.1.2","71797","","","","0"
"2008-11","Nova Scotia","2016A000212","Total all classes of electricity producer","Conventional steam turbine","Megawatt hours","210","units","0","v44174722","4.1.3","853221","","","","0"
"2008-11","Nova Scotia","2016A000212","Total all classes of electricity producer","Combustion turbine","Megawatt hours","210","units","0","v44174723","4.1.6","27009","","","","0"
"2008-11","Nova Scotia","2016A000212","Total all classes of electricity producer","Tidal power turbine","Megawatt hours","210","units","0","v44174724","4.1.7","389","","","","0"
"2008-11","Nova Scotia","2016A000212","Total all classes of electricity producer","Wind power turbine","Megawatt hours","210","units","0","v44174725","4.1.8","9059","","","","0"
"2008-11","Nova Scotia","2016A000212","Electricity producers, electric utilities","Total all types of electricity generation","Megawatt hours","210","units","0","v44174726","4.2.1","942617","","","","0"
"2008-11","Nova Scotia","2016A000212","Electricity producers, electric utilities","Hydraulic turbine","Megawatt hours","210","units","0","v44174727","4.2.2","68773","","","","0"
"2008-11","Nova Scotia","2016A000212","Electricity producers, electric utilities","Conventional steam turbine","Megawatt hours","210","units","0","v44174728","4.2.3","837387","","","","0"
"2008-11","Nova Scotia","2016A000212","Electricity producers, electric utilities","Combustion turbine","Megawatt hours","210","units","0","v44174729","4.2.6","27009","","","","0"
"2008-11","Nova Scotia","2016A000212","Electricity producers, electric utilities","Tidal power turbine","Megawatt hours","210","units","0","v44174730","4.2.7","389","","","","0"
"2008-11","Nova Scotia","2016A000212","Electricity producers, electric utilities","Wind power turbine","Megawatt hours","210","units","0","v44174731","4.2.8","9059","","","","0"
"2008-11","Nova Scotia","2016A000212","Electricity producers, industries","Total all types of electricity generation","Megawatt hours","210","units","0","v44174732","4.3.1","18858","","","","0"
"2008-11","Nova Scotia","2016A000212","Electricity producers, industries","Hydraulic turbine","Megawatt hours","210","units","0","v44174733","4.3.2","3024","","","","0"
"2008-11","Nova Scotia","2016A000212","Electricity producers, industries","Conventional steam turbine","Megawatt hours","210","units","0","v44174734","4.3.3","15834","","","","0"
"2008-11","Nova Scotia","2016A000212","Electricity producers, industries","Wind power turbine","Megawatt hours","210","units","0","v62460553","4.3.8","","..","","","0"
"2008-12","Nova Scotia","2016A000212","Total all classes of electricity producer","Total all types of electricity generation","Megawatt hours","210","units","0","v44174720","4.1.1","1105984","","","","0"
"2008-12","Nova Scotia","2016A000212","Total all classes of electricity producer","Hydraulic turbine","Megawatt hours","210","units","0","v44174721","4.1.2","124214","","","","0"
"2008-12","Nova Scotia","2016A000212","Total all classes of electricity producer","Conventional steam turbine","Megawatt hours","210","units","0","v44174722","4.1.3","948974","","","","0"
"2008-12","Nova Scotia","2016A000212","Total all classes of electricity producer","Combustion turbine","Megawatt hours","210","units","0","v44174723","4.1.6","19797","","","","0"
"2008-12","Nova Scotia","2016A000212","Total all classes of electricity producer","Tidal power turbine","Megawatt hours","210","units","0","v44174724","4.1.7","2039","","","","0"
"2008-12","Nova Scotia","2016A000212","Total all classes of electricity producer","Wind power turbine","Megawatt hours","210","units","0","v44174725","4.1.8","10960","","","","0"
"2008-12","Nova Scotia","2016A000212","Electricity producers, electric utilities","Total all types of electricity generation","Megawatt hours","210","units","0","v44174726","4.2.1","1089063","","","","0"
"2008-12","Nova Scotia","2016A000212","Electricity producers, electric utilities","Hydraulic turbine","Megawatt hours","210","units","0","v44174727","4.2.2","121621","","","","0"
"2008-12","Nova Scotia","2016A000212","Electricity producers, electric utilities","Conventional steam turbine","Megawatt hours","210","units","0","v44174728","4.2.3","934646","","","","0"
"2008-12","Nova Scotia","2016A000212","Electricity producers, electric utilities","Combustion turbine","Megawatt hours","210","units","0","v44174729","4.2.6","19797","","","","0"
"2008-12","Nova Scotia","2016A000212","Electricity producers, electric utilities","Tidal power turbine","Megawatt hours","210","units","0","v44174730","4.2.7","2039","","","","0"
"2008-12","Nova Scotia","2016A000212","Electricity producers, electric utilities","Wind power turbine","Megawatt hours","210","units","0","v44174731","4.2.8","10960","","","","0"
"2008-12","Nova Scotia","2016A000212","Electricity producers, industries","Total all types of electricity generation","Megawatt hours","210","units","0","v44174732","4.3.1","16921","","","","0"
"2008-12","Nova Scotia","2016A000212","Electricity producers, industries","Hydraulic turbine","Megawatt hours","210","units","0","v44174733","4.3.2","2593","","","","0"
"2008-12","Nova Scotia","2016A000212","Electricity producers, industries","Conventional steam turbine","Megawatt hours","210","units","0","v44174734","4.3.3","14328","","","","0"
"2008-12","Nova Scotia","2016A000212","Electricity producers, industries","Wind power turbine","Megawatt hours","210","units","0","v62460553","4.3.8","","..","","","0"
"2009-01","Nova Scotia","2016A000212","Total all classes of electricity producer","Total all types of electricity generation","Megawatt hours","210","units","0","v44174720","4.1.1","1208129","","","","0"
"2009-01","Nova Scotia","2016A000212","Total all classes of electricity producer","Hydraulic turbine","Megawatt hours","210","units","0","v44174721","4.1.2","113802","","","","0"
"2009-01","Nova Scotia","2016A000212","Total all classes of electricity producer","Conventional steam turbine","Megawatt hours","210","units","0","v44174722","4.1.3","1054913","","","","0"
"2009-01","Nova Scotia","2016A000212","Total all classes of electricity producer","Combustion turbine","Megawatt hours","210","units","0","v44174723","4.1.6","27973","","","","0"
"2009-01","Nova Scotia","2016A000212","Total all classes of electricity producer","Tidal power turbine","Megawatt hours","210","units","0","v44174724","4.1.7","2220","","","","0"
"2009-01","Nova Scotia","2016A000212","Total all classes of electricity producer","Wind power turbine","Megawatt hours","210","units","0","v44174725","4.1.8","9221","","","","0"
"2009-01","Nova Scotia","2016A000212","Electricity producers, electric utilities","Total all types of electricity generation","Megawatt hours","210","units","0","v44174726","4.2.1","1187320","","","","0"
"2009-01","Nova Scotia","2016A000212","Electricity producers, electric utilities","Hydraulic turbine","Megawatt hours","210","units","0","v44174727","4.2.2","110637","","","","0"
"2009-01","Nova Scotia","2016A000212","Electricity producers, electric utilities","Conventional steam turbine","Megawatt hours","210","units","0","v44174728","4.2.3","1037269","","","","0"
"2009-01","Nova Scotia","2016A000212","Electricity producers, electric utilities","Combustion turbine","Megawatt hours","210","units","0","v44174729","4.2.6","27973","","","","0"
"2009-01","Nova Scotia","2016A000212","Electricity producers, electric utilities","Tidal power turbine","Megawatt hours","210","units","0","v44174730","4.2.7","2220","","","","0"
"2009-01","Nova Scotia","2016A000212","Electricity producers, electric utilities","Wind power turbine","Megawatt hours","210","units","0","v44174731","4.2.8","9221","","","","0"
"2009-01","Nova Scotia","2016A000212","Electricity producers, industries","Total all types of electricity generation","Megawatt hours","210","units","0","v44174732","4.3.1","20809","","","","0"
"2009-01","Nova Scotia","2016A000212","Electricity producers, industries","Hydraulic turbine","Megawatt hours","210","units","0","v44174733","4.3.2","3165","","","","0"
"2009-01","Nova Scotia","2016A000212","Electricity producers, industries","Conventional steam turbine","Megawatt hours","210","units","0","v44174734","4.3.3","17644","","","","0"
"2009-01","Nova Scotia","2016A000212","Electricity producers, industries","Wind power turbine","Megawatt hours","210","units","0","v62460553","4.3.8","","..","","","0"
"2009-02","Nova Scotia","2016A000212","Total all classes of electricity producer","Total all types of electricity generation","Megawatt hours","210","units","0","v44174720","4.1.1","1064731","","","","0"
"2009-02","Nova Scotia","2016A000212","Total all classes of electricity producer","Hydraulic turbine","Megawatt hours","210","units","0","v44174721","4.1.2","88146","","","","0"
"2009-02","Nova Scotia","2016A000212","Total all classes of electricity producer","Conventional steam turbine","Megawatt hours","210","units","0","v44174722","4.1.3","930100","","","","0"
"2009-02","Nova Scotia","2016A000212","Total all classes of electricity producer","Combustion turbine","Megawatt hours","210","units","0","v44174723","4.1.6","35355","","","","0"
"2009-02","Nova Scotia","2016A000212","Total all classes of electricity producer","Tidal power turbine","Megawatt hours","210","units","0","v44174724","4.1.7","2186","","","","0"
"2009-02","Nova Scotia","2016A000212","Total all classes of electricity producer","Wind power turbine","Megawatt hours","210","units","0","v44174725","4.1.8","8944","","","","0"
"2009-02","Nova Scotia","2016A000212","Electricity producers, electric utilities","Total all types of electricity generation","Megawatt hours","210","units","0","v44174726","4.2.1","1043968","","","","0"
"2009-02","Nova Scotia","2016A000212","Electricity producers, electric utilities","Hydraulic turbine","Megawatt hours","210","units","0","v44174727","4.2.2","84978","","","","0"
"2009-02","Nova Scotia","2016A000212","Electricity producers, electric utilities","Conventional steam turbine","Megawatt hours","210","units","0","v44174728","4.2.3","912505","","","","0"
"2009-02","Nova Scotia","2016A000212","Electricity producers, electric utilities","Combustion turbine","Megawatt hours","210","units","0","v44174729","4.2.6","35355","","","","0"
"2009-02","Nova Scotia","2016A000212","Electricity producers, electric utilities","Tidal power turbine","Megawatt hours","210","units","0","v44174730","4.2.7","2186","","","","0"
"2009-02","Nova Scotia","2016A000212","Electricity producers, electric utilities","Wind power turbine","Megawatt hours","210","units","0","v44174731","4.2.8","8944","","","","0"
"2009-02","Nova Scotia","2016A000212","Electricity producers, industries","Total all types of electricity generation","Megawatt hours","210","units","0","v44174732","4.3.1","20763","","","","0"
"2009-02","Nova Scotia","2016A000212","Electricity producers, industries","Hydraulic turbine","Megawatt hours","210","units","0","v44174733","4.3.2","3168","","","","0"
"2009-02","Nova Scotia","2016A000212","Electricity producers, industries","Conventional steam turbine","Megawatt hours","210","units","0","v44174734","4.3.3","17595","","","","0"
"2009-02","Nova Scotia","2016A000212","Electricity producers, industries","Wind power turbine","Megawatt hours","210","units","0","v62460553","4.3.8","","..","","","0"
"2009-03","Nova Scotia","2016A000212","Total all classes of electricity producer","Total all types of electricity generation","Megawatt hours","210","units","0","v44174720","4.1.1","1108859","","","","0"
"2009-03","Nova Scotia","2016A000212","Total all classes of electricity producer","Hydraulic turbine","Megawatt hours","210","units","0","v44174721","4.1.2","113616","","","","0"
"2009-03","Nova Scotia","2016A000212","Total all classes of electricity producer","Conventional steam turbine","Megawatt hours","210","units","0","v44174722","4.1.3","955064","","","","0"
"2009-03","Nova Scotia","2016A000212","Total all classes of electricity producer","Combustion turbine","Megawatt hours","210","units","0","v44174723","4.1.6","29780","","","","0"
"2009-03","Nova Scotia","2016A000212","Total all classes of electricity producer","Tidal power turbine","Megawatt hours","210","units","0","v44174724","4.1.7","2570","","","","0"
"2009-03","Nova Scotia","2016A000212","Total all classes of electricity producer","Wind power turbine","Megawatt hours","210","units","0","v44174725","4.1.8","7829","","","","0"
"2009-03","Nova Scotia","2016A000212","Electricity producers, electric utilities","Total all types of electricity generation","Megawatt hours","210","units","0","v44174726","4.2.1","1085158","","","","0"
"2009-03","Nova Scotia","2016A000212","Electricity producers, electric utilities","Hydraulic turbine","Megawatt hours","210","units","0","v44174727","4.2.2","109969","","","","0"
"2009-03","Nova Scotia","2016A000212","Electricity producers, electric utilities","Conventional steam turbine","Megawatt hours","210","units","0","v44174728","4.2.3","935010","","","","0"
"2009-03","Nova Scotia","2016A000212","Electricity producers, electric utilities","Combustion turbine","Megawatt hours","210","units","0","v44174729","4.2.6","29780","","","","0"
"2009-03","Nova Scotia","2016A000212","Electricity producers, electric utilities","Tidal power turbine","Megawatt hours","210","units","0","v44174730","4.2.7","2570","","","","0"
"2009-03","Nova Scotia","2016A000212","Electricity producers, electric utilities","Wind power turbine","Megawatt hours","210","units","0","v44174731","4.2.8","7829","","","","0"
"2009-03","Nova Scotia","2016A000212","Electricity producers, industries","Total all types of electricity generation","Megawatt hours","210","units","0","v44174732","4.3.1","23701","","","","0"
"2009-03","Nova Scotia","2016A000212","Electricity producers, industries","Hydraulic turbine","Megawatt hours","210","units","0","v44174733","4.3.2","3647","","","","0"
"2009-03","Nova Scotia","2016A000212","Electricity producers, industries","Conventional steam turbine","Megawatt hours","210","units","0","v44174734","4.3.3","20054","","","","0"
"2009-03","Nova Scotia","2016A000212","Electricity producers, industries","Wind power turbine","Megawatt hours","210","units","0","v62460553","4.3.8","","..","","","0"
"2009-04","Nova Scotia","2016A000212","Total all classes of electricity producer","Total all types of electricity generation","Megawatt hours","210","units","0","v44174720","4.1.1","940134","","","","0"
"2009-04","Nova Scotia","2016A000212","Total all classes of electricity producer","Hydraulic turbine","Megawatt hours","210","units","0","v44174721","4.1.2","109411","","","","0"
"2009-04","Nova Scotia","2016A000212","Total all classes of electricity producer","Conventional steam turbine","Megawatt hours","210","units","0","v44174722","4.1.3","800997","","","","0"
"2009-04","Nova Scotia","2016A000212","Total all classes of electricity producer","Combustion turbine","Megawatt hours","210","units","0","v44174723","4.1.6","18911","","","","0"
"2009-04","Nova Scotia","2016A000212","Total all classes of electricity producer","Tidal power turbine","Megawatt hours","210","units","0","v44174724","4.1.7","2339","","","","0"
"2009-04","Nova Scotia","2016A000212","Total all classes of electricity producer","Wind power turbine","Megawatt hours","210","units","0","v44174725","4.1.8","8476","","","","0"
"2009-04","Nova Scotia","2016A000212","Electricity producers, electric utilities","Total all types of electricity generation","Megawatt hours","210","units","0","v44174726","4.2.1","917447","","","","0"
"2009-04","Nova Scotia","2016A000212","Electricity producers, electric utilities","Hydraulic turbine","Megawatt hours","210","units","0","v44174727","4.2.2","105786","","","","0"
"2009-04","Nova Scotia","2016A000212","Electricity producers, electric utilities","Conventional steam turbine","Megawatt hours","210","units","0","v44174728","4.2.3","781935","","","","0"
"2009-04","Nova Scotia","2016A000212","Electricity producers, electric utilities","Combustion turbine","Megawatt hours","210","units","0","v44174729","4.2.6","18911","","","","0"
"2009-04","Nova Scotia","2016A000212","Electricity producers, electric utilities","Tidal power turbine","Megawatt hours","210","units","0","v44174730","4.2.7","2339","","","","0"
"2009-04","Nova Scotia","2016A000212","Electricity producers, electric utilities","Wind power turbine","Megawatt hours","210","units","0","v44174731","4.2.8","8476","","","","0"
"2009-04","Nova Scotia","2016A000212","Electricity producers, industries","Total all types of electricity generation","Megawatt hours","210","units","0","v44174732","4.3.1","22687","","","","0"
"2009-04","Nova Scotia","2016A000212","Electricity producers, industries","Hydraulic turbine","Megawatt hours","210","units","0","v44174733","4.3.2","3625","","","","0"
"2009-04","Nova Scotia","2016A000212","Electricity producers, industries","Conventional steam turbine","Megawatt hours","210","units","0","v44174734","4.3.3","19062","","","","0"
"2009-04","Nova Scotia","2016A000212","Electricity producers, industries","Wind power turbine","Megawatt hours","210","units","0","v62460553","4.3.8","","..","","","0"
"2009-05","Nova Scotia","2016A000212","Total all classes of electricity producer","Total all types of electricity generation","Megawatt hours","210","units","0","v44174720","4.1.1","950387","","","","0"
"2009-05","Nova Scotia","2016A000212","Total all classes of electricity producer","Hydraulic turbine","Megawatt hours","210","units","0","v44174721","4.1.2","122049","","","","0"
"2009-05","Nova Scotia","2016A000212","Total all classes of electricity producer","Conventional steam turbine","Megawatt hours","210","units","0","v44174722","4.1.3","789438","","","","0"
"2009-05","Nova Scotia","2016A000212","Total all classes of electricity producer","Combustion turbine","Megawatt hours","210","units","0","v44174723","4.1.6","29881","","","","0"
"2009-05","Nova Scotia","2016A000212","Total all classes of electricity producer","Tidal power turbine","Megawatt hours","210","units","0","v44174724","4.1.7","2831","","","","0"
"2009-05","Nova Scotia","2016A000212","Total all classes of electricity producer","Wind power turbine","Megawatt hours","210","units","0","v44174725","4.1.8","6188","","","","0"
"2009-05","Nova Scotia","2016A000212","Electricity producers, electric utilities","Total all types of electricity generation","Megawatt hours","210","units","0","v44174726","4.2.1","930496","","","","0"
"2009-05","Nova Scotia","2016A000212","Electricity producers, electric utilities","Hydraulic turbine","Megawatt hours","210","units","0","v44174727","4.2.2","118356","","","","0"
"2009-05","Nova Scotia","2016A000212","Electricity producers, electric utilities","Conventional steam turbine","Megawatt hours","210","units","0","v44174728","4.2.3","773240","","","","0"
"2009-05","Nova Scotia","2016A000212","Electricity producers, electric utilities","Combustion turbine","Megawatt hours","210","units","0","v44174729","4.2.6","29881","","","","0"
"2009-05","Nova Scotia","2016A000212","Electricity producers, electric utilities","Tidal power turbine","Megawatt hours","210","units","0","v44174730","4.2.7","2831","","","","0"
"2009-05","Nova Scotia","2016A000212","Electricity producers, electric utilities","Wind power turbine","Megawatt hours","210","units","0","v44174731","4.2.8","6188","","","","0"
"2009-05","Nova Scotia","2016A000212","Electricity producers, industries","Total all types of electricity generation","Megawatt hours","210","units","0","v44174732","4.3.1","19891","","","","0"
"2009-05","Nova Scotia","2016A000212","Electricity producers, industries","Hydraulic turbine","Megawatt hours","210","units","0","v44174733","4.3.2","3693","","","","0"
"2009-05","Nova Scotia","2016A000212","Electricity producers, industries","Conventional steam turbine","Megawatt hours","210","units","0","v44174734","4.3.3","16198","","","","0"
"2009-05","Nova Scotia","2016A000212","Electricity producers, industries","Wind power turbine","Megawatt hours","210","units","0","v62460553","4.3.8","","..","","","0"
"2009-06","Nova Scotia","2016A000212","Total all classes of electricity producer","Total all types of electricity generation","Megawatt hours","210","units","0","v44174720","4.1.1","829085","","","","0"
"2009-06","Nova Scotia","2016A000212","Total all classes of electricity producer","Hydraulic turbine","Megawatt hours","210","units","0","v44174721","4.1.2","58832","","","","0"
"2009-06","Nova Scotia","2016A000212","Total all classes of electricity producer","Conventional steam turbine","Megawatt hours","210","units","0","v44174722","4.1.3","716911","","","","0"
"2009-06","Nova Scotia","2016A000212","Total all classes of electricity producer","Combustion turbine","Megawatt hours","210","units","0","v44174723","4.1.6","45117","","","","0"
"2009-06","Nova Scotia","2016A000212","Total all classes of electricity producer","Tidal power turbine","Megawatt hours","210","units","0","v44174724","4.1.7","2484","","","","0"
"2009-06","Nova Scotia","2016A000212","Total all classes of electricity producer","Wind power turbine","Megawatt hours","210","units","0","v44174725","4.1.8","5741","","","","0"
"2009-06","Nova Scotia","2016A000212","Electricity producers, electric utilities","Total all types of electricity generation","Megawatt hours","210","units","0","v44174726","4.2.1","819244","","","","0"
"2009-06","Nova Scotia","2016A000212","Electricity producers, electric utilities","Hydraulic turbine","Megawatt hours","210","units","0","v44174727","4.2.2","55441","","","","0"
"2009-06","Nova Scotia","2016A000212","Electricity producers, electric utilities","Conventional steam turbine","Megawatt hours","210","units","0","v44174728","4.2.3","710461","","","","0"
"2009-06","Nova Scotia","2016A000212","Electricity producers, electric utilities","Combustion turbine","Megawatt hours","210","units","0","v44174729","4.2.6","45117","","","","0"
"2009-06","Nova Scotia","2016A000212","Electricity producers, electric utilities","Tidal power turbine","Megawatt hours","210","units","0","v44174730","4.2.7","2484","","","","0"
"2009-06","Nova Scotia","2016A000212","Electricity producers, electric utilities","Wind power turbine","Megawatt hours","210","units","0","v44174731","4.2.8","5741","","","","0"
"2009-06","Nova Scotia","2016A000212","Electricity producers, industries","Total all types of electricity generation","Megawatt hours","210","units","0","v44174732","4.3.1","9841","","","","0"
"2009-06","Nova Scotia","2016A000212","Electricity producers, industries","Hydraulic turbine","Megawatt hours","210","units","0","v44174733","4.3.2","3391","","","","0"
"2009-06","Nova Scotia","2016A000212","Electricity producers, industries","Conventional steam turbine","Megawatt hours","210","units","0","v44174734","4.3.3","6450","","","","0"
"2009-06","Nova Scotia","2016A000212","Electricity producers, industries","Wind power turbine","Megawatt hours","210","units","0","v62460553","4.3.8","","..","","","0"
"2009-07","Nova Scotia","2016A000212","Total all classes of electricity producer","Total all types of electricity generation","Megawatt hours","210","units","0","v44174720","4.1.1","862224","","","","0"
"2009-07","Nova Scotia","2016A000212","Total all classes of electricity producer","Hydraulic turbine","Megawatt hours","210","units","0","v44174721","4.1.2","72915","","","","0"
"2009-07","Nova Scotia","2016A000212","Total all classes of electricity producer","Conventional steam turbine","Megawatt hours","210","units","0","v44174722","4.1.3","738049","","","","0"
"2009-07","Nova Scotia","2016A000212","Total all classes of electricity producer","Combustion turbine","Megawatt hours","210","units","0","v44174723","4.1.6","43496","","","","0"
"2009-07","Nova Scotia","2016A000212","Total all classes of electricity producer","Tidal power turbine","Megawatt hours","210","units","0","v44174724","4.1.7","2906","","","","0"
"2009-07","Nova Scotia","2016A000212","Total all classes of electricity producer","Wind power turbine","Megawatt hours","210","units","0","v44174725","4.1.8","4858","","","","0"
"2009-07","Nova Scotia","2016A000212","Electricity producers, electric utilities","Total all types of electricity generation","Megawatt hours","210","units","0","v44174726","4.2.1","853849","","","","0"
"2009-07","Nova Scotia","2016A000212","Electricity producers, electric utilities","Hydraulic turbine","Megawatt hours","210","units","0","v44174727","4.2.2","69571","","","","0"
"2009-07","Nova Scotia","2016A000212","Electricity producers, electric utilities","Conventional steam turbine","Megawatt hours","210","units","0","v44174728","4.2.3","733018","","","","0"
"2009-07","Nova Scotia","2016A000212","Electricity producers, electric utilities","Combustion turbine","Megawatt hours","210","units","0","v44174729","4.2.6","43496","","","","0"
"2009-07","Nova Scotia","2016A000212","Electricity producers, electric utilities","Tidal power turbine","Megawatt hours","210","units","0","v44174730","4.2.7","2906","","","","0"
"2009-07","Nova Scotia","2016A000212","Electricity producers, electric utilities","Wind power turbine","Megawatt hours","210","units","0","v44174731","4.2.8","4858","","","","0"
"2009-07","Nova Scotia","2016A000212","Electricity producers, industries","Total all types of electricity generation","Megawatt hours","210","units","0","v44174732","4.3.1","8375","","","","0"
"2009-07","Nova Scotia","2016A000212","Electricity producers, industries","Hydraulic turbine","Megawatt hours","210","units","0","v44174733","4.3.2","3344","","","","0"
"2009-07","Nova Scotia","2016A000212","Electricity producers, industries","Conventional steam turbine","Megawatt hours","210","units","0","v44174734","4.3.3","5031","","","","0"
"2009-07","Nova Scotia","2016A000212","Electricity producers, industries","Wind power turbine","Megawatt hours","210","units","0","v62460553","4.3.8","","..","","","0"
"2009-08","Nova Scotia","2016A000212","Total all classes of electricity producer","Total all types of electricity generation","Megawatt hours","210","units","0","v44174720","4.1.1","862574","","","","0"
"2009-08","Nova Scotia","2016A000212","Total all classes of electricity producer","Hydraulic turbine","Megawatt hours","210","units","0","v44174721","4.1.2","63581","","","","0"
"2009-08","Nova Scotia","2016A000212","Total all classes of electricity producer","Conventional steam turbine","Megawatt hours","210","units","0","v44174722","4.1.3","758825","","","","0"
"2009-08","Nova Scotia","2016A000212","Total all classes of electricity producer","Combustion turbine","Megawatt hours","210","units","0","v44174723","4.1.6","33194","","","","0"
"2009-08","Nova Scotia","2016A000212","Total all classes of electricity producer","Tidal power turbine","Megawatt hours","210","units","0","v44174724","4.1.7","2280","","","","0"
"2009-08","Nova Scotia","2016A000212","Total all classes of electricity producer","Wind power turbine","Megawatt hours","210","units","0","v44174725","4.1.8","4694","","","","0"
"2009-08","Nova Scotia","2016A000212","Electricity producers, electric utilities","Total all types of electricity generation","Megawatt hours","210","units","0","v44174726","4.2.1","842441","","","","0"
"2009-08","Nova Scotia","2016A000212","Electricity producers, electric utilities","Hydraulic turbine","Megawatt hours","210","units","0","v44174727","4.2.2","60956","","","","0"
"2009-08","Nova Scotia","2016A000212","Electricity producers, electric utilities","Conventional steam turbine","Megawatt hours","210","units","0","v44174728","4.2.3","741317","","","","0"
"2009-08","Nova Scotia","2016A000212","Electricity producers, electric utilities","Combustion turbine","Megawatt hours","210","units","0","v44174729","4.2.6","33194","","","","0"
"2009-08","Nova Scotia","2016A000212","Electricity producers, electric utilities","Tidal power turbine","Megawatt hours","210","units","0","v44174730","4.2.7","2280","","","","0"
"2009-08","Nova Scotia","2016A000212","Electricity producers, electric utilities","Wind power turbine","Megawatt hours","210","units","0","v44174731","4.2.8","4694","","","","0"
"2009-08","Nova Scotia","2016A000212","Electricity producers, industries","Total all types of electricity generation","Megawatt hours","210","units","0","v44174732","4.3.1","20133","","","","0"
"2009-08","Nova Scotia","2016A000212","Electricity producers, industries","Hydraulic turbine","Megawatt hours","210","units","0","v44174733","4.3.2","2625","","","","0"
"2009-08","Nova Scotia","2016A000212","Electricity producers, industries","Conventional steam turbine","Megawatt hours","210","units","0","v44174734","4.3.3","17508","","","","0"
"2009-08","Nova Scotia","2016A000212","Electricity producers, industries","Wind power turbine","Megawatt hours","210","units","0","v62460553","4.3.8","","..","","","0"
"2009-09","Nova Scotia","2016A000212","Total all classes of electricity producer","Total all types of electricity generation","Megawatt hours","210","units","0","v44174720","4.1.1","759802","","","","0"
"2009-09","Nova Scotia","2016A000212","Total all classes of electricity producer","Hydraulic turbine","Megawatt hours","210","units","0","v44174721","4.1.2","47910","","","","0"
"2009-09","Nova Scotia","2016A000212","Total all classes of electricity producer","Conventional steam turbine","Megawatt hours","210","units","0","v44174722","4.1.3","663839","","","","0"
"2009-09","Nova Scotia","2016A000212","Total all classes of electricity producer","Combustion turbine","Megawatt hours","210","units","0","v44174723","4.1.6","39776","","","","0"
"2009-09","Nova Scotia","2016A000212","Total all classes of electricity producer","Tidal power turbine","Megawatt hours","210","units","0","v44174724","4.1.7","2544","","","","0"
"2009-09","Nova Scotia","2016A000212","Total all classes of electricity producer","Wind power turbine","Megawatt hours","210","units","0","v44174725","4.1.8","5733","","","","0"
"2009-09","Nova Scotia","2016A000212","Electricity producers, electric utilities","Total all types of electricity generation","Megawatt hours","210","units","0","v44174726","4.2.1","741314","","","","0"
"2009-09","Nova Scotia","2016A000212","Electricity producers, electric utilities","Hydraulic turbine","Megawatt hours","210","units","0","v44174727","4.2.2","45902","","","","0"
"2009-09","Nova Scotia","2016A000212","Electricity producers, electric utilities","Conventional steam turbine","Megawatt hours","210","units","0","v44174728","4.2.3","647359","","","","0"
"2009-09","Nova Scotia","2016A000212","Electricity producers, electric utilities","Combustion turbine","Megawatt hours","210","units","0","v44174729","4.2.6","39776","","","","0"
"2009-09","Nova Scotia","2016A000212","Electricity producers, electric utilities","Tidal power turbine","Megawatt hours","210","units","0","v44174730","4.2.7","2544","","","","0"
"2009-09","Nova Scotia","2016A000212","Electricity producers, electric utilities","Wind power turbine","Megawatt hours","210","units","0","v44174731","4.2.8","5733","","","","0"
"2009-09","Nova Scotia","2016A000212","Electricity producers, industries","Total all types of electricity generation","Megawatt hours","210","units","0","v44174732","4.3.1","18488","","","","0"
"2009-09","Nova Scotia","2016A000212","Electricity producers, industries","Hydraulic turbine","Megawatt hours","210","units","0","v44174733","4.3.2","2008","","","","0"
"2009-09","Nova Scotia","2016A000212","Electricity producers, industries","Conventional steam turbine","Megawatt hours","210","units","0","v44174734","4.3.3","16480","","","","0"
"2009-09","Nova Scotia","2016A000212","Electricity producers, industries","Wind power turbine","Megawatt hours","210","units","0","v62460553","4.3.8","","..","","","0"
"2009-10","Nova Scotia","2016A000212","Total all classes of electricity producer","Total all types of electricity generation","Megawatt hours","210","units","0","v44174720","4.1.1","918842","","","","0"
"2009-10","Nova Scotia","2016A000212","Total all classes of electricity producer","Hydraulic turbine","Megawatt hours","210","units","0","v44174721","4.1.2","84190","","","","0"
"2009-10","Nova Scotia","2016A000212","Total all classes of electricity producer","Conventional steam turbine","Megawatt hours","210","units","0","v44174722","4.1.3","771979","","","","0"
"2009-10","Nova Scotia","2016A000212","Total all classes of electricity producer","Combustion turbine","Megawatt hours","210","units","0","v44174723","4.1.6","50950","","","","0"
"2009-10","Nova Scotia","2016A000212","Total all classes of electricity producer","Tidal power turbine","Megawatt hours","210","units","0","v44174724","4.1.7","2492","","","","0"
"2009-10","Nova Scotia","2016A000212","Total all classes of electricity producer","Wind power turbine","Megawatt hours","210","units","0","v44174725","4.1.8","9231","","","","0"
"2009-10","Nova Scotia","2016A000212","Electricity producers, electric utilities","Total all types of electricity generation","Megawatt hours","210","units","0","v44174726","4.2.1","906028","","","","0"
"2009-10","Nova Scotia","2016A000212","Electricity producers, electric utilities","Hydraulic turbine","Megawatt hours","210","units","0","v44174727","4.2.2","84171","","","","0"
"2009-10","Nova Scotia","2016A000212","Electricity producers, electric utilities","Conventional steam turbine","Megawatt hours","210","units","0","v44174728","4.2.3","759184","","","","0"
"2009-10","Nova Scotia","2016A000212","Electricity producers, electric utilities","Combustion turbine","Megawatt hours","210","units","0","v44174729","4.2.6","50950","","","","0"
"2009-10","Nova Scotia","2016A000212","Electricity producers, electric utilities","Tidal power turbine","Megawatt hours","210","units","0","v44174730","4.2.7","2492","","","","0"
"2009-10","Nova Scotia","2016A000212","Electricity producers, electric utilities","Wind power turbine","Megawatt hours","210","units","0","v44174731","4.2.8","9231","","","","0"
"2009-10","Nova Scotia","2016A000212","Electricity producers, industries","Total all types of electricity generation","Megawatt hours","210","units","0","v44174732","4.3.1","12814","","","","0"
"2009-10","Nova Scotia","2016A000212","Electricity producers, industries","Hydraulic turbine","Megawatt hours","210","units","0","v44174733","4.3.2","19","","","","0"
"2009-10","Nova Scotia","2016A000212","Electricity producers, industries","Conventional steam turbine","Megawatt hours","210","units","0","v44174734","4.3.3","12795","","","","0"
"2009-10","Nova Scotia","2016A000212","Electricity producers, industries","Wind power turbine","Megawatt hours","210","units","0","v62460553","4.3.8","","..","","","0"
"2009-11","Nova Scotia","2016A000212","Total all classes of electricity producer","Total all types of electricity generation","Megawatt hours","210","units","0","v44174720","4.1.1","937267","","","","0"
"2009-11","Nova Scotia","2016A000212","Total all classes of electricity producer","Hydraulic turbine","Megawatt hours","210","units","0","v44174721","4.1.2","84172","","","","0"
"2009-11","Nova Scotia","2016A000212","Total all classes of electricity producer","Conventional steam turbine","Megawatt hours","210","units","0","v44174722","4.1.3","781983","","","","0"
"2009-11","Nova Scotia","2016A000212","Total all classes of electricity producer","Combustion turbine","Megawatt hours","210","units","0","v44174723","4.1.6","57486","","","","0"
"2009-11","Nova Scotia","2016A000212","Total all classes of electricity producer","Tidal power turbine","Megawatt hours","210","units","0","v44174724","4.1.7","2659","","","","0"
"2009-11","Nova Scotia","2016A000212","Total all classes of electricity producer","Wind power turbine","Megawatt hours","210","units","0","v44174725","4.1.8","10967","","","","0"
"2009-11","Nova Scotia","2016A000212","Electricity producers, electric utilities","Total all types of electricity generation","Megawatt hours","210","units","0","v44174726","4.2.1","917914","","","","0"
"2009-11","Nova Scotia","2016A000212","Electricity producers, electric utilities","Hydraulic turbine","Megawatt hours","210","units","0","v44174727","4.2.2","82564","","","","0"
"2009-11","Nova Scotia","2016A000212","Electricity producers, electric utilities","Conventional steam turbine","Megawatt hours","210","units","0","v44174728","4.2.3","764238","","","","0"
"2009-11","Nova Scotia","2016A000212","Electricity producers, electric utilities","Combustion turbine","Megawatt hours","210","units","0","v44174729","4.2.6","57486","","","","0"
"2009-11","Nova Scotia","2016A000212","Electricity producers, electric utilities","Tidal power turbine","Megawatt hours","210","units","0","v44174730","4.2.7","2659","","","","0"
"2009-11","Nova Scotia","2016A000212","Electricity producers, electric utilities","Wind power turbine","Megawatt hours","210","units","0","v44174731","4.2.8","10967","","","","0"
"2009-11","Nova Scotia","2016A000212","Electricity producers, industries","Total all types of electricity generation","Megawatt hours","210","units","0","v44174732","4.3.1","19353","","","","0"
"2009-11","Nova Scotia","2016A000212","Electricity producers, industries","Hydraulic turbine","Megawatt hours","210","units","0","v44174733","4.3.2","1608","","","","0"
"2009-11","Nova Scotia","2016A000212","Electricity producers, industries","Conventional steam turbine","Megawatt hours","210","units","0","v44174734","4.3.3","17745","","","","0"
"2009-11","Nova Scotia","2016A000212","Electricity producers, industries","Wind power turbine","Megawatt hours","210","units","0","v62460553","4.3.8","","..","","","0"
"2009-12","Nova Scotia","2016A000212","Total all classes of electricity producer","Total all types of electricity generation","Megawatt hours","210","units","0","v44174720","4.1.1","1166828","","","","0"
"2009-12","Nova Scotia","2016A000212","Total all classes of electricity producer","Hydraulic turbine","Megawatt hours","210","units","0","v44174721","4.1.2","109492","","","","0"
"2009-12","Nova Scotia","2016A000212","Total all classes of electricity producer","Conventional steam turbine","Megawatt hours","210","units","0","v44174722","4.1.3","996485","","","","0"
"2009-12","Nova Scotia","2016A000212","Total all classes of electricity producer","Combustion turbine","Megawatt hours","210","units","0","v44174723","4.1.6","45466","","","","0"
"2009-12","Nova Scotia","2016A000212","Total all classes of electricity producer","Tidal power turbine","Megawatt hours","210","units","0","v44174724","4.1.7","2442","","","","0"
"2009-12","Nova Scotia","2016A000212","Total all classes of electricity producer","Wind power turbine","Megawatt hours","210","units","0","v44174725","4.1.8","12943","","","","0"
"2009-12","Nova Scotia","2016A000212","Electricity producers, electric utilities","Total all types of electricity generation","Megawatt hours","210","units","0","v44174726","4.2.1","1145134","","","","0"
"2009-12","Nova Scotia","2016A000212","Electricity producers, electric utilities","Hydraulic turbine","Megawatt hours","210","units","0","v44174727","4.2.2","106201","","","","0"
"2009-12","Nova Scotia","2016A000212","Electricity producers, electric utilities","Conventional steam turbine","Megawatt hours","210","units","0","v44174728","4.2.3","978082","","","","0"
"2009-12","Nova Scotia","2016A000212","Electricity producers, electric utilities","Combustion turbine","Megawatt hours","210","units","0","v44174729","4.2.6","45466","","","","0"
"2009-12","Nova Scotia","2016A000212","Electricity producers, electric utilities","Tidal power turbine","Megawatt hours","210","units","0","v44174730","4.2.7","2442","","","","0"
"2009-12","Nova Scotia","2016A000212","Electricity producers, electric utilities","Wind power turbine","Megawatt hours","210","units","0","v44174731","4.2.8","12943","","","","0"
"2009-12","Nova Scotia","2016A000212","Electricity producers, industries","Total all types of electricity generation","Megawatt hours","210","units","0","v44174732","4.3.1","21694","","","","0"
"2009-12","Nova Scotia","2016A000212","Electricity producers, industries","Hydraulic turbine","Megawatt hours","210","units","0","v44174733","4.3.2","3291","","","","0"
"2009-12","Nova Scotia","2016A000212","Electricity producers, industries","Conventional steam turbine","Megawatt hours","210","units","0","v44174734","4.3.3","18403","","","","0"
"2009-12","Nova Scotia","2016A000212","Electricity producers, industries","Wind power turbine","Megawatt hours","210","units","0","v62460553","4.3.8","","..","","","0"
"2010-01","Nova Scotia","2016A000212","Total all classes of electricity producer","Total all types of electricity generation","Megawatt hours","210","units","0","v44174720","4.1.1","1218426","","","","0"
"2010-01","Nova Scotia","2016A000212","Total all classes of electricity producer","Hydraulic turbine","Megawatt hours","210","units","0","v44174721","4.1.2","111235","","","","0"
"2010-01","Nova Scotia","2016A000212","Total all classes of electricity producer","Conventional steam turbine","Megawatt hours","210","units","0","v44174722","4.1.3","1053703","","","","0"
"2010-01","Nova Scotia","2016A000212","Total all classes of electricity producer","Combustion turbine","Megawatt hours","210","units","0","v44174723","4.1.6","42670","","","","0"
"2010-01","Nova Scotia","2016A000212","Total all classes of electricity producer","Tidal power turbine","Megawatt hours","210","units","0","v44174724","4.1.7","1696","","","","0"
"2010-01","Nova Scotia","2016A000212","Total all classes of electricity producer","Wind power turbine","Megawatt hours","210","units","0","v44174725","4.1.8","9122","","","","0"
"2010-01","Nova Scotia","2016A000212","Electricity producers, electric utilities","Total all types of electricity generation","Megawatt hours","210","units","0","v44174726","4.2.1","1196295","","","","0"
"2010-01","Nova Scotia","2016A000212","Electricity producers, electric utilities","Hydraulic turbine","Megawatt hours","210","units","0","v44174727","4.2.2","107504","","","","0"
"2010-01","Nova Scotia","2016A000212","Electricity producers, electric utilities","Conventional steam turbine","Megawatt hours","210","units","0","v44174728","4.2.3","1035303","","","","0"
"2010-01","Nova Scotia","2016A000212","Electricity producers, electric utilities","Combustion turbine","Megawatt hours","210","units","0","v44174729","4.2.6","42670","","","","0"
"2010-01","Nova Scotia","2016A000212","Electricity producers, electric utilities","Tidal power turbine","Megawatt hours","210","units","0","v44174730","4.2.7","1696","","","","0"
"2010-01","Nova Scotia","2016A000212","Electricity producers, electric utilities","Wind power turbine","Megawatt hours","210","units","0","v44174731","4.2.8","9122","","","","0"
"2010-01","Nova Scotia","2016A000212","Electricity producers, industries","Total all types of electricity generation","Megawatt hours","210","units","0","v44174732","4.3.1","22131","","","","0"
"2010-01","Nova Scotia","2016A000212","Electricity producers, industries","Hydraulic turbine","Megawatt hours","210","units","0","v44174733","4.3.2","3731","","","","0"
"2010-01","Nova Scotia","2016A000212","Electricity producers, industries","Conventional steam turbine","Megawatt hours","210","units","0","v44174734","4.3.3","18400","","","","0"
"2010-01","Nova Scotia","2016A000212","Electricity producers, industries","Wind power turbine","Megawatt hours","210","units","0","v62460553","4.3.8","","..","","","0"
"2010-02","Nova Scotia","2016A000212","Total all classes of electricity producer","Total all types of electricity generation","Megawatt hours","210","units","0","v44174720","4.1.1","1069071","","","","0"
"2010-02","Nova Scotia","2016A000212","Total all classes of electricity producer","Hydraulic turbine","Megawatt hours","210","units","0","v44174721","4.1.2","85928","","","","0"
"2010-02","Nova Scotia","2016A000212","Total all classes of electricity producer","Conventional steam turbine","Megawatt hours","210","units","0","v44174722","4.1.3","931120","","","","0"
"2010-02","Nova Scotia","2016A000212","Total all classes of electricity producer","Combustion turbine","Megawatt hours","210","units","0","v44174723","4.1.6","40042","","","","0"
"2010-02","Nova Scotia","2016A000212","Total all classes of electricity producer","Tidal power turbine","Megawatt hours","210","units","0","v44174724","4.1.7","2015","","","","0"
"2010-02","Nova Scotia","2016A000212","Total all classes of electricity producer","Wind power turbine","Megawatt hours","210","units","0","v44174725","4.1.8","9966","","","","0"
"2010-02","Nova Scotia","2016A000212","Electricity producers, electric utilities","Total all types of electricity generation","Megawatt hours","210","units","0","v44174726","4.2.1","1048961","","","","0"
"2010-02","Nova Scotia","2016A000212","Electricity producers, electric utilities","Hydraulic turbine","Megawatt hours","210","units","0","v44174727","4.2.2","82548","","","","0"
"2010-02","Nova Scotia","2016A000212","Electricity producers, electric utilities","Conventional steam turbine","Megawatt hours","210","units","0","v44174728","4.2.3","914390","","","","0"
"2010-02","Nova Scotia","2016A000212","Electricity producers, electric utilities","Combustion turbine","Megawatt hours","210","units","0","v44174729","4.2.6","40042","","","","0"
"2010-02","Nova Scotia","2016A000212","Electricity producers, electric utilities","Tidal power turbine","Megawatt hours","210","units","0","v44174730","4.2.7","2015","","","","0"
"2010-02","Nova Scotia","2016A000212","Electricity producers, electric utilities","Wind power turbine","Megawatt hours","210","units","0","v44174731","4.2.8","9966","","","","0"
"2010-02","Nova Scotia","2016A000212","Electricity producers, industries","Total all types of electricity generation","Megawatt hours","210","units","0","v44174732","4.3.1","20110","","","","0"
"2010-02","Nova Scotia","2016A000212","Electricity producers, industries","Hydraulic turbine","Megawatt hours","210","units","0","v44174733","4.3.2","3380","","","","0"
"2010-02","Nova Scotia","2016A000212","Electricity producers, industries","Conventional steam turbine","Megawatt hours","210","units","0","v44174734","4.3.3","16730","","","","0"
"2010-02","Nova Scotia","2016A000212","Electricity producers, industries","Wind power turbine","Megawatt hours","210","units","0","v62460553","4.3.8","","..","","","0"
"2010-03","Nova Scotia","2016A000212","Total all classes of electricity producer","Total all types of electricity generation","Megawatt hours","210","units","0","v44174720","4.1.1","1080096","","","","0"
"2010-03","Nova Scotia","2016A000212","Total all classes of electricity producer","Hydraulic turbine","Megawatt hours","210","units","0","v44174721","4.1.2","93488","","","","0"
"2010-03","Nova Scotia","2016A000212","Total all classes of electricity producer","Conventional steam turbine","Megawatt hours","210","units","0","v44174722","4.1.3","941411","","","","0"
"2010-03","Nova Scotia","2016A000212","Total all classes of electricity producer","Combustion turbine","Megawatt hours","210","units","0","v44174723","4.1.6","31600","","","","0"
"2010-03","Nova Scotia","2016A000212","Total all classes of electricity producer","Tidal power turbine","Megawatt hours","210","units","0","v44174724","4.1.7","2547","","","","0"
"2010-03","Nova Scotia","2016A000212","Total all classes of electricity producer","Wind power turbine","Megawatt hours","210","units","0","v44174725","4.1.8","11050","","","","0"
"2010-03","Nova Scotia","2016A000212","Electricity producers, electric utilities","Total all types of electricity generation","Megawatt hours","210","units","0","v44174726","4.2.1","1056779","","","","0"
"2010-03","Nova Scotia","2016A000212","Electricity producers, electric utilities","Hydraulic turbine","Megawatt hours","210","units","0","v44174727","4.2.2","89781","","","","0"
"2010-03","Nova Scotia","2016A000212","Electricity producers, electric utilities","Conventional steam turbine","Megawatt hours","210","units","0","v44174728","4.2.3","921801","","","","0"
"2010-03","Nova Scotia","2016A000212","Electricity producers, electric utilities","Combustion turbine","Megawatt hours","210","units","0","v44174729","4.2.6","31600","","","","0"
"2010-03","Nova Scotia","2016A000212","Electricity producers, electric utilities","Tidal power turbine","Megawatt hours","210","units","0","v44174730","4.2.7","2547","","","","0"
"2010-03","Nova Scotia","2016A000212","Electricity producers, electric utilities","Wind power turbine","Megawatt hours","210","units","0","v44174731","4.2.8","11050","","","","0"
"2010-03","Nova Scotia","2016A000212","Electricity producers, industries","Total all types of electricity generation","Megawatt hours","210","units","0","v44174732","4.3.1","23317","","","","0"
"2010-03","Nova Scotia","2016A000212","Electricity producers, industries","Hydraulic turbine","Megawatt hours","210","units","0","v44174733","4.3.2","3707","","","","0"
"2010-03","Nova Scotia","2016A000212","Electricity producers, industries","Conventional steam turbine","Megawatt hours","210","units","0","v44174734","4.3.3","19610","","","","0"
"2010-03","Nova Scotia","2016A000212","Electricity producers, industries","Wind power turbine","Megawatt hours","210","units","0","v62460553","4.3.8","","..","","","0"
"2010-04","Nova Scotia","2016A000212","Total all classes of electricity producer","Total all types of electricity generation","Megawatt hours","210","units","0","v44174720","4.1.1","812409","","","","0"
"2010-04","Nova Scotia","2016A000212","Total all classes of electricity producer","Hydraulic turbine","Megawatt hours","210","units","0","v44174721","4.1.2","97370","","","","0"
"2010-04","Nova Scotia","2016A000212","Total all classes of electricity producer","Conventional steam turbine","Megawatt hours","210","units","0","v44174722","4.1.3","676485","","","","0"
"2010-04","Nova Scotia","2016A000212","Total all classes of electricity producer","Combustion turbine","Megawatt hours","210","units","0","v44174723","4.1.6","31676","","","","0"
"2010-04","Nova Scotia","2016A000212","Total all classes of electricity producer","Tidal power turbine","Megawatt hours","210","units","0","v44174724","4.1.7","2412","","","","0"
"2010-04","Nova Scotia","2016A000212","Total all classes of electricity producer","Wind power turbine","Megawatt hours","210","units","0","v44174725","4.1.8","4466","","","","0"
"2010-04","Nova Scotia","2016A000212","Electricity producers, electric utilities","Total all types of electricity generation","Megawatt hours","210","units","0","v44174726","4.2.1","794259","","","","0"
"2010-04","Nova Scotia","2016A000212","Electricity producers, electric utilities","Hydraulic turbine","Megawatt hours","210","units","0","v44174727","4.2.2","93885","","","","0"
"2010-04","Nova Scotia","2016A000212","Electricity producers, electric utilities","Conventional steam turbine","Megawatt hours","210","units","0","v44174728","4.2.3","661820","","","","0"
"2010-04","Nova Scotia","2016A000212","Electricity producers, electric utilities","Combustion turbine","Megawatt hours","210","units","0","v44174729","4.2.6","31676","","","","0"
"2010-04","Nova Scotia","2016A000212","Electricity producers, electric utilities","Tidal power turbine","Megawatt hours","210","units","0","v44174730","4.2.7","2412","","","","0"
"2010-04","Nova Scotia","2016A000212","Electricity producers, electric utilities","Wind power turbine","Megawatt hours","210","units","0","v44174731","4.2.8","4466","","","","0"
"2010-04","Nova Scotia","2016A000212","Electricity producers, industries","Total all types of electricity generation","Megawatt hours","210","units","0","v44174732","4.3.1","18150","","","","0"
"2010-04","Nova Scotia","2016A000212","Electricity producers, industries","Hydraulic turbine","Megawatt hours","210","units","0","v44174733","4.3.2","3485","","","","0"
"2010-04","Nova Scotia","2016A000212","Electricity producers, industries","Conventional steam turbine","Megawatt hours","210","units","0","v44174734","4.3.3","14665","","","","0"
"2010-04","Nova Scotia","2016A000212","Electricity producers, industries","Wind power turbine","Megawatt hours","210","units","0","v62460553","4.3.8","","..","","","0"
"2010-05","Nova Scotia","2016A000212","Total all classes of electricity producer","Total all types of electricity generation","Megawatt hours","210","units","0","v44174720","4.1.1","892489","","","","0"
"2010-05","Nova Scotia","2016A000212","Total all classes of electricity producer","Hydraulic turbine","Megawatt hours","210","units","0","v44174721","4.1.2","72743","","","","0"
"2010-05","Nova Scotia","2016A000212","Total all classes of electricity producer","Conventional steam turbine","Megawatt hours","210","units","0","v44174722","4.1.3","766076","","","","0"
"2010-05","Nova Scotia","2016A000212","Total all classes of electricity producer","Combustion turbine","Megawatt hours","210","units","0","v44174723","4.1.6","42774","","","","0"
"2010-05","Nova Scotia","2016A000212","Total all classes of electricity producer","Tidal power turbine","Megawatt hours","210","units","0","v44174724","4.1.7","2695","","","","0"
"2010-05","Nova Scotia","2016A000212","Total all classes of electricity producer","Wind power turbine","Megawatt hours","210","units","0","v44174725","4.1.8","8201","","","","0"
"2010-05","Nova Scotia","2016A000212","Electricity producers, electric utilities","Total all types of electricity generation","Megawatt hours","210","units","0","v44174726","4.2.1","879071","","","","0"
"2010-05","Nova Scotia","2016A000212","Electricity producers, electric utilities","Hydraulic turbine","Megawatt hours","210","units","0","v44174727","4.2.2","70900","","","","0"
"2010-05","Nova Scotia","2016A000212","Electricity producers, electric utilities","Conventional steam turbine","Megawatt hours","210","units","0","v44174728","4.2.3","754501","","","","0"
"2010-05","Nova Scotia","2016A000212","Electricity producers, electric utilities","Combustion turbine","Megawatt hours","210","units","0","v44174729","4.2.6","42774","","","","0"
"2010-05","Nova Scotia","2016A000212","Electricity producers, electric utilities","Tidal power turbine","Megawatt hours","210","units","0","v44174730","4.2.7","2695","","","","0"
"2010-05","Nova Scotia","2016A000212","Electricity producers, electric utilities","Wind power turbine","Megawatt hours","210","units","0","v44174731","4.2.8","8201","","","","0"
"2010-05","Nova Scotia","2016A000212","Electricity producers, industries","Total all types of electricity generation","Megawatt hours","210","units","0","v44174732","4.3.1","13418","","","","0"
"2010-05","Nova Scotia","2016A000212","Electricity producers, industries","Hydraulic turbine","Megawatt hours","210","units","0","v44174733","4.3.2","1843","","","","0"
"2010-05","Nova Scotia","2016A000212","Electricity producers, industries","Conventional steam turbine","Megawatt hours","210","units","0","v44174734","4.3.3","11575","","","","0"
"2010-05","Nova Scotia","2016A000212","Electricity producers, industries","Wind power turbine","Megawatt hours","210","units","0","v62460553","4.3.8","","..","","","0"
"2010-06","Nova Scotia","2016A000212","Total all classes of electricity producer","Total all types of electricity generation","Megawatt hours","210","units","0","v44174720","4.1.1","874278","","","","0"
"2010-06","Nova Scotia","2016A000212","Total all classes of electricity producer","Hydraulic turbine","Megawatt hours","210","units","0","v44174721","4.1.2","67570","","","","0"
"2010-06","Nova Scotia","2016A000212","Total all classes of electricity producer","Conventional steam turbine","Megawatt hours","210","units","0","v44174722","4.1.3","765238","","","","0"
"2010-06","Nova Scotia","2016A000212","Total all classes of electricity producer","Combustion turbine","Megawatt hours","210","units","0","v44174723","4.1.6","33517","","","","0"
"2010-06","Nova Scotia","2016A000212","Total all classes of electricity producer","Tidal power turbine","Megawatt hours","210","units","0","v44174724","4.1.7","2503","","","","0"
"2010-06","Nova Scotia","2016A000212","Total all classes of electricity producer","Wind power turbine","Megawatt hours","210","units","0","v44174725","4.1.8","5450","","","","0"
"2010-06","Nova Scotia","2016A000212","Electricity producers, electric utilities","Total all types of electricity generation","Megawatt hours","210","units","0","v44174726","4.2.1","852687","","","","0"
"2010-06","Nova Scotia","2016A000212","Electricity producers, electric utilities","Hydraulic turbine","Megawatt hours","210","units","0","v44174727","4.2.2","64172","","","","0"
"2010-06","Nova Scotia","2016A000212","Electricity producers, electric utilities","Conventional steam turbine","Megawatt hours","210","units","0","v44174728","4.2.3","747045","","","","0"
"2010-06","Nova Scotia","2016A000212","Electricity producers, electric utilities","Combustion turbine","Megawatt hours","210","units","0","v44174729","4.2.6","33517","","","","0"
"2010-06","Nova Scotia","2016A000212","Electricity producers, electric utilities","Tidal power turbine","Megawatt hours","210","units","0","v44174730","4.2.7","2503","","","","0"
"2010-06","Nova Scotia","2016A000212","Electricity producers, electric utilities","Wind power turbine","Megawatt hours","210","units","0","v44174731","4.2.8","5450","","","","0"
"2010-06","Nova Scotia","2016A000212","Electricity producers, industries","Total all types of electricity generation","Megawatt hours","210","units","0","v44174732","4.3.1","21591","","","","0"
"2010-06","Nova Scotia","2016A000212","Electricity producers, industries","Hydraulic turbine","Megawatt hours","210","units","0","v44174733","4.3.2","3398","","","","0"
"2010-06","Nova Scotia","2016A000212","Electricity producers, industries","Conventional steam turbine","Megawatt hours","210","units","0","v44174734","4.3.3","18193","","","","0"
"2010-06","Nova Scotia","2016A000212","Electricity producers, industries","Wind power turbine","Megawatt hours","210","units","0","v62460553","4.3.8","","..","","","0"
"2010-07","Nova Scotia","2016A000212","Total all classes of electricity producer","Total all types of electricity generation","Megawatt hours","210","units","0","v44174720","4.1.1","948846","","","","0"
"2010-07","Nova Scotia","2016A000212","Total all classes of electricity producer","Hydraulic turbine","Megawatt hours","210","units","0","v44174721","4.1.2","55570","","","","0"
"2010-07","Nova Scotia","2016A000212","Total all classes of electricity producer","Conventional steam turbine","Megawatt hours","210","units","0","v44174722","4.1.3","868896","","","","0"
"2010-07","Nova Scotia","2016A000212","Total all classes of electricity producer","Combustion turbine","Megawatt hours","210","units","0","v44174723","4.1.6","16029","","","","0"
"2010-07","Nova Scotia","2016A000212","Total all classes of electricity producer","Tidal power turbine","Megawatt hours","210","units","0","v44174724","4.1.7","2472","","","","0"
"2010-07","Nova Scotia","2016A000212","Total all classes of electricity producer","Wind power turbine","Megawatt hours","210","units","0","v44174725","4.1.8","5879","","","","0"
"2010-07","Nova Scotia","2016A000212","Electricity producers, electric utilities","Total all types of electricity generation","Megawatt hours","210","units","0","v44174726","4.2.1","928069","","","","0"
"2010-07","Nova Scotia","2016A000212","Electricity producers, electric utilities","Hydraulic turbine","Megawatt hours","210","units","0","v44174727","4.2.2","52231","","","","0"
"2010-07","Nova Scotia","2016A000212","Electricity producers, electric utilities","Conventional steam turbine","Megawatt hours","210","units","0","v44174728","4.2.3","851458","","","","0"
"2010-07","Nova Scotia","2016A000212","Electricity producers, electric utilities","Combustion turbine","Megawatt hours","210","units","0","v44174729","4.2.6","16029","","","","0"
"2010-07","Nova Scotia","2016A000212","Electricity producers, electric utilities","Tidal power turbine","Megawatt hours","210","units","0","v44174730","4.2.7","2472","","","","0"
"2010-07","Nova Scotia","2016A000212","Electricity producers, electric utilities","Wind power turbine","Megawatt hours","210","units","0","v44174731","4.2.8","5879","","","","0"
"2010-07","Nova Scotia","2016A000212","Electricity producers, industries","Total all types of electricity generation","Megawatt hours","210","units","0","v44174732","4.3.1","20777","","","","0"
"2010-07","Nova Scotia","2016A000212","Electricity producers, industries","Hydraulic turbine","Megawatt hours","210","units","0","v44174733","4.3.2","3339","","","","0"
"2010-07","Nova Scotia","2016A000212","Electricity producers, industries","Conventional steam turbine","Megawatt hours","210","units","0","v44174734","4.3.3","17438","","","","0"
"2010-07","Nova Scotia","2016A000212","Electricity producers, industries","Wind power turbine","Megawatt hours","210","units","0","v62460553","4.3.8","","..","","","0"
"2010-08","Nova Scotia","2016A000212","Total all classes of electricity producer","Total all types of electricity generation","Megawatt hours","210","units","0","v44174720","4.1.1","946190","","","","0"
"2010-08","Nova Scotia","2016A000212","Total all classes of electricity producer","Hydraulic turbine","Megawatt hours","210","units","0","v44174721","4.1.2","47359","","","","0"
"2010-08","Nova Scotia","2016A000212","Total all classes of electricity producer","Conventional steam turbine","Megawatt hours","210","units","0","v44174722","4.1.3","873995","","","","0"
"2010-08","Nova Scotia","2016A000212","Total all classes of electricity producer","Combustion turbine","Megawatt hours","210","units","0","v44174723","4.1.6","15771","","","","0"
"2010-08","Nova Scotia","2016A000212","Total all classes of electricity producer","Tidal power turbine","Megawatt hours","210","units","0","v44174724","4.1.7","2636","","","","0"
"2010-08","Nova Scotia","2016A000212","Total all classes of electricity producer","Wind power turbine","Megawatt hours","210","units","0","v44174725","4.1.8","6429","","","","0"
"2010-08","Nova Scotia","2016A000212","Electricity producers, electric utilities","Total all types of electricity generation","Megawatt hours","210","units","0","v44174726","4.2.1","926249","","","","0"
"2010-08","Nova Scotia","2016A000212","Electricity producers, electric utilities","Hydraulic turbine","Megawatt hours","210","units","0","v44174727","4.2.2","44208","","","","0"
"2010-08","Nova Scotia","2016A000212","Electricity producers, electric utilities","Conventional steam turbine","Megawatt hours","210","units","0","v44174728","4.2.3","857205","","","","0"
"2010-08","Nova Scotia","2016A000212","Electricity producers, electric utilities","Combustion turbine","Megawatt hours","210","units","0","v44174729","4.2.6","15771","","","","0"
"2010-08","Nova Scotia","2016A000212","Electricity producers, electric utilities","Tidal power turbine","Megawatt hours","210","units","0","v44174730","4.2.7","2636","","","","0"
"2010-08","Nova Scotia","2016A000212","Electricity producers, electric utilities","Wind power turbine","Megawatt hours","210","units","0","v44174731","4.2.8","6429","","","","0"
"2010-08","Nova Scotia","2016A000212","Electricity producers, industries","Total all types of electricity generation","Megawatt hours","210","units","0","v44174732","4.3.1","19941","","","","0"
"2010-08","Nova Scotia","2016A000212","Electricity producers, industries","Hydraulic turbine","Megawatt hours","210","units","0","v44174733","4.3.2","3151","","","","0"
"2010-08","Nova Scotia","2016A000212","Electricity producers, industries","Conventional steam turbine","Megawatt hours","210","units","0","v44174734","4.3.3","16790","","","","0"
"2010-08","Nova Scotia","2016A000212","Electricity producers, industries","Wind power turbine","Megawatt hours","210","units","0","v62460553","4.3.8","","..","","","0"
"2010-09","Nova Scotia","2016A000212","Total all classes of electricity producer","Total all types of electricity generation","Megawatt hours","210","units","0","v44174720","4.1.1","840324","","","","0"
"2010-09","Nova Scotia","2016A000212","Total all classes of electricity producer","Hydraulic turbine","Megawatt hours","210","units","0","v44174721","4.1.2","53426","","","","0"
"2010-09","Nova Scotia","2016A000212","Total all classes of electricity producer","Conventional steam turbine","Megawatt hours","210","units","0","v44174722","4.1.3","744686","","","","0"
"2010-09","Nova Scotia","2016A000212","Total all classes of electricity producer","Combustion turbine","Megawatt hours","210","units","0","v44174723","4.1.6","31929","","","","0"
"2010-09","Nova Scotia","2016A000212","Total all classes of electricity producer","Tidal power turbine","Megawatt hours","210","units","0","v44174724","4.1.7","2480","","","","0"
"2010-09","Nova Scotia","2016A000212","Total all classes of electricity producer","Wind power turbine","Megawatt hours","210","units","0","v44174725","4.1.8","7803","","","","0"
"2010-09","Nova Scotia","2016A000212","Electricity producers, electric utilities","Total all types of electricity generation","Megawatt hours","210","units","0","v44174726","4.2.1","825122","","","","0"
"2010-09","Nova Scotia","2016A000212","Electricity producers, electric utilities","Hydraulic turbine","Megawatt hours","210","units","0","v44174727","4.2.2","50343","","","","0"
"2010-09","Nova Scotia","2016A000212","Electricity producers, electric utilities","Conventional steam turbine","Megawatt hours","210","units","0","v44174728","4.2.3","732567","","","","0"
"2010-09","Nova Scotia","2016A000212","Electricity producers, electric utilities","Combustion turbine","Megawatt hours","210","units","0","v44174729","4.2.6","31929","","","","0"
"2010-09","Nova Scotia","2016A000212","Electricity producers, electric utilities","Tidal power turbine","Megawatt hours","210","units","0","v44174730","4.2.7","2480","","","","0"
"2010-09","Nova Scotia","2016A000212","Electricity producers, electric utilities","Wind power turbine","Megawatt hours","210","units","0","v44174731","4.2.8","7803","","","","0"
"2010-09","Nova Scotia","2016A000212","Electricity producers, industries","Total all types of electricity generation","Megawatt hours","210","units","0","v44174732","4.3.1","15202","","","","0"
"2010-09","Nova Scotia","2016A000212","Electricity producers, industries","Hydraulic turbine","Megawatt hours","210","units","0","v44174733","4.3.2","3083","","","","0"
"2010-09","Nova Scotia","2016A000212","Electricity producers, industries","Conventional steam turbine","Megawatt hours","210","units","0","v44174734","4.3.3","12119","","","","0"
"2010-09","Nova Scotia","2016A000212","Electricity producers, industries","Wind power turbine","Megawatt hours","210","units","0","v62460553","4.3.8","","..","","","0"
"2010-10","Nova Scotia","2016A000212","Total all classes of electricity producer","Total all types of electricity generation","Megawatt hours","210","units","0","v44174720","4.1.1","924752","","","","0"
"2010-10","Nova Scotia","2016A000212","Total all classes of electricity producer","Hydraulic turbine","Megawatt hours","210","units","0","v44174721","4.1.2","58867","","","","0"
"2010-10","Nova Scotia","2016A000212","Total all classes of electricity producer","Conventional steam turbine","Megawatt hours","210","units","0","v44174722","4.1.3","818186","","","","0"
"2010-10","Nova Scotia","2016A000212","Total all classes of electricity producer","Combustion turbine","Megawatt hours","210","units","0","v44174723","4.1.6","30919","","","","0"
"2010-10","Nova Scotia","2016A000212","Total all classes of electricity producer","Tidal power turbine","Megawatt hours","210","units","0","v44174724","4.1.7","2014","","","","0"
"2010-10","Nova Scotia","2016A000212","Total all classes of electricity producer","Wind power turbine","Megawatt hours","210","units","0","v44174725","4.1.8","14766","","","","0"
"2010-10","Nova Scotia","2016A000212","Electricity producers, electric utilities","Total all types of electricity generation","Megawatt hours","210","units","0","v44174726","4.2.1","902939","","","","0"
"2010-10","Nova Scotia","2016A000212","Electricity producers, electric utilities","Hydraulic turbine","Megawatt hours","210","units","0","v44174727","4.2.2","56706","","","","0"
"2010-10","Nova Scotia","2016A000212","Electricity producers, electric utilities","Conventional steam turbine","Megawatt hours","210","units","0","v44174728","4.2.3","798534","","","","0"
"2010-10","Nova Scotia","2016A000212","Electricity producers, electric utilities","Combustion turbine","Megawatt hours","210","units","0","v44174729","4.2.6","30919","","","","0"
"2010-10","Nova Scotia","2016A000212","Electricity producers, electric utilities","Tidal power turbine","Megawatt hours","210","units","0","v44174730","4.2.7","2014","","","","0"
"2010-10","Nova Scotia","2016A000212","Electricity producers, electric utilities","Wind power turbine","Megawatt hours","210","units","0","v44174731","4.2.8","14766","","","","0"
"2010-10","Nova Scotia","2016A000212","Electricity producers, industries","Total all types of electricity generation","Megawatt hours","210","units","0","v44174732","4.3.1","21813","","","","0"
"2010-10","Nova Scotia","2016A000212","Electricity producers, industries","Hydraulic turbine","Megawatt hours","210","units","0","v44174733","4.3.2","2161","","","","0"
"2010-10","Nova Scotia","2016A000212","Electricity producers, industries","Conventional steam turbine","Megawatt hours","210","units","0","v44174734","4.3.3","19652","","","","0"
"2010-10","Nova Scotia","2016A000212","Electricity producers, industries","Wind power turbine","Megawatt hours","210","units","0","v62460553","4.3.8","","..","","","0"
"2010-11","Nova Scotia","2016A000212","Total all classes of electricity producer","Total all types of electricity generation","Megawatt hours","210","units","0","v44174720","4.1.1","983273","","","","0"
"2010-11","Nova Scotia","2016A000212","Total all classes of electricity producer","Hydraulic turbine","Megawatt hours","210","units","0","v44174721","4.1.2","105556","","","","0"
"2010-11","Nova Scotia","2016A000212","Total all classes of electricity producer","Conventional steam turbine","Megawatt hours","210","units","0","v44174722","4.1.3","813552","","","","0"
"2010-11","Nova Scotia","2016A000212","Total all classes of electricity producer","Combustion turbine","Megawatt hours","210","units","0","v44174723","4.1.6","48615","","","","0"
"2010-11","Nova Scotia","2016A000212","Total all classes of electricity producer","Tidal power turbine","Megawatt hours","210","units","0","v44174724","4.1.7","1913","","","","0"
"2010-11","Nova Scotia","2016A000212","Total all classes of electricity producer","Wind power turbine","Megawatt hours","210","units","0","v44174725","4.1.8","13637","","","","0"
"2010-11","Nova Scotia","2016A000212","Electricity producers, electric utilities","Total all types of electricity generation","Megawatt hours","210","units","0","v44174726","4.2.1","961265","","","","0"
"2010-11","Nova Scotia","2016A000212","Electricity producers, electric utilities","Hydraulic turbine","Megawatt hours","210","units","0","v44174727","4.2.2","102746","","","","0"
"2010-11","Nova Scotia","2016A000212","Electricity producers, electric utilities","Conventional steam turbine","Megawatt hours","210","units","0","v44174728","4.2.3","794354","","","","0"
"2010-11","Nova Scotia","2016A000212","Electricity producers, electric utilities","Combustion turbine","Megawatt hours","210","units","0","v44174729","4.2.6","48615","","","","0"
"2010-11","Nova Scotia","2016A000212","Electricity producers, electric utilities","Tidal power turbine","Megawatt hours","210","units","0","v44174730","4.2.7","1913","","","","0"
"2010-11","Nova Scotia","2016A000212","Electricity producers, electric utilities","Wind power turbine","Megawatt hours","210","units","0","v44174731","4.2.8","13637","","","","0"
"2010-11","Nova Scotia","2016A000212","Electricity producers, industries","Total all types of electricity generation","Megawatt hours","210","units","0","v44174732","4.3.1","22008","","","","0"
"2010-11","Nova Scotia","2016A000212","Electricity producers, industries","Hydraulic turbine","Megawatt hours","210","units","0","v44174733","4.3.2","2810","","","","0"
"2010-11","Nova Scotia","2016A000212","Electricity producers, industries","Conventional steam turbine","Megawatt hours","210","units","0","v44174734","4.3.3","19198","","","","0"
"2010-11","Nova Scotia","2016A000212","Electricity producers, industries","Wind power turbine","Megawatt hours","210","units","0","v62460553","4.3.8","","..","","","0"
"2010-12","Nova Scotia","2016A000212","Total all classes of electricity producer","Total all types of electricity generation","Megawatt hours","210","units","0","v44174720","4.1.1","1072740","","","","0"
"2010-12","Nova Scotia","2016A000212","Total all classes of electricity producer","Hydraulic turbine","Megawatt hours","210","units","0","v44174721","4.1.2","152924","","","","0"
"2010-12","Nova Scotia","2016A000212","Total all classes of electricity producer","Conventional steam turbine","Megawatt hours","210","units","0","v44174722","4.1.3","862427","","","","0"
"2010-12","Nova Scotia","2016A000212","Total all classes of electricity producer","Combustion turbine","Megawatt hours","210","units","0","v44174723","4.1.6","27349","","","","0"
"2010-12","Nova Scotia","2016A000212","Total all classes of electricity producer","Tidal power turbine","Megawatt hours","210","units","0","v44174724","4.1.7","2297","","","","0"
"2010-12","Nova Scotia","2016A000212","Total all classes of electricity producer","Wind power turbine","Megawatt hours","210","units","0","v44174725","4.1.8","27743","","","","0"
"2010-12","Nova Scotia","2016A000212","Electricity producers, electric utilities","Total all types of electricity generation","Megawatt hours","210","units","0","v44174726","4.2.1","1049105","","","","0"
"2010-12","Nova Scotia","2016A000212","Electricity producers, electric utilities","Hydraulic turbine","Megawatt hours","210","units","0","v44174727","4.2.2","149707","","","","0"
"2010-12","Nova Scotia","2016A000212","Electricity producers, electric utilities","Conventional steam turbine","Megawatt hours","210","units","0","v44174728","4.2.3","842009","","","","0"
"2010-12","Nova Scotia","2016A000212","Electricity producers, electric utilities","Combustion turbine","Megawatt hours","210","units","0","v44174729","4.2.6","27349","","","","0"
"2010-12","Nova Scotia","2016A000212","Electricity producers, electric utilities","Tidal power turbine","Megawatt hours","210","units","0","v44174730","4.2.7","2297","","","","0"
"2010-12","Nova Scotia","2016A000212","Electricity producers, electric utilities","Wind power turbine","Megawatt hours","210","units","0","v44174731","4.2.8","27743","","","","0"
"2010-12","Nova Scotia","2016A000212","Electricity producers, industries","Total all types of electricity generation","Megawatt hours","210","units","0","v44174732","4.3.1","23635","","","","0"
"2010-12","Nova Scotia","2016A000212","Electricity producers, industries","Hydraulic turbine","Megawatt hours","210","units","0","v44174733","4.3.2","3217","","","","0"
"2010-12","Nova Scotia","2016A000212","Electricity producers, industries","Conventional steam turbine","Megawatt hours","210","units","0","v44174734","4.3.3","20418","","","","0"
"2010-12","Nova Scotia","2016A000212","Electricity producers, industries","Wind power turbine","Megawatt hours","210","units","0","v62460553","4.3.8","","..","","","0"
"2011-01","Nova Scotia","2016A000212","Total all classes of electricity producer","Total all types of electricity generation","Megawatt hours","210","units","0","v44174720","4.1.1","1186036","","","","0"
"2011-01","Nova Scotia","2016A000212","Total all classes of electricity producer","Hydraulic turbine","Megawatt hours","210","units","0","v44174721","4.1.2","131037","","","","0"
"2011-01","Nova Scotia","2016A000212","Total all classes of electricity producer","Conventional steam turbine","Megawatt hours","210","units","0","v44174722","4.1.3","987233","","","","0"
"2011-01","Nova Scotia","2016A000212","Total all classes of electricity producer","Combustion turbine","Megawatt hours","210","units","0","v44174723","4.1.6","42563","","","","0"
"2011-01","Nova Scotia","2016A000212","Total all classes of electricity producer","Tidal power turbine","Megawatt hours","210","units","0","v44174724","4.1.7","2494","","","","0"
"2011-01","Nova Scotia","2016A000212","Total all classes of electricity producer","Wind power turbine","Megawatt hours","210","units","0","v44174725","4.1.8","22709","","","","0"
"2011-01","Nova Scotia","2016A000212","Electricity producers, electric utilities","Total all types of electricity generation","Megawatt hours","210","units","0","v44174726","4.2.1","1161335","","","","0"
"2011-01","Nova Scotia","2016A000212","Electricity producers, electric utilities","Hydraulic turbine","Megawatt hours","210","units","0","v44174727","4.2.2","127230","","","","0"
"2011-01","Nova Scotia","2016A000212","Electricity producers, electric utilities","Conventional steam turbine","Megawatt hours","210","units","0","v44174728","4.2.3","966339","","","","0"
"2011-01","Nova Scotia","2016A000212","Electricity producers, electric utilities","Combustion turbine","Megawatt hours","210","units","0","v44174729","4.2.6","42563","","","","0"
"2011-01","Nova Scotia","2016A000212","Electricity producers, electric utilities","Tidal power turbine","Megawatt hours","210","units","0","v44174730","4.2.7","2494","","","","0"
"2011-01","Nova Scotia","2016A000212","Electricity producers, electric utilities","Wind power turbine","Megawatt hours","210","units","0","v44174731","4.2.8","22709","","","","0"
"2011-01","Nova Scotia","2016A000212","Electricity producers, industries","Total all types of electricity generation","Megawatt hours","210","units","0","v44174732","4.3.1","24701","","","","0"
"2011-01","Nova Scotia","2016A000212","Electricity producers, industries","Hydraulic turbine","Megawatt hours","210","units","0","v44174733","4.3.2","3807","","","","0"
"2011-01","Nova Scotia","2016A000212","Electricity producers, industries","Conventional steam turbine","Megawatt hours","210","units","0","v44174734","4.3.3","20894","","","","0"
"2011-01","Nova Scotia","2016A000212","Electricity producers, industries","Wind power turbine","Megawatt hours","210","units","0","v62460553","4.3.8","","..","","","0"
"2011-02","Nova Scotia","2016A000212","Total all classes of electricity producer","Total all types of electricity generation","Megawatt hours","210","units","0","v44174720","4.1.1","1124310","","","","0"
"2011-02","Nova Scotia","2016A000212","Total all classes of electricity producer","Hydraulic turbine","Megawatt hours","210","units","0","v44174721","4.1.2","104673","","","","0"
"2011-02","Nova Scotia","2016A000212","Total all classes of electricity producer","Conventional steam turbine","Megawatt hours","210","units","0","v44174722","4.1.3","956954","","","","0"
"2011-02","Nova Scotia","2016A000212","Total all classes of electricity producer","Combustion turbine","Megawatt hours","210","units","0","v44174723","4.1.6","39743","","","","0"
"2011-02","Nova Scotia","2016A000212","Total all classes of electricity producer","Tidal power turbine","Megawatt hours","210","units","0","v44174724","4.1.7","2216","","","","0"
"2011-02","Nova Scotia","2016A000212","Total all classes of electricity producer","Wind power turbine","Megawatt hours","210","units","0","v44174725","4.1.8","20724","","","","0"
"2011-02","Nova Scotia","2016A000212","Electricity producers, electric utilities","Total all types of electricity generation","Megawatt hours","210","units","0","v44174726","4.2.1","1102027","","","","0"
"2011-02","Nova Scotia","2016A000212","Electricity producers, electric utilities","Hydraulic turbine","Megawatt hours","210","units","0","v44174727","4.2.2","101284","","","","0"
"2011-02","Nova Scotia","2016A000212","Electricity producers, electric utilities","Conventional steam turbine","Megawatt hours","210","units","0","v44174728","4.2.3","938060","","","","0"
"2011-02","Nova Scotia","2016A000212","Electricity producers, electric utilities","Combustion turbine","Megawatt hours","210","units","0","v44174729","4.2.6","39743","","","","0"
"2011-02","Nova Scotia","2016A000212","Electricity producers, electric utilities","Tidal power turbine","Megawatt hours","210","units","0","v44174730","4.2.7","2216","","","","0"
"2011-02","Nova Scotia","2016A000212","Electricity producers, electric utilities","Wind power turbine","Megawatt hours","210","units","0","v44174731","4.2.8","20724","","","","0"
"2011-02","Nova Scotia","2016A000212","Electricity producers, industries","Total all types of electricity generation","Megawatt hours","210","units","0","v44174732","4.3.1","22283","","","","0"
"2011-02","Nova Scotia","2016A000212","Electricity producers, industries","Hydraulic turbine","Megawatt hours","210","units","0","v44174733","4.3.2","3389","","","","0"
"2011-02","Nova Scotia","2016A000212","Electricity producers, industries","Conventional steam turbine","Megawatt hours","210","units","0","v44174734","4.3.3","18894","","","","0"
"2011-02","Nova Scotia","2016A000212","Electricity producers, industries","Wind power turbine","Megawatt hours","210","units","0","v62460553","4.3.8","","..","","","0"
"2011-03","Nova Scotia","2016A000212","Total all classes of electricity producer","Total all types of electricity generation","Megawatt hours","210","units","0","v44174720","4.1.1","1158327","","","","0"
"2011-03","Nova Scotia","2016A000212","Total all classes of electricity producer","Hydraulic turbine","Megawatt hours","210","units","0","v44174721","4.1.2","134181","","","","0"
"2011-03","Nova Scotia","2016A000212","Total all classes of electricity producer","Conventional steam turbine","Megawatt hours","210","units","0","v44174722","4.1.3","941816","","","","0"
"2011-03","Nova Scotia","2016A000212","Total all classes of electricity producer","Combustion turbine","Megawatt hours","210","units","0","v44174723","4.1.6","41505","","","","0"
"2011-03","Nova Scotia","2016A000212","Total all classes of electricity producer","Tidal power turbine","Megawatt hours","210","units","0","v44174724","4.1.7","2400","","","","0"
"2011-03","Nova Scotia","2016A000212","Total all classes of electricity producer","Wind power turbine","Megawatt hours","210","units","0","v44174725","4.1.8","38425","","","","0"
"2011-03","Nova Scotia","2016A000212","Electricity producers, electric utilities","Total all types of electricity generation","Megawatt hours","210","units","0","v44174726","4.2.1","1134263","","","","0"
"2011-03","Nova Scotia","2016A000212","Electricity producers, electric utilities","Hydraulic turbine","Megawatt hours","210","units","0","v44174727","4.2.2","130421","","","","0"
"2011-03","Nova Scotia","2016A000212","Electricity producers, electric utilities","Conventional steam turbine","Megawatt hours","210","units","0","v44174728","4.2.3","921512","","","","0"
"2011-03","Nova Scotia","2016A000212","Electricity producers, electric utilities","Combustion turbine","Megawatt hours","210","units","0","v44174729","4.2.6","41505","","","","0"
"2011-03","Nova Scotia","2016A000212","Electricity producers, electric utilities","Tidal power turbine","Megawatt hours","210","units","0","v44174730","4.2.7","2400","","","","0"
"2011-03","Nova Scotia","2016A000212","Electricity producers, electric utilities","Wind power turbine","Megawatt hours","210","units","0","v44174731","4.2.8","38425","","","","0"
"2011-03","Nova Scotia","2016A000212","Electricity producers, industries","Total all types of electricity generation","Megawatt hours","210","units","0","v44174732","4.3.1","24064","","","","0"
"2011-03","Nova Scotia","2016A000212","Electricity producers, industries","Hydraulic turbine","Megawatt hours","210","units","0","v44174733","4.3.2","3760","","","","0"
"2011-03","Nova Scotia","2016A000212","Electricity producers, industries","Conventional steam turbine","Megawatt hours","210","units","0","v44174734","4.3.3","20304","","","","0"
"2011-03","Nova Scotia","2016A000212","Electricity producers, industries","Wind power turbine","Megawatt hours","210","units","0","v62460553","4.3.8","","..","","","0"
"2011-04","Nova Scotia","2016A000212","Total all classes of electricity producer","Total all types of electricity generation","Megawatt hours","210","units","0","v44174720","4.1.1","929685","","","","0"
"2011-04","Nova Scotia","2016A000212","Total all classes of electricity producer","Hydraulic turbine","Megawatt hours","210","units","0","v44174721","4.1.2","113540","","","","0"
"2011-04","Nova Scotia","2016A000212","Total all classes of electricity producer","Conventional steam turbine","Megawatt hours","210","units","0","v44174722","4.1.3","733599","","","","0"
"2011-04","Nova Scotia","2016A000212","Total all classes of electricity producer","Combustion turbine","Megawatt hours","210","units","0","v44174723","4.1.6","43228","","","","0"
"2011-04","Nova Scotia","2016A000212","Total all classes of electricity producer","Tidal power turbine","Megawatt hours","210","units","0","v44174724","4.1.7","2732","","","","0"
"2011-04","Nova Scotia","2016A000212","Total all classes of electricity producer","Wind power turbine","Megawatt hours","210","units","0","v44174725","4.1.8","36586","","","","0"
"2011-04","Nova Scotia","2016A000212","Electricity producers, electric utilities","Total all types of electricity generation","Megawatt hours","210","units","0","v44174726","4.2.1","907264","","","","0"
"2011-04","Nova Scotia","2016A000212","Electricity producers, electric utilities","Hydraulic turbine","Megawatt hours","210","units","0","v44174727","4.2.2","109848","","","","0"
"2011-04","Nova Scotia","2016A000212","Electricity producers, electric utilities","Conventional steam turbine","Megawatt hours","210","units","0","v44174728","4.2.3","714870","","","","0"
"2011-04","Nova Scotia","2016A000212","Electricity producers, electric utilities","Combustion turbine","Megawatt hours","210","units","0","v44174729","4.2.6","43228","","","","0"
"2011-04","Nova Scotia","2016A000212","Electricity producers, electric utilities","Tidal power turbine","Megawatt hours","210","units","0","v44174730","4.2.7","2732","","","","0"
"2011-04","Nova Scotia","2016A000212","Electricity producers, electric utilities","Wind power turbine","Megawatt hours","210","units","0","v44174731","4.2.8","36586","","","","0"
"2011-04","Nova Scotia","2016A000212","Electricity producers, industries","Total all types of electricity generation","Megawatt hours","210","units","0","v44174732","4.3.1","22421","","","","0"
"2011-04","Nova Scotia","2016A000212","Electricity producers, industries","Hydraulic turbine","Megawatt hours","210","units","0","v44174733","4.3.2","3692","","","","0"
"2011-04","Nova Scotia","2016A000212","Electricity producers, industries","Conventional steam turbine","Megawatt hours","210","units","0","v44174734","4.3.3","18729","","","","0"
"2011-04","Nova Scotia","2016A000212","Electricity producers, industries","Wind power turbine","Megawatt hours","210","units","0","v62460553","4.3.8","","..","","","0"
"2011-05","Nova Scotia","2016A000212","Total all classes of electricity producer","Total all types of electricity generation","Megawatt hours","210","units","0","v44174720","4.1.1","868537","","","","0"
"2011-05","Nova Scotia","2016A000212","Total all classes of electricity producer","Hydraulic turbine","Megawatt hours","210","units","0","v44174721","4.1.2","133407","","","","0"
"2011-05","Nova Scotia","2016A000212","Total all classes of electricity producer","Conventional steam turbine","Megawatt hours","210","units","0","v44174722","4.1.3","650112","","","","0"
"2011-05","Nova Scotia","2016A000212","Total all classes of electricity producer","Combustion turbine","Megawatt hours","210","units","0","v44174723","4.1.6","49423","","","","0"
"2011-05","Nova Scotia","2016A000212","Total all classes of electricity producer","Tidal power turbine","Megawatt hours","210","units","0","v44174724","4.1.7","2381","","","","0"
"2011-05","Nova Scotia","2016A000212","Total all classes of electricity producer","Wind power turbine","Megawatt hours","210","units","0","v44174725","4.1.8","33214","","","","0"
"2011-05","Nova Scotia","2016A000212","Electricity producers, electric utilities","Total all types of electricity generation","Megawatt hours","210","units","0","v44174726","4.2.1","852016","","","","0"
"2011-05","Nova Scotia","2016A000212","Electricity producers, electric utilities","Hydraulic turbine","Megawatt hours","210","units","0","v44174727","4.2.2","129575","","","","0"
"2011-05","Nova Scotia","2016A000212","Electricity producers, electric utilities","Conventional steam turbine","Megawatt hours","210","units","0","v44174728","4.2.3","637423","","","","0"
"2011-05","Nova Scotia","2016A000212","Electricity producers, electric utilities","Combustion turbine","Megawatt hours","210","units","0","v44174729","4.2.6","49423","","","","0"
"2011-05","Nova Scotia","2016A000212","Electricity producers, electric utilities","Tidal power turbine","Megawatt hours","210","units","0","v44174730","4.2.7","2381","","","","0"
"2011-05","Nova Scotia","2016A000212","Electricity producers, electric utilities","Wind power turbine","Megawatt hours","210","units","0","v44174731","4.2.8","33214","","","","0"
"2011-05","Nova Scotia","2016A000212","Electricity producers, industries","Total all types of electricity generation","Megawatt hours","210","units","0","v44174732","4.3.1","16521","","","","0"
"2011-05","Nova Scotia","2016A000212","Electricity producers, industries","Hydraulic turbine","Megawatt hours","210","units","0","v44174733","4.3.2","3832","","","","0"
"2011-05","Nova Scotia","2016A000212","Electricity producers, industries","Conventional steam turbine","Megawatt hours","210","units","0","v44174734","4.3.3","12689","","","","0"
"2011-05","Nova Scotia","2016A000212","Electricity producers, industries","Wind power turbine","Megawatt hours","210","units","0","v62460553","4.3.8","","..","","","0"
"2011-06","Nova Scotia","2016A000212","Total all classes of electricity producer","Total all types of electricity generation","Megawatt hours","210","units","0","v44174720","4.1.1","835642","","","","0"
"2011-06","Nova Scotia","2016A000212","Total all classes of electricity producer","Hydraulic turbine","Megawatt hours","210","units","0","v44174721","4.1.2","82095","","","","0"
"2011-06","Nova Scotia","2016A000212","Total all classes of electricity producer","Conventional steam turbine","Megawatt hours","210","units","0","v44174722","4.1.3","687641","","","","0"
"2011-06","Nova Scotia","2016A000212","Total all classes of electricity producer","Combustion turbine","Megawatt hours","210","units","0","v44174723","4.1.6","41359","","","","0"
"2011-06","Nova Scotia","2016A000212","Total all classes of electricity producer","Tidal power turbine","Megawatt hours","210","units","0","v44174724","4.1.7","2516","","","","0"
"2011-06","Nova Scotia","2016A000212","Total all classes of electricity producer","Wind power turbine","Megawatt hours","210","units","0","v44174725","4.1.8","22031","","","","0"
"2011-06","Nova Scotia","2016A000212","Electricity producers, electric utilities","Total all types of electricity generation","Megawatt hours","210","units","0","v44174726","4.2.1","812286","","","","0"
"2011-06","Nova Scotia","2016A000212","Electricity producers, electric utilities","Hydraulic turbine","Megawatt hours","210","units","0","v44174727","4.2.2","78598","","","","0"
"2011-06","Nova Scotia","2016A000212","Electricity producers, electric utilities","Conventional steam turbine","Megawatt hours","210","units","0","v44174728","4.2.3","667782","","","","0"
"2011-06","Nova Scotia","2016A000212","Electricity producers, electric utilities","Combustion turbine","Megawatt hours","210","units","0","v44174729","4.2.6","41359","","","","0"
"2011-06","Nova Scotia","2016A000212","Electricity producers, electric utilities","Tidal power turbine","Megawatt hours","210","units","0","v44174730","4.2.7","2516","","","","0"
"2011-06","Nova Scotia","2016A000212","Electricity producers, electric utilities","Wind power turbine","Megawatt hours","210","units","0","v44174731","4.2.8","22031","","","","0"
"2011-06","Nova Scotia","2016A000212","Electricity producers, industries","Total all types of electricity generation","Megawatt hours","210","units","0","v44174732","4.3.1","23356","","","","0"
"2011-06","Nova Scotia","2016A000212","Electricity producers, industries","Hydraulic turbine","Megawatt hours","210","units","0","v44174733","4.3.2","3497","","","","0"
"2011-06","Nova Scotia","2016A000212","Electricity producers, industries","Conventional steam turbine","Megawatt hours","210","units","0","v44174734","4.3.3","19859","","","","0"
"2011-06","Nova Scotia","2016A000212","Electricity producers, industries","Wind power turbine","Megawatt hours","210","units","0","v62460553","4.3.8","","..","","","0"
"2011-07","Nova Scotia","2016A000212","Total all classes of electricity producer","Total all types of electricity generation","Megawatt hours","210","units","0","v44174720","4.1.1","895890","","","","0"
"2011-07","Nova Scotia","2016A000212","Total all classes of electricity producer","Hydraulic turbine","Megawatt hours","210","units","0","v44174721","4.1.2","66314","","","","0"
"2011-07","Nova Scotia","2016A000212","Total all classes of electricity producer","Conventional steam turbine","Megawatt hours","210","units","0","v44174722","4.1.3","768819","","","","0"
"2011-07","Nova Scotia","2016A000212","Total all classes of electricity producer","Combustion turbine","Megawatt hours","210","units","0","v44174723","4.1.6","35490","","","","0"
"2011-07","Nova Scotia","2016A000212","Total all classes of electricity producer","Tidal power turbine","Megawatt hours","210","units","0","v44174724","4.1.7","2786","","","","0"
"2011-07","Nova Scotia","2016A000212","Total all classes of electricity producer","Wind power turbine","Megawatt hours","210","units","0","v44174725","4.1.8","22481","","","","0"
"2011-07","Nova Scotia","2016A000212","Electricity producers, electric utilities","Total all types of electricity generation","Megawatt hours","210","units","0","v44174726","4.2.1","876122","","","","0"
"2011-07","Nova Scotia","2016A000212","Electricity producers, electric utilities","Hydraulic turbine","Megawatt hours","210","units","0","v44174727","4.2.2","62787","","","","0"
"2011-07","Nova Scotia","2016A000212","Electricity producers, electric utilities","Conventional steam turbine","Megawatt hours","210","units","0","v44174728","4.2.3","752578","","","","0"
"2011-07","Nova Scotia","2016A000212","Electricity producers, electric utilities","Combustion turbine","Megawatt hours","210","units","0","v44174729","4.2.6","35490","","","","0"
"2011-07","Nova Scotia","2016A000212","Electricity producers, electric utilities","Tidal power turbine","Megawatt hours","210","units","0","v44174730","4.2.7","2786","","","","0"
"2011-07","Nova Scotia","2016A000212","Electricity producers, electric utilities","Wind power turbine","Megawatt hours","210","units","0","v44174731","4.2.8","22481","","","","0"
"2011-07","Nova Scotia","2016A000212","Electricity producers, industries","Total all types of electricity generation","Megawatt hours","210","units","0","v44174732","4.3.1","19768","","","","0"
"2011-07","Nova Scotia","2016A000212","Electricity producers, industries","Hydraulic turbine","Megawatt hours","210","units","0","v44174733","4.3.2","3527","","","","0"
"2011-07","Nova Scotia","2016A000212","Electricity producers, industries","Conventional steam turbine","Megawatt hours","210","units","0","v44174734","4.3.3","16241","","","","0"
"2011-07","Nova Scotia","2016A000212","Electricity producers, industries","Wind power turbine","Megawatt hours","210","units","0","v62460553","4.3.8","","..","","","0"
"2011-08","Nova Scotia","2016A000212","Total all classes of electricity producer","Total all types of electricity generation","Megawatt hours","210","units","0","v44174720","4.1.1","875488","","","","0"
"2011-08","Nova Scotia","2016A000212","Total all classes of electricity producer","Hydraulic turbine","Megawatt hours","210","units","0","v44174721","4.1.2","45391","","","","0"
"2011-08","Nova Scotia","2016A000212","Total all classes of electricity producer","Conventional steam turbine","Megawatt hours","210","units","0","v44174722","4.1.3","779922","","","","0"
"2011-08","Nova Scotia","2016A000212","Total all classes of electricity producer","Combustion turbine","Megawatt hours","210","units","0","v44174723","4.1.6","27008","","","","0"
"2011-08","Nova Scotia","2016A000212","Total all classes of electricity producer","Tidal power turbine","Megawatt hours","210","units","0","v44174724","4.1.7","1370","","","","0"
"2011-08","Nova Scotia","2016A000212","Total all classes of electricity producer","Wind power turbine","Megawatt hours","210","units","0","v44174725","4.1.8","21797","","","","0"
"2011-08","Nova Scotia","2016A000212","Electricity producers, electric utilities","Total all types of electricity generation","Megawatt hours","210","units","0","v44174726","4.2.1","855584","","","","0"
"2011-08","Nova Scotia","2016A000212","Electricity producers, electric utilities","Hydraulic turbine","Megawatt hours","210","units","0","v44174727","4.2.2","41977","","","","0"
"2011-08","Nova Scotia","2016A000212","Electricity producers, electric utilities","Conventional steam turbine","Megawatt hours","210","units","0","v44174728","4.2.3","763432","","","","0"
"2011-08","Nova Scotia","2016A000212","Electricity producers, electric utilities","Combustion turbine","Megawatt hours","210","units","0","v44174729","4.2.6","27008","","","","0"
"2011-08","Nova Scotia","2016A000212","Electricity producers, electric utilities","Tidal power turbine","Megawatt hours","210","units","0","v44174730","4.2.7","1370","","","","0"
"2011-08","Nova Scotia","2016A000212","Electricity producers, electric utilities","Wind power turbine","Megawatt hours","210","units","0","v44174731","4.2.8","21797","","","","0"
"2011-08","Nova Scotia","2016A000212","Electricity producers, industries","Total all types of electricity generation","Megawatt hours","210","units","0","v44174732","4.3.1","19904","","","","0"
"2011-08","Nova Scotia","2016A000212","Electricity producers, industries","Hydraulic turbine","Megawatt hours","210","units","0","v44174733","4.3.2","3414","","","","0"
"2011-08","Nova Scotia","2016A000212","Electricity producers, industries","Conventional steam turbine","Megawatt hours","210","units","0","v44174734","4.3.3","16490","","","","0"
"2011-08","Nova Scotia","2016A000212","Electricity producers, industries","Wind power turbine","Megawatt hours","210","units","0","v62460553","4.3.8","","..","","","0"
"2011-09","Nova Scotia","2016A000212","Total all classes of electricity producer","Total all types of electricity generation","Megawatt hours","210","units","0","v44174720","4.1.1","733590","","","","0"
"2011-09","Nova Scotia","2016A000212","Total all classes of electricity producer","Hydraulic turbine","Megawatt hours","210","units","0","v44174721","4.1.2","39633","","","","0"
"2011-09","Nova Scotia","2016A000212","Total all classes of electricity producer","Conventional steam turbine","Megawatt hours","210","units","0","v44174722","4.1.3","644037","","","","0"
"2011-09","Nova Scotia","2016A000212","Total all classes of electricity producer","Combustion turbine","Megawatt hours","210","units","0","v44174723","4.1.6","25837","","","","0"
"2011-09","Nova Scotia","2016A000212","Total all classes of electricity producer","Tidal power turbine","Megawatt hours","210","units","0","v44174724","4.1.7","1880","","","","0"
"2011-09","Nova Scotia","2016A000212","Total all classes of electricity producer","Wind power turbine","Megawatt hours","210","units","0","v44174725","4.1.8","22203","","","","0"
"2011-09","Nova Scotia","2016A000212","Electricity producers, electric utilities","Total all types of electricity generation","Megawatt hours","210","units","0","v44174726","4.2.1","716986","","","","0"
"2011-09","Nova Scotia","2016A000212","Electricity producers, electric utilities","Hydraulic turbine","Megawatt hours","210","units","0","v44174727","4.2.2","36541","","","","0"
"2011-09","Nova Scotia","2016A000212","Electricity producers, electric utilities","Conventional steam turbine","Megawatt hours","210","units","0","v44174728","4.2.3","630525","","","","0"
"2011-09","Nova Scotia","2016A000212","Electricity producers, electric utilities","Combustion turbine","Megawatt hours","210","units","0","v44174729","4.2.6","25837","","","","0"
"2011-09","Nova Scotia","2016A000212","Electricity producers, electric utilities","Tidal power turbine","Megawatt hours","210","units","0","v44174730","4.2.7","1880","","","","0"
"2011-09","Nova Scotia","2016A000212","Electricity producers, electric utilities","Wind power turbine","Megawatt hours","210","units","0","v44174731","4.2.8","22203","","","","0"
"2011-09","Nova Scotia","2016A000212","Electricity producers, industries","Total all types of electricity generation","Megawatt hours","210","units","0","v44174732","4.3.1","16604","","","","0"
"2011-09","Nova Scotia","2016A000212","Electricity producers, industries","Hydraulic turbine","Megawatt hours","210","units","0","v44174733","4.3.2","3092","","","","0"
"2011-09","Nova Scotia","2016A000212","Electricity producers, industries","Conventional steam turbine","Megawatt hours","210","units","0","v44174734","4.3.3","13512","","","","0"
"2011-09","Nova Scotia","2016A000212","Electricity producers, industries","Wind power turbine","Megawatt hours","210","units","0","v62460553","4.3.8","","..","","","0"
"2011-10","Nova Scotia","2016A000212","Total all classes of electricity producer","Total all types of electricity generation","Megawatt hours","210","units","0","v44174720","4.1.1","776867","","","","0"
"2011-10","Nova Scotia","2016A000212","Total all classes of electricity producer","Hydraulic turbine","Megawatt hours","210","units","0","v44174721","4.1.2","81331","","","","0"
"2011-10","Nova Scotia","2016A000212","Total all classes of electricity producer","Conventional steam turbine","Megawatt hours","210","units","0","v44174722","4.1.3","638215","","","","0"
"2011-10","Nova Scotia","2016A000212","Total all classes of electricity producer","Combustion turbine","Megawatt hours","210","units","0","v44174723","4.1.6","24331","","","","0"
"2011-10","Nova Scotia","2016A000212","Total all classes of electricity producer","Tidal power turbine","Megawatt hours","210","units","0","v44174724","4.1.7","2026","","","","0"
"2011-10","Nova Scotia","2016A000212","Total all classes of electricity producer","Wind power turbine","Megawatt hours","210","units","0","v44174725","4.1.8","30964","","","","0"
"2011-10","Nova Scotia","2016A000212","Electricity producers, electric utilities","Total all types of electricity generation","Megawatt hours","210","units","0","v44174726","4.2.1","766605","","","","0"
"2011-10","Nova Scotia","2016A000212","Electricity producers, electric utilities","Hydraulic turbine","Megawatt hours","210","units","0","v44174727","4.2.2","78176","","","","0"
"2011-10","Nova Scotia","2016A000212","Electricity producers, electric utilities","Conventional steam turbine","Megawatt hours","210","units","0","v44174728","4.2.3","631108","","","","0"
"2011-10","Nova Scotia","2016A000212","Electricity producers, electric utilities","Combustion turbine","Megawatt hours","210","units","0","v44174729","4.2.6","24331","","","","0"
"2011-10","Nova Scotia","2016A000212","Electricity producers, electric utilities","Tidal power turbine","Megawatt hours","210","units","0","v44174730","4.2.7","2026","","","","0"
"2011-10","Nova Scotia","2016A000212","Electricity producers, electric utilities","Wind power turbine","Megawatt hours","210","units","0","v44174731","4.2.8","30964","","","","0"
"2011-10","Nova Scotia","2016A000212","Electricity producers, industries","Total all types of electricity generation","Megawatt hours","210","units","0","v44174732","4.3.1","10262","","","","0"
"2011-10","Nova Scotia","2016A000212","Electricity producers, industries","Hydraulic turbine","Megawatt hours","210","units","0","v44174733","4.3.2","3155","","","","0"
"2011-10","Nova Scotia","2016A000212","Electricity producers, industries","Conventional steam turbine","Megawatt hours","210","units","0","v44174734","4.3.3","7107","","","","0"
"2011-10","Nova Scotia","2016A000212","Electricity producers, industries","Wind power turbine","Megawatt hours","210","units","0","v62460553","4.3.8","","..","","","0"
"2011-11","Nova Scotia","2016A000212","Total all classes of electricity producer","Total all types of electricity generation","Megawatt hours","210","units","0","v44174720","4.1.1","832668","","","","0"
"2011-11","Nova Scotia","2016A000212","Total all classes of electricity producer","Hydraulic turbine","Megawatt hours","210","units","0","v44174721","4.1.2","75058","","","","0"
"2011-11","Nova Scotia","2016A000212","Total all classes of electricity producer","Conventional steam turbine","Megawatt hours","210","units","0","v44174722","4.1.3","697864","","","","0"
"2011-11","Nova Scotia","2016A000212","Total all classes of electricity producer","Combustion turbine","Megawatt hours","210","units","0","v44174723","4.1.6","22145","","","","0"
"2011-11","Nova Scotia","2016A000212","Total all classes of electricity producer","Tidal power turbine","Megawatt hours","210","units","0","v44174724","4.1.7","1311","","","","0"
"2011-11","Nova Scotia","2016A000212","Total all classes of electricity producer","Wind power turbine","Megawatt hours","210","units","0","v44174725","4.1.8","36290","","","","0"
"2011-11","Nova Scotia","2016A000212","Electricity producers, electric utilities","Total all types of electricity generation","Megawatt hours","210","units","0","v44174726","4.2.1","823097","","","","0"
"2011-11","Nova Scotia","2016A000212","Electricity producers, electric utilities","Hydraulic turbine","Megawatt hours","210","units","0","v44174727","4.2.2","71502","","","","0"
"2011-11","Nova Scotia","2016A000212","Electricity producers, electric utilities","Conventional steam turbine","Megawatt hours","210","units","0","v44174728","4.2.3","691849","","","","0"
"2011-11","Nova Scotia","2016A000212","Electricity producers, electric utilities","Combustion turbine","Megawatt hours","210","units","0","v44174729","4.2.6","22145","","","","0"
"2011-11","Nova Scotia","2016A000212","Electricity producers, electric utilities","Tidal power turbine","Megawatt hours","210","units","0","v44174730","4.2.7","1311","","","","0"
"2011-11","Nova Scotia","2016A000212","Electricity producers, electric utilities","Wind power turbine","Megawatt hours","210","units","0","v44174731","4.2.8","36290","","","","0"
"2011-11","Nova Scotia","2016A000212","Electricity producers, industries","Total all types of electricity generation","Megawatt hours","210","units","0","v44174732","4.3.1","9571","","","","0"
"2011-11","Nova Scotia","2016A000212","Electricity producers, industries","Hydraulic turbine","Megawatt hours","210","units","0","v44174733","4.3.2","3556","","","","0"
"2011-11","Nova Scotia","2016A000212","Electricity producers, industries","Conventional steam turbine","Megawatt hours","210","units","0","v44174734","4.3.3","6015","","","","0"
"2011-11","Nova Scotia","2016A000212","Electricity producers, industries","Wind power turbine","Megawatt hours","210","units","0","v62460553","4.3.8","","..","","","0"
"2011-12","Nova Scotia","2016A000212","Total all classes of electricity producer","Total all types of electricity generation","Megawatt hours","210","units","0","v44174720","4.1.1","943732","","","","0"
"2011-12","Nova Scotia","2016A000212","Total all classes of electricity producer","Hydraulic turbine","Megawatt hours","210","units","0","v44174721","4.1.2","99204","","","","0"
"2011-12","Nova Scotia","2016A000212","Total all classes of electricity producer","Conventional steam turbine","Megawatt hours","210","units","0","v44174722","4.1.3","780937","","","","0"
"2011-12","Nova Scotia","2016A000212","Total all classes of electricity producer","Combustion turbine","Megawatt hours","210","units","0","v44174723","4.1.6","26449","","","","0"
"2011-12","Nova Scotia","2016A000212","Total all classes of electricity producer","Tidal power turbine","Megawatt hours","210","units","0","v44174724","4.1.7","1983","","","","0"
"2011-12","Nova Scotia","2016A000212","Total all classes of electricity producer","Wind power turbine","Megawatt hours","210","units","0","v44174725","4.1.8","35159","","","","0"
"2011-12","Nova Scotia","2016A000212","Electricity producers, electric utilities","Total all types of electricity generation","Megawatt hours","210","units","0","v44174726","4.2.1","923794","","","","0"
"2011-12","Nova Scotia","2016A000212","Electricity producers, electric utilities","Hydraulic turbine","Megawatt hours","210","units","0","v44174727","4.2.2","95394","","","","0"
"2011-12","Nova Scotia","2016A000212","Electricity producers, electric utilities","Conventional steam turbine","Megawatt hours","210","units","0","v44174728","4.2.3","764809","","","","0"
"2011-12","Nova Scotia","2016A000212","Electricity producers, electric utilities","Combustion turbine","Megawatt hours","210","units","0","v44174729","4.2.6","26449","","","","0"
"2011-12","Nova Scotia","2016A000212","Electricity producers, electric utilities","Tidal power turbine","Megawatt hours","210","units","0","v44174730","4.2.7","1983","","","","0"
"2011-12","Nova Scotia","2016A000212","Electricity producers, electric utilities","Wind power turbine","Megawatt hours","210","units","0","v44174731","4.2.8","35159","","","","0"
"2011-12","Nova Scotia","2016A000212","Electricity producers, industries","Total all types of electricity generation","Megawatt hours","210","units","0","v44174732","4.3.1","19938","","","","0"
"2011-12","Nova Scotia","2016A000212","Electricity producers, industries","Hydraulic turbine","Megawatt hours","210","units","0","v44174733","4.3.2","3810","","","","0"
"2011-12","Nova Scotia","2016A000212","Electricity producers, industries","Conventional steam turbine","Megawatt hours","210","units","0","v44174734","4.3.3","16128","","","","0"
"2011-12","Nova Scotia","2016A000212","Electricity producers, industries","Wind power turbine","Megawatt hours","210","units","0","v62460553","4.3.8","","..","","","0"
"2012-01","Nova Scotia","2016A000212","Total all classes of electricity producer","Total all types of electricity generation","Megawatt hours","210","units","0","v44174720","4.1.1","1051425","","","","0"
"2012-01","Nova Scotia","2016A000212","Total all classes of electricity producer","Hydraulic turbine","Megawatt hours","210","units","0","v44174721","4.1.2","100612","","","","0"
"2012-01","Nova Scotia","2016A000212","Total all classes of electricity producer","Conventional steam turbine","Megawatt hours","210","units","0","v44174722","4.1.3","867680","","","","0"
"2012-01","Nova Scotia","2016A000212","Total all classes of electricity producer","Combustion turbine","Megawatt hours","210","units","0","v44174723","4.1.6","39425","","","","0"
"2012-01","Nova Scotia","2016A000212","Total all classes of electricity producer","Tidal power turbine","Megawatt hours","210","units","0","v44174724","4.1.7","1983","","","","0"
"2012-01","Nova Scotia","2016A000212","Total all classes of electricity producer","Wind power turbine","Megawatt hours","210","units","0","v44174725","4.1.8","41725","","","","0"
"2012-01","Nova Scotia","2016A000212","Electricity producers, electric utilities","Total all types of electricity generation","Megawatt hours","210","units","0","v44174726","4.2.1","1030824","","","","0"
"2012-01","Nova Scotia","2016A000212","Electricity producers, electric utilities","Hydraulic turbine","Megawatt hours","210","units","0","v44174727","4.2.2","96806","","","","0"
"2012-01","Nova Scotia","2016A000212","Electricity producers, electric utilities","Conventional steam turbine","Megawatt hours","210","units","0","v44174728","4.2.3","850885","","","","0"
"2012-01","Nova Scotia","2016A000212","Electricity producers, electric utilities","Combustion turbine","Megawatt hours","210","units","0","v44174729","4.2.6","39425","","","","0"
"2012-01","Nova Scotia","2016A000212","Electricity producers, electric utilities","Tidal power turbine","Megawatt hours","210","units","0","v44174730","4.2.7","1983","","","","0"
"2012-01","Nova Scotia","2016A000212","Electricity producers, electric utilities","Wind power turbine","Megawatt hours","210","units","0","v44174731","4.2.8","41725","","","","0"
"2012-01","Nova Scotia","2016A000212","Electricity producers, industries","Total all types of electricity generation","Megawatt hours","210","units","0","v44174732","4.3.1","20601","","","","0"
"2012-01","Nova Scotia","2016A000212","Electricity producers, industries","Hydraulic turbine","Megawatt hours","210","units","0","v44174733","4.3.2","3806","","","","0"
"2012-01","Nova Scotia","2016A000212","Electricity producers, industries","Conventional steam turbine","Megawatt hours","210","units","0","v44174734","4.3.3","16795","","","","0"
"2012-01","Nova Scotia","2016A000212","Electricity producers, industries","Wind power turbine","Megawatt hours","210","units","0","v62460553","4.3.8","","..","","","0"
"2012-02","Nova Scotia","2016A000212","Total all classes of electricity producer","Total all types of electricity generation","Megawatt hours","210","units","0","v44174720","4.1.1","1011273","","","","0"
"2012-02","Nova Scotia","2016A000212","Total all classes of electricity producer","Hydraulic turbine","Megawatt hours","210","units","0","v44174721","4.1.2","90586","","","","0"
"2012-02","Nova Scotia","2016A000212","Total all classes of electricity producer","Conventional steam turbine","Megawatt hours","210","units","0","v44174722","4.1.3","822489","","","","0"
"2012-02","Nova Scotia","2016A000212","Total all classes of electricity producer","Combustion turbine","Megawatt hours","210","units","0","v44174723","4.1.6","63739","","","","0"
"2012-02","Nova Scotia","2016A000212","Total all classes of electricity producer","Tidal power turbine","Megawatt hours","210","units","0","v44174724","4.1.7","1809","","","","0"
"2012-02","Nova Scotia","2016A000212","Total all classes of electricity producer","Wind power turbine","Megawatt hours","210","units","0","v44174725","4.1.8","32650","","","","0"
"2012-02","Nova Scotia","2016A000212","Electricity producers, electric utilities","Total all types of electricity generation","Megawatt hours","210","units","0","v44174726","4.2.1","992194","","","","0"
"2012-02","Nova Scotia","2016A000212","Electricity producers, electric utilities","Hydraulic turbine","Megawatt hours","210","units","0","v44174727","4.2.2","87273","","","","0"
"2012-02","Nova Scotia","2016A000212","Electricity producers, electric utilities","Conventional steam turbine","Megawatt hours","210","units","0","v44174728","4.2.3","806723","","","","0"
"2012-02","Nova Scotia","2016A000212","Electricity producers, electric utilities","Combustion turbine","Megawatt hours","210","units","0","v44174729","4.2.6","63739","","","","0"
"2012-02","Nova Scotia","2016A000212","Electricity producers, electric utilities","Tidal power turbine","Megawatt hours","210","units","0","v44174730","4.2.7","1809","","","","0"
"2012-02","Nova Scotia","2016A000212","Electricity producers, electric utilities","Wind power turbine","Megawatt hours","210","units","0","v44174731","4.2.8","32650","","","","0"
"2012-02","Nova Scotia","2016A000212","Electricity producers, industries","Total all types of electricity generation","Megawatt hours","210","units","0","v44174732","4.3.1","19079","","","","0"
"2012-02","Nova Scotia","2016A000212","Electricity producers, industries","Hydraulic turbine","Megawatt hours","210","units","0","v44174733","4.3.2","3313","","","","0"
"2012-02","Nova Scotia","2016A000212","Electricity producers, industries","Conventional steam turbine","Megawatt hours","210","units","0","v44174734","4.3.3","15766","","","","0"
"2012-02","Nova Scotia","2016A000212","Electricity producers, industries","Wind power turbine","Megawatt hours","210","units","0","v62460553","4.3.8","","..","","","0"
"2012-03","Nova Scotia","2016A000212","Total all classes of electricity producer","Total all types of electricity generation","Megawatt hours","210","units","0","v44174720","4.1.1","880823","","","","0"
"2012-03","Nova Scotia","2016A000212","Total all classes of electricity producer","Hydraulic turbine","Megawatt hours","210","units","0","v44174721","4.1.2","95109","","","","0"
"2012-03","Nova Scotia","2016A000212","Total all classes of electricity producer","Conventional steam turbine","Megawatt hours","210","units","0","v44174722","4.1.3","672048","","","","0"
"2012-03","Nova Scotia","2016A000212","Total all classes of electricity producer","Combustion turbine","Megawatt hours","210","units","0","v44174723","4.1.6","74760","","","","0"
"2012-03","Nova Scotia","2016A000212","Total all classes of electricity producer","Tidal power turbine","Megawatt hours","210","units","0","v44174724","4.1.7","1765","","","","0"
"2012-03","Nova Scotia","2016A000212","Total all classes of electricity producer","Wind power turbine","Megawatt hours","210","units","0","v44174725","4.1.8","37141","","","","0"
"2012-03","Nova Scotia","2016A000212","Electricity producers, electric utilities","Total all types of electricity generation","Megawatt hours","210","units","0","v44174726","4.2.1","860683","","","","0"
"2012-03","Nova Scotia","2016A000212","Electricity producers, electric utilities","Hydraulic turbine","Megawatt hours","210","units","0","v44174727","4.2.2","91460","","","","0"
"2012-03","Nova Scotia","2016A000212","Electricity producers, electric utilities","Conventional steam turbine","Megawatt hours","210","units","0","v44174728","4.2.3","655557","","","","0"
"2012-03","Nova Scotia","2016A000212","Electricity producers, electric utilities","Combustion turbine","Megawatt hours","210","units","0","v44174729","4.2.6","74760","","","","0"
"2012-03","Nova Scotia","2016A000212","Electricity producers, electric utilities","Tidal power turbine","Megawatt hours","210","units","0","v44174730","4.2.7","1765","","","","0"
"2012-03","Nova Scotia","2016A000212","Electricity producers, electric utilities","Wind power turbine","Megawatt hours","210","units","0","v44174731","4.2.8","37141","","","","0"
"2012-03","Nova Scotia","2016A000212","Electricity producers, industries","Total all types of electricity generation","Megawatt hours","210","units","0","v44174732","4.3.1","20140","","","","0"
"2012-03","Nova Scotia","2016A000212","Electricity producers, industries","Hydraulic turbine","Megawatt hours","210","units","0","v44174733","4.3.2","3649","","","","0"
"2012-03","Nova Scotia","2016A000212","Electricity producers, industries","Conventional steam turbine","Megawatt hours","210","units","0","v44174734","4.3.3","16491","","","","0"
"2012-03","Nova Scotia","2016A000212","Electricity producers, industries","Wind power turbine","Megawatt hours","210","units","0","v62460553","4.3.8","","..","","","0"
"2012-04","Nova Scotia","2016A000212","Total all classes of electricity producer","Total all types of electricity generation","Megawatt hours","210","units","0","v44174720","4.1.1","799359","","","","0"
"2012-04","Nova Scotia","2016A000212","Total all classes of electricity producer","Hydraulic turbine","Megawatt hours","210","units","0","v44174721","4.1.2","74472","","","","0"
"2012-04","Nova Scotia","2016A000212","Total all classes of electricity producer","Conventional steam turbine","Megawatt hours","210","units","0","v44174722","4.1.3","621754","","","","0"
"2012-04","Nova Scotia","2016A000212","Total all classes of electricity producer","Combustion turbine","Megawatt hours","210","units","0","v44174723","4.1.6","64657","","","","0"
"2012-04","Nova Scotia","2016A000212","Total all classes of electricity producer","Tidal power turbine","Megawatt hours","210","units","0","v44174724","4.1.7","1862","","","","0"
"2012-04","Nova Scotia","2016A000212","Total all classes of electricity producer","Wind power turbine","Megawatt hours","210","units","0","v44174725","4.1.8","36614","","","","0"
"2012-04","Nova Scotia","2016A000212","Electricity producers, electric utilities","Total all types of electricity generation","Megawatt hours","210","units","0","v44174726","4.2.1","778787","","","","0"
"2012-04","Nova Scotia","2016A000212","Electricity producers, electric utilities","Hydraulic turbine","Megawatt hours","210","units","0","v44174727","4.2.2","71054","","","","0"
"2012-04","Nova Scotia","2016A000212","Electricity producers, electric utilities","Conventional steam turbine","Megawatt hours","210","units","0","v44174728","4.2.3","604600","","","","0"
"2012-04","Nova Scotia","2016A000212","Electricity producers, electric utilities","Combustion turbine","Megawatt hours","210","units","0","v44174729","4.2.6","64657","","","","0"
"2012-04","Nova Scotia","2016A000212","Electricity producers, electric utilities","Tidal power turbine","Megawatt hours","210","units","0","v44174730","4.2.7","1862","","","","0"
"2012-04","Nova Scotia","2016A000212","Electricity producers, electric utilities","Wind power turbine","Megawatt hours","210","units","0","v44174731","4.2.8","36614","","","","0"
"2012-04","Nova Scotia","2016A000212","Electricity producers, industries","Total all types of electricity generation","Megawatt hours","210","units","0","v44174732","4.3.1","20572","","","","0"
"2012-04","Nova Scotia","2016A000212","Electricity producers, industries","Hydraulic turbine","Megawatt hours","210","units","0","v44174733","4.3.2","3418","","","","0"
"2012-04","Nova Scotia","2016A000212","Electricity producers, industries","Conventional steam turbine","Megawatt hours","210","units","0","v44174734","4.3.3","17154","","","","0"
"2012-04","Nova Scotia","2016A000212","Electricity producers, industries","Wind power turbine","Megawatt hours","210","units","0","v62460553","4.3.8","","..","","","0"
"2012-05","Nova Scotia","2016A000212","Total all classes of electricity producer","Total all types of electricity generation","Megawatt hours","210","units","0","v44174720","4.1.1","736332","","","","0"
"2012-05","Nova Scotia","2016A000212","Total all classes of electricity producer","Hydraulic turbine","Megawatt hours","210","units","0","v44174721","4.1.2","69140","","","","0"
"2012-05","Nova Scotia","2016A000212","Total all classes of electricity producer","Conventional steam turbine","Megawatt hours","210","units","0","v44174722","4.1.3","569692","","","","0"
"2012-05","Nova Scotia","2016A000212","Total all classes of electricity producer","Combustion turbine","Megawatt hours","210","units","0","v44174723","4.1.6","62159","","","","0"
"2012-05","Nova Scotia","2016A000212","Total all classes of electricity producer","Tidal power turbine","Megawatt hours","210","units","0","v44174724","4.1.7","2395","","","","0"
"2012-05","Nova Scotia","2016A000212","Total all classes of electricity producer","Wind power turbine","Megawatt hours","210","units","0","v44174725","4.1.8","32946","","","","0"
"2012-05","Nova Scotia","2016A000212","Electricity producers, electric utilities","Total all types of electricity generation","Megawatt hours","210","units","0","v44174726","4.2.1","716475","","","","0"
"2012-05","Nova Scotia","2016A000212","Electricity producers, electric utilities","Hydraulic turbine","Megawatt hours","210","units","0","v44174727","4.2.2","65611","","","","0"
"2012-05","Nova Scotia","2016A000212","Electricity producers, electric utilities","Conventional steam turbine","Megawatt hours","210","units","0","v44174728","4.2.3","553364","","","","0"
"2012-05","Nova Scotia","2016A000212","Electricity producers, electric utilities","Combustion turbine","Megawatt hours","210","units","0","v44174729","4.2.6","62159","","","","0"
"2012-05","Nova Scotia","2016A000212","Electricity producers, electric utilities","Tidal power turbine","Megawatt hours","210","units","0","v44174730","4.2.7","2395","","","","0"
"2012-05","Nova Scotia","2016A000212","Electricity producers, electric utilities","Wind power turbine","Megawatt hours","210","units","0","v44174731","4.2.8","32946","","","","0"
"2012-05","Nova Scotia","2016A000212","Electricity producers, industries","Total all types of electricity generation","Megawatt hours","210","units","0","v44174732","4.3.1","19857","","","","0"
"2012-05","Nova Scotia","2016A000212","Electricity producers, industries","Hydraulic turbine","Megawatt hours","210","units","0","v44174733","4.3.2","3529","","","","0"
"2012-05","Nova Scotia","2016A000212","Electricity producers, industries","Conventional steam turbine","Megawatt hours","210","units","0","v44174734","4.3.3","16328","","","","0"
"2012-05","Nova Scotia","2016A000212","Electricity producers, industries","Wind power turbine","Megawatt hours","210","units","0","v62460553","4.3.8","","..","","","0"
"2012-06","Nova Scotia","2016A000212","Total all classes of electricity producer","Total all types of electricity generation","Megawatt hours","210","units","0","v44174720","4.1.1","695703","","","","0"
"2012-06","Nova Scotia","2016A000212","Total all classes of electricity producer","Hydraulic turbine","Megawatt hours","210","units","0","v44174721","4.1.2","57846","","","","0"
"2012-06","Nova Scotia","2016A000212","Total all classes of electricity producer","Conventional steam turbine","Megawatt hours","210","units","0","v44174722","4.1.3","563743","","","","0"
"2012-06","Nova Scotia","2016A000212","Total all classes of electricity producer","Combustion turbine","Megawatt hours","210","units","0","v44174723","4.1.6","41713","","","","0"
"2012-06","Nova Scotia","2016A000212","Total all classes of electricity producer","Tidal power turbine","Megawatt hours","210","units","0","v44174724","4.1.7","2891","","","","0"
"2012-06","Nova Scotia","2016A000212","Total all classes of electricity producer","Wind power turbine","Megawatt hours","210","units","0","v44174725","4.1.8","29510","","","","0"
"2012-06","Nova Scotia","2016A000212","Electricity producers, electric utilities","Total all types of electricity generation","Megawatt hours","210","units","0","v44174726","4.2.1","677270","","","","0"
"2012-06","Nova Scotia","2016A000212","Electricity producers, electric utilities","Hydraulic turbine","Megawatt hours","210","units","0","v44174727","4.2.2","54577","","","","0"
"2012-06","Nova Scotia","2016A000212","Electricity producers, electric utilities","Conventional steam turbine","Megawatt hours","210","units","0","v44174728","4.2.3","548579","","","","0"
"2012-06","Nova Scotia","2016A000212","Electricity producers, electric utilities","Combustion turbine","Megawatt hours","210","units","0","v44174729","4.2.6","41713","","","","0"
"2012-06","Nova Scotia","2016A000212","Electricity producers, electric utilities","Tidal power turbine","Megawatt hours","210","units","0","v44174730","4.2.7","2891","","","","0"
"2012-06","Nova Scotia","2016A000212","Electricity producers, electric utilities","Wind power turbine","Megawatt hours","210","units","0","v44174731","4.2.8","29510","","","","0"
"2012-06","Nova Scotia","2016A000212","Electricity producers, industries","Total all types of electricity generation","Megawatt hours","210","units","0","v44174732","4.3.1","18433","","","","0"
"2012-06","Nova Scotia","2016A000212","Electricity producers, industries","Hydraulic turbine","Megawatt hours","210","units","0","v44174733","4.3.2","3269","","","","0"
"2012-06","Nova Scotia","2016A000212","Electricity producers, industries","Conventional steam turbine","Megawatt hours","210","units","0","v44174734","4.3.3","15164","","","","0"
"2012-06","Nova Scotia","2016A000212","Electricity producers, industries","Wind power turbine","Megawatt hours","210","units","0","v62460553","4.3.8","","..","","","0"
"2012-07","Nova Scotia","2016A000212","Total all classes of electricity producer","Total all types of electricity generation","Megawatt hours","210","units","0","v44174720","4.1.1","726457","","","","0"
"2012-07","Nova Scotia","2016A000212","Total all classes of electricity producer","Hydraulic turbine","Megawatt hours","210","units","0","v44174721","4.1.2","42984","","","","0"
"2012-07","Nova Scotia","2016A000212","Total all classes of electricity producer","Conventional steam turbine","Megawatt hours","210","units","0","v44174722","4.1.3","618896","","","","0"
"2012-07","Nova Scotia","2016A000212","Total all classes of electricity producer","Combustion turbine","Megawatt hours","210","units","0","v44174723","4.1.6","36308","","","","0"
"2012-07","Nova Scotia","2016A000212","Total all classes of electricity producer","Tidal power turbine","Megawatt hours","210","units","0","v44174724","4.1.7","2368","","","","0"
"2012-07","Nova Scotia","2016A000212","Total all classes of electricity producer","Wind power turbine","Megawatt hours","210","units","0","v44174725","4.1.8","25901","","","","0"
"2012-07","Nova Scotia","2016A000212","Electricity producers, electric utilities","Total all types of electricity generation","Megawatt hours","210","units","0","v44174726","4.2.1","709873","","","","0"
"2012-07","Nova Scotia","2016A000212","Electricity producers, electric utilities","Hydraulic turbine","Megawatt hours","210","units","0","v44174727","4.2.2","40888","","","","0"
"2012-07","Nova Scotia","2016A000212","Electricity producers, electric utilities","Conventional steam turbine","Megawatt hours","210","units","0","v44174728","4.2.3","604408","","","","0"
"2012-07","Nova Scotia","2016A000212","Electricity producers, electric utilities","Combustion turbine","Megawatt hours","210","units","0","v44174729","4.2.6","36308","","","","0"
"2012-07","Nova Scotia","2016A000212","Electricity producers, electric utilities","Tidal power turbine","Megawatt hours","210","units","0","v44174730","4.2.7","2368","","","","0"
"2012-07","Nova Scotia","2016A000212","Electricity producers, electric utilities","Wind power turbine","Megawatt hours","210","units","0","v44174731","4.2.8","25901","","","","0"
"2012-07","Nova Scotia","2016A000212","Electricity producers, industries","Total all types of electricity generation","Megawatt hours","210","units","0","v44174732","4.3.1","16584","","","","0"
"2012-07","Nova Scotia","2016A000212","Electricity producers, industries","Hydraulic turbine","Megawatt hours","210","units","0","v44174733","4.3.2","2096","","","","0"
"2012-07","Nova Scotia","2016A000212","Electricity producers, industries","Conventional steam turbine","Megawatt hours","210","units","0","v44174734","4.3.3","14488","","","","0"
"2012-07","Nova Scotia","2016A000212","Electricity producers, industries","Wind power turbine","Megawatt hours","210","units","0","v62460553","4.3.8","","..","","","0"
"2012-08","Nova Scotia","2016A000212","Total all classes of electricity producer","Total all types of electricity generation","Megawatt hours","210","units","0","v44174720","4.1.1","760946","","","","0"
"2012-08","Nova Scotia","2016A000212","Total all classes of electricity producer","Hydraulic turbine","Megawatt hours","210","units","0","v44174721","4.1.2","19284","","","","0"
"2012-08","Nova Scotia","2016A000212","Total all classes of electricity producer","Conventional steam turbine","Megawatt hours","210","units","0","v44174722","4.1.3","661340","","","","0"
"2012-08","Nova Scotia","2016A000212","Total all classes of electricity producer","Combustion turbine","Megawatt hours","210","units","0","v44174723","4.1.6","52233","","","","0"
"2012-08","Nova Scotia","2016A000212","Total all classes of electricity producer","Tidal power turbine","Megawatt hours","210","units","0","v44174724","4.1.7","2464","","","","0"
"2012-08","Nova Scotia","2016A000212","Total all classes of electricity producer","Wind power turbine","Megawatt hours","210","units","0","v44174725","4.1.8","25625","","","","0"
"2012-08","Nova Scotia","2016A000212","Electricity producers, electric utilities","Total all types of electricity generation","Megawatt hours","210","units","0","v44174726","4.2.1","741717","","","","0"
"2012-08","Nova Scotia","2016A000212","Electricity producers, electric utilities","Hydraulic turbine","Megawatt hours","210","units","0","v44174727","4.2.2","15908","","","","0"
"2012-08","Nova Scotia","2016A000212","Electricity producers, electric utilities","Conventional steam turbine","Megawatt hours","210","units","0","v44174728","4.2.3","645487","","","","0"
"2012-08","Nova Scotia","2016A000212","Electricity producers, electric utilities","Combustion turbine","Megawatt hours","210","units","0","v44174729","4.2.6","52233","","","","0"
"2012-08","Nova Scotia","2016A000212","Electricity producers, electric utilities","Tidal power turbine","Megawatt hours","210","units","0","v44174730","4.2.7","2464","","","","0"
"2012-08","Nova Scotia","2016A000212","Electricity producers, electric utilities","Wind power turbine","Megawatt hours","210","units","0","v44174731","4.2.8","25625","","","","0"
"2012-08","Nova Scotia","2016A000212","Electricity producers, industries","Total all types of electricity generation","Megawatt hours","210","units","0","v44174732","4.3.1","19229","","","","0"
"2012-08","Nova Scotia","2016A000212","Electricity producers, industries","Hydraulic turbine","Megawatt hours","210","units","0","v44174733","4.3.2","3376","","","","0"
"2012-08","Nova Scotia","2016A000212","Electricity producers, industries","Conventional steam turbine","Megawatt hours","210","units","0","v44174734","4.3.3","15853","","","","0"
"2012-08","Nova Scotia","2016A000212","Electricity producers, industries","Wind power turbine","Megawatt hours","210","units","0","v62460553","4.3.8","","..","","","0"
"2012-09","Nova Scotia","2016A000212","Total all classes of electricity producer","Total all types of electricity generation","Megawatt hours","210","units","0","v44174720","4.1.1","668509","","","","0"
"2012-09","Nova Scotia","2016A000212","Total all classes of electricity producer","Hydraulic turbine","Megawatt hours","210","units","0","v44174721","4.1.2","31132","","","","0"
"2012-09","Nova Scotia","2016A000212","Total all classes of electricity producer","Conventional steam turbine","Megawatt hours","210","units","0","v44174722","4.1.3","555432","","","","0"
"2012-09","Nova Scotia","2016A000212","Total all classes of electricity producer","Combustion turbine","Megawatt hours","210","units","0","v44174723","4.1.6","40649","","","","0"
"2012-09","Nova Scotia","2016A000212","Total all classes of electricity producer","Tidal power turbine","Megawatt hours","210","units","0","v44174724","4.1.7","2609","","","","0"
"2012-09","Nova Scotia","2016A000212","Total all classes of electricity producer","Wind power turbine","Megawatt hours","210","units","0","v44174725","4.1.8","38687","","","","0"
"2012-09","Nova Scotia","2016A000212","Electricity producers, electric utilities","Total all types of electricity generation","Megawatt hours","210","units","0","v44174726","4.2.1","651289","","","","0"
"2012-09","Nova Scotia","2016A000212","Electricity producers, electric utilities","Hydraulic turbine","Megawatt hours","210","units","0","v44174727","4.2.2","29966","","","","0"
"2012-09","Nova Scotia","2016A000212","Electricity producers, electric utilities","Conventional steam turbine","Megawatt hours","210","units","0","v44174728","4.2.3","539378","","","","0"
"2012-09","Nova Scotia","2016A000212","Electricity producers, electric utilities","Combustion turbine","Megawatt hours","210","units","0","v44174729","4.2.6","40649","","","","0"
"2012-09","Nova Scotia","2016A000212","Electricity producers, electric utilities","Tidal power turbine","Megawatt hours","210","units","0","v44174730","4.2.7","2609","","","","0"
"2012-09","Nova Scotia","2016A000212","Electricity producers, electric utilities","Wind power turbine","Megawatt hours","210","units","0","v44174731","4.2.8","38687","","","","0"
"2012-09","Nova Scotia","2016A000212","Electricity producers, industries","Total all types of electricity generation","Megawatt hours","210","units","0","v44174732","4.3.1","17220","","","","0"
"2012-09","Nova Scotia","2016A000212","Electricity producers, industries","Hydraulic turbine","Megawatt hours","210","units","0","v44174733","4.3.2","1166","","","","0"
"2012-09","Nova Scotia","2016A000212","Electricity producers, industries","Conventional steam turbine","Megawatt hours","210","units","0","v44174734","4.3.3","16054","","","","0"
"2012-09","Nova Scotia","2016A000212","Electricity producers, industries","Wind power turbine","Megawatt hours","210","units","0","v62460553","4.3.8","","..","","","0"
"2012-10","Nova Scotia","2016A000212","Total all classes of electricity producer","Total all types of electricity generation","Megawatt hours","210","units","0","v44174720","4.1.1","815473","","","","0"
"2012-10","Nova Scotia","2016A000212","Total all classes of electricity producer","Hydraulic turbine","Megawatt hours","210","units","0","v44174721","4.1.2","75030","","","","0"
"2012-10","Nova Scotia","2016A000212","Total all classes of electricity producer","Conventional steam turbine","Megawatt hours","210","units","0","v44174722","4.1.3","623135","","","","0"
"2012-10","Nova Scotia","2016A000212","Total all classes of electricity producer","Combustion turbine","Megawatt hours","210","units","0","v44174723","4.1.6","67884","","","","0"
"2012-10","Nova Scotia","2016A000212","Total all classes of electricity producer","Tidal power turbine","Megawatt hours","210","units","0","v44174724","4.1.7","2096","","","","0"
"2012-10","Nova Scotia","2016A000212","Total all classes of electricity producer","Wind power turbine","Megawatt hours","210","units","0","v44174725","4.1.8","47328","","","","0"
"2012-10","Nova Scotia","2016A000212","Electricity producers, electric utilities","Total all types of electricity generation","Megawatt hours","210","units","0","v44174726","4.2.1","800876","","","","0"
"2012-10","Nova Scotia","2016A000212","Electricity producers, electric utilities","Hydraulic turbine","Megawatt hours","210","units","0","v44174727","4.2.2","74691","","","","0"
"2012-10","Nova Scotia","2016A000212","Electricity producers, electric utilities","Conventional steam turbine","Megawatt hours","210","units","0","v44174728","4.2.3","608877","","","","0"
"2012-10","Nova Scotia","2016A000212","Electricity producers, electric utilities","Combustion turbine","Megawatt hours","210","units","0","v44174729","4.2.6","67884","","","","0"
"2012-10","Nova Scotia","2016A000212","Electricity producers, electric utilities","Tidal power turbine","Megawatt hours","210","units","0","v44174730","4.2.7","2096","","","","0"
"2012-10","Nova Scotia","2016A000212","Electricity producers, electric utilities","Wind power turbine","Megawatt hours","210","units","0","v44174731","4.2.8","47328","","","","0"
"2012-10","Nova Scotia","2016A000212","Electricity producers, industries","Total all types of electricity generation","Megawatt hours","210","units","0","v44174732","4.3.1","14597","","","","0"
"2012-10","Nova Scotia","2016A000212","Electricity producers, industries","Hydraulic turbine","Megawatt hours","210","units","0","v44174733","4.3.2","339","","","","0"
"2012-10","Nova Scotia","2016A000212","Electricity producers, industries","Conventional steam turbine","Megawatt hours","210","units","0","v44174734","4.3.3","14258","","","","0"
"2012-10","Nova Scotia","2016A000212","Electricity producers, industries","Wind power turbine","Megawatt hours","210","units","0","v62460553","4.3.8","","..","","","0"
"2012-11","Nova Scotia","2016A000212","Total all classes of electricity producer","Total all types of electricity generation","Megawatt hours","210","units","0","v44174720","4.1.1","905230","","","","0"
"2012-11","Nova Scotia","2016A000212","Total all classes of electricity producer","Hydraulic turbine","Megawatt hours","210","units","0","v44174721","4.1.2","91092","","","","0"
"2012-11","Nova Scotia","2016A000212","Total all classes of electricity producer","Conventional steam turbine","Megawatt hours","210","units","0","v44174722","4.1.3","758029","","","","0"
"2012-11","Nova Scotia","2016A000212","Total all classes of electricity producer","Combustion turbine","Megawatt hours","210","units","0","v44174723","4.1.6","13632","","","","0"
"2012-11","Nova Scotia","2016A000212","Total all classes of electricity producer","Tidal power turbine","Megawatt hours","210","units","0","v44174724","4.1.7","2388","","","","0"
"2012-11","Nova Scotia","2016A000212","Total all classes of electricity producer","Wind power turbine","Megawatt hours","210","units","0","v44174725","4.1.8","40089","","","","0"
"2012-11","Nova Scotia","2016A000212","Electricity producers, electric utilities","Total all types of electricity generation","Megawatt hours","210","units","0","v44174726","4.2.1","890511","","","","0"
"2012-11","Nova Scotia","2016A000212","Electricity producers, electric utilities","Hydraulic turbine","Megawatt hours","210","units","0","v44174727","4.2.2","88788","","","","0"
"2012-11","Nova Scotia","2016A000212","Electricity producers, electric utilities","Conventional steam turbine","Megawatt hours","210","units","0","v44174728","4.2.3","745614","","","","0"
"2012-11","Nova Scotia","2016A000212","Electricity producers, electric utilities","Combustion turbine","Megawatt hours","210","units","0","v44174729","4.2.6","13632","","","","0"
"2012-11","Nova Scotia","2016A000212","Electricity producers, electric utilities","Tidal power turbine","Megawatt hours","210","units","0","v44174730","4.2.7","2388","","","","0"
"2012-11","Nova Scotia","2016A000212","Electricity producers, electric utilities","Wind power turbine","Megawatt hours","210","units","0","v44174731","4.2.8","40089","","","","0"
"2012-11","Nova Scotia","2016A000212","Electricity producers, industries","Total all types of electricity generation","Megawatt hours","210","units","0","v44174732","4.3.1","14719","","","","0"
"2012-11","Nova Scotia","2016A000212","Electricity producers, industries","Hydraulic turbine","Megawatt hours","210","units","0","v44174733","4.3.2","2304","","","","0"
"2012-11","Nova Scotia","2016A000212","Electricity producers, industries","Conventional steam turbine","Megawatt hours","210","units","0","v44174734","4.3.3","12415","","","","0"
"2012-11","Nova Scotia","2016A000212","Electricity producers, industries","Wind power turbine","Megawatt hours","210","units","0","v62460553","4.3.8","","..","","","0"
"2012-12","Nova Scotia","2016A000212","Total all classes of electricity producer","Total all types of electricity generation","Megawatt hours","210","units","0","v44174720","4.1.1","1015394","","","","0"
"2012-12","Nova Scotia","2016A000212","Total all classes of electricity producer","Hydraulic turbine","Megawatt hours","210","units","0","v44174721","4.1.2","87254","","","","0"
"2012-12","Nova Scotia","2016A000212","Total all classes of electricity producer","Conventional steam turbine","Megawatt hours","210","units","0","v44174722","4.1.3","847033","","","","0"
"2012-12","Nova Scotia","2016A000212","Total all classes of electricity producer","Combustion turbine","Megawatt hours","210","units","0","v44174723","4.1.6","26804","","","","0"
"2012-12","Nova Scotia","2016A000212","Total all classes of electricity producer","Tidal power turbine","Megawatt hours","210","units","0","v44174724","4.1.7","2498","","","","0"
"2012-12","Nova Scotia","2016A000212","Total all classes of electricity producer","Wind power turbine","Megawatt hours","210","units","0","v44174725","4.1.8","51805","","","","0"
"2012-12","Nova Scotia","2016A000212","Electricity producers, electric utilities","Total all types of electricity generation","Megawatt hours","210","units","0","v44174726","4.2.1","995846","","","","0"
"2012-12","Nova Scotia","2016A000212","Electricity producers, electric utilities","Hydraulic turbine","Megawatt hours","210","units","0","v44174727","4.2.2","83707","","","","0"
"2012-12","Nova Scotia","2016A000212","Electricity producers, electric utilities","Conventional steam turbine","Megawatt hours","210","units","0","v44174728","4.2.3","831032","","","","0"
"2012-12","Nova Scotia","2016A000212","Electricity producers, electric utilities","Combustion turbine","Megawatt hours","210","units","0","v44174729","4.2.6","26804","","","","0"
"2012-12","Nova Scotia","2016A000212","Electricity producers, electric utilities","Tidal power turbine","Megawatt hours","210","units","0","v44174730","4.2.7","2498","","","","0"
"2012-12","Nova Scotia","2016A000212","Electricity producers, electric utilities","Wind power turbine","Megawatt hours","210","units","0","v44174731","4.2.8","51805","","","","0"
"2012-12","Nova Scotia","2016A000212","Electricity producers, industries","Total all types of electricity generation","Megawatt hours","210","units","0","v44174732","4.3.1","19548","","","","0"
"2012-12","Nova Scotia","2016A000212","Electricity producers, industries","Hydraulic turbine","Megawatt hours","210","units","0","v44174733","4.3.2","3547","","","","0"
"2012-12","Nova Scotia","2016A000212","Electricity producers, industries","Conventional steam turbine","Megawatt hours","210","units","0","v44174734","4.3.3","16001","","","","0"
"2012-12","Nova Scotia","2016A000212","Electricity producers, industries","Wind power turbine","Megawatt hours","210","units","0","v62460553","4.3.8","","..","","","0"
"2013-01","Nova Scotia","2016A000212","Total all classes of electricity producer","Total all types of electricity generation","Megawatt hours","210","units","0","v44174720","4.1.1","1098014","","","","0"
"2013-01","Nova Scotia","2016A000212","Total all classes of electricity producer","Hydraulic turbine","Megawatt hours","210","units","0","v44174721","4.1.2","96515","","","","0"
"2013-01","Nova Scotia","2016A000212","Total all classes of electricity producer","Conventional steam turbine","Megawatt hours","210","units","0","v44174722","4.1.3","894824","","","","0"
"2013-01","Nova Scotia","2016A000212","Total all classes of electricity producer","Combustion turbine","Megawatt hours","210","units","0","v44174723","4.1.6","47280","","","","0"
"2013-01","Nova Scotia","2016A000212","Total all classes of electricity producer","Tidal power turbine","Megawatt hours","210","units","0","v44174724","4.1.7","2324","","","","0"
"2013-01","Nova Scotia","2016A000212","Total all classes of electricity producer","Wind power turbine","Megawatt hours","210","units","0","v44174725","4.1.8","57071","","","","0"
"2013-01","Nova Scotia","2016A000212","Electricity producers, electric utilities","Total all types of electricity generation","Megawatt hours","210","units","0","v44174726","4.2.1","1081956","","","","0"
"2013-01","Nova Scotia","2016A000212","Electricity producers, electric utilities","Hydraulic turbine","Megawatt hours","210","units","0","v44174727","4.2.2","96515","","","","0"
"2013-01","Nova Scotia","2016A000212","Electricity producers, electric utilities","Conventional steam turbine","Megawatt hours","210","units","0","v44174728","4.2.3","878766","","","","0"
"2013-01","Nova Scotia","2016A000212","Electricity producers, electric utilities","Combustion turbine","Megawatt hours","210","units","0","v44174729","4.2.6","47280","","","","0"
"2013-01","Nova Scotia","2016A000212","Electricity producers, electric utilities","Tidal power turbine","Megawatt hours","210","units","0","v44174730","4.2.7","2324","","","","0"
"2013-01","Nova Scotia","2016A000212","Electricity producers, electric utilities","Wind power turbine","Megawatt hours","210","units","0","v44174731","4.2.8","57071","","","","0"
"2013-01","Nova Scotia","2016A000212","Electricity producers, industries","Total all types of electricity generation","Megawatt hours","210","units","0","v44174732","4.3.1","16058","","","","0"
"2013-01","Nova Scotia","2016A000212","Electricity producers, industries","Hydraulic turbine","Megawatt hours","210","units","0","v44174733","4.3.2","","..","","","0"
"2013-01","Nova Scotia","2016A000212","Electricity producers, industries","Conventional steam turbine","Megawatt hours","210","units","0","v44174734","4.3.3","16058","","","","0"
"2013-01","Nova Scotia","2016A000212","Electricity producers, industries","Wind power turbine","Megawatt hours","210","units","0","v62460553","4.3.8","","..","","","0"
"2013-02","Nova Scotia","2016A000212","Total all classes of electricity producer","Total all types of electricity generation","Megawatt hours","210","units","0","v44174720","4.1.1","1109874","","","","0"
"2013-02","Nova Scotia","2016A000212","Total all classes of electricity producer","Hydraulic turbine","Megawatt hours","210","units","0","v44174721","4.1.2","95915","","","","0"
"2013-02","Nova Scotia","2016A000212","Total all classes of electricity producer","Conventional steam turbine","Megawatt hours","210","units","0","v44174722","4.1.3","952302","","","","0"
"2013-02","Nova Scotia","2016A000212","Total all classes of electricity producer","Combustion turbine","Megawatt hours","210","units","0","v44174723","4.1.6","26735","","","","0"
"2013-02","Nova Scotia","2016A000212","Total all classes of electricity producer","Tidal power turbine","Megawatt hours","210","units","0","v44174724","4.1.7","2170","","","","0"
"2013-02","Nova Scotia","2016A000212","Total all classes of electricity producer","Wind power turbine","Megawatt hours","210","units","0","v44174725","4.1.8","32752","","","","0"
"2013-02","Nova Scotia","2016A000212","Electricity producers, electric utilities","Total all types of electricity generation","Megawatt hours","210","units","0","v44174726","4.2.1","1094841","","","","0"
"2013-02","Nova Scotia","2016A000212","Electricity producers, electric utilities","Hydraulic turbine","Megawatt hours","210","units","0","v44174727","4.2.2","95915","","","","0"
"2013-02","Nova Scotia","2016A000212","Electricity producers, electric utilities","Conventional steam turbine","Megawatt hours","210","units","0","v44174728","4.2.3","937269","","","","0"
"2013-02","Nova Scotia","2016A000212","Electricity producers, electric utilities","Combustion turbine","Megawatt hours","210","units","0","v44174729","4.2.6","26735","","","","0"
"2013-02","Nova Scotia","2016A000212","Electricity producers, electric utilities","Tidal power turbine","Megawatt hours","210","units","0","v44174730","4.2.7","2170","","","","0"
"2013-02","Nova Scotia","2016A000212","Electricity producers, electric utilities","Wind power turbine","Megawatt hours","210","units","0","v44174731","4.2.8","32752","","","","0"
"2013-02","Nova Scotia","2016A000212","Electricity producers, industries","Total all types of electricity generation","Megawatt hours","210","units","0","v44174732","4.3.1","15033","","","","0"
"2013-02","Nova Scotia","2016A000212","Electricity producers, industries","Hydraulic turbine","Megawatt hours","210","units","0","v44174733","4.3.2","","..","","","0"
"2013-02","Nova Scotia","2016A000212","Electricity producers, industries","Conventional steam turbine","Megawatt hours","210","units","0","v44174734","4.3.3","15033","","","","0"
"2013-02","Nova Scotia","2016A000212","Electricity producers, industries","Wind power turbine","Megawatt hours","210","units","0","v62460553","4.3.8","","..","","","0"
"2013-03","Nova Scotia","2016A000212","Total all classes of electricity producer","Total all types of electricity generation","Megawatt hours","210","units","0","v44174720","4.1.1","950904","","","","0"
"2013-03","Nova Scotia","2016A000212","Total all classes of electricity producer","Hydraulic turbine","Megawatt hours","210","units","0","v44174721","4.1.2","100245","","","","0"
"2013-03","Nova Scotia","2016A000212","Total all classes of electricity producer","Conventional steam turbine","Megawatt hours","210","units","0","v44174722","4.1.3","784342","","","","0"
"2013-03","Nova Scotia","2016A000212","Total all classes of electricity producer","Combustion turbine","Megawatt hours","210","units","0","v44174723","4.1.6","28264","","","","0"
"2013-03","Nova Scotia","2016A000212","Total all classes of electricity producer","Tidal power turbine","Megawatt hours","210","units","0","v44174724","4.1.7","2559","","","","0"
"2013-03","Nova Scotia","2016A000212","Total all classes of electricity producer","Wind power turbine","Megawatt hours","210","units","0","v44174725","4.1.8","35494","","","","0"
"2013-03","Nova Scotia","2016A000212","Electricity producers, electric utilities","Total all types of electricity generation","Megawatt hours","210","units","0","v44174726","4.2.1","934471","","","","0"
"2013-03","Nova Scotia","2016A000212","Electricity producers, electric utilities","Hydraulic turbine","Megawatt hours","210","units","0","v44174727","4.2.2","100245","","","","0"
"2013-03","Nova Scotia","2016A000212","Electricity producers, electric utilities","Conventional steam turbine","Megawatt hours","210","units","0","v44174728","4.2.3","767909","","","","0"
"2013-03","Nova Scotia","2016A000212","Electricity producers, electric utilities","Combustion turbine","Megawatt hours","210","units","0","v44174729","4.2.6","28264","","","","0"
"2013-03","Nova Scotia","2016A000212","Electricity producers, electric utilities","Tidal power turbine","Megawatt hours","210","units","0","v44174730","4.2.7","2559","","","","0"
"2013-03","Nova Scotia","2016A000212","Electricity producers, electric utilities","Wind power turbine","Megawatt hours","210","units","0","v44174731","4.2.8","35494","","","","0"
"2013-03","Nova Scotia","2016A000212","Electricity producers, industries","Total all types of electricity generation","Megawatt hours","210","units","0","v44174732","4.3.1","16433","","","","0"
"2013-03","Nova Scotia","2016A000212","Electricity producers, industries","Hydraulic turbine","Megawatt hours","210","units","0","v44174733","4.3.2","","..","","","0"
"2013-03","Nova Scotia","2016A000212","Electricity producers, industries","Conventional steam turbine","Megawatt hours","210","units","0","v44174734","4.3.3","16433","","","","0"
"2013-03","Nova Scotia","2016A000212","Electricity producers, industries","Wind power turbine","Megawatt hours","210","units","0","v62460553","4.3.8","","..","","","0"
"2013-04","Nova Scotia","2016A000212","Total all classes of electricity producer","Total all types of electricity generation","Megawatt hours","210","units","0","v44174720","4.1.1","858836","","","","0"
"2013-04","Nova Scotia","2016A000212","Total all classes of electricity producer","Hydraulic turbine","Megawatt hours","210","units","0","v44174721","4.1.2","106242","","","","0"
"2013-04","Nova Scotia","2016A000212","Total all classes of electricity producer","Conventional steam turbine","Megawatt hours","210","units","0","v44174722","4.1.3","705775","","","","0"
"2013-04","Nova Scotia","2016A000212","Total all classes of electricity producer","Combustion turbine","Megawatt hours","210","units","0","v44174723","4.1.6","8238","","","","0"
"2013-04","Nova Scotia","2016A000212","Total all classes of electricity producer","Tidal power turbine","Megawatt hours","210","units","0","v44174724","4.1.7","2447","","","","0"
"2013-04","Nova Scotia","2016A000212","Total all classes of electricity producer","Wind power turbine","Megawatt hours","210","units","0","v44174725","4.1.8","36134","","","","0"
"2013-04","Nova Scotia","2016A000212","Electricity producers, electric utilities","Total all types of electricity generation","Megawatt hours","210","units","0","v44174726","4.2.1","842597","","","","0"
"2013-04","Nova Scotia","2016A000212","Electricity producers, electric utilities","Hydraulic turbine","Megawatt hours","210","units","0","v44174727","4.2.2","106242","","","","0"
"2013-04","Nova Scotia","2016A000212","Electricity producers, electric utilities","Conventional steam turbine","Megawatt hours","210","units","0","v44174728","4.2.3","689536","","","","0"
"2013-04","Nova Scotia","2016A000212","Electricity producers, electric utilities","Combustion turbine","Megawatt hours","210","units","0","v44174729","4.2.6","8238","","","","0"
"2013-04","Nova Scotia","2016A000212","Electricity producers, electric utilities","Tidal power turbine","Megawatt hours","210","units","0","v44174730","4.2.7","2447","","","","0"
"2013-04","Nova Scotia","2016A000212","Electricity producers, electric utilities","Wind power turbine","Megawatt hours","210","units","0","v44174731","4.2.8","36134","","","","0"
"2013-04","Nova Scotia","2016A000212","Electricity producers, industries","Total all types of electricity generation","Megawatt hours","210","units","0","v44174732","4.3.1","16239","","","","0"
"2013-04","Nova Scotia","2016A000212","Electricity producers, industries","Hydraulic turbine","Megawatt hours","210","units","0","v44174733","4.3.2","","..","","","0"
"2013-04","Nova Scotia","2016A000212","Electricity producers, industries","Conventional steam turbine","Megawatt hours","210","units","0","v44174734","4.3.3","16239","","","","0"
"2013-04","Nova Scotia","2016A000212","Electricity producers, industries","Wind power turbine","Megawatt hours","210","units","0","v62460553","4.3.8","","..","","","0"
"2013-05","Nova Scotia","2016A000212","Total all classes of electricity producer","Total all types of electricity generation","Megawatt hours","210","units","0","v44174720","4.1.1","781325","","","","0"
"2013-05","Nova Scotia","2016A000212","Total all classes of electricity producer","Hydraulic turbine","Megawatt hours","210","units","0","v44174721","4.1.2","76873","","","","0"
"2013-05","Nova Scotia","2016A000212","Total all classes of electricity producer","Conventional steam turbine","Megawatt hours","210","units","0","v44174722","4.1.3","657512","","","","0"
"2013-05","Nova Scotia","2016A000212","Total all classes of electricity producer","Combustion turbine","Megawatt hours","210","units","0","v44174723","4.1.6","3848","","","","0"
"2013-05","Nova Scotia","2016A000212","Total all classes of electricity producer","Tidal power turbine","Megawatt hours","210","units","0","v44174724","4.1.7","2799","","","","0"
"2013-05","Nova Scotia","2016A000212","Total all classes of electricity producer","Wind power turbine","Megawatt hours","210","units","0","v44174725","4.1.8","40293","","","","0"
"2013-05","Nova Scotia","2016A000212","Electricity producers, electric utilities","Total all types of electricity generation","Megawatt hours","210","units","0","v44174726","4.2.1","765077","","","","0"
"2013-05","Nova Scotia","2016A000212","Electricity producers, electric utilities","Hydraulic turbine","Megawatt hours","210","units","0","v44174727","4.2.2","76873","","","","0"
"2013-05","Nova Scotia","2016A000212","Electricity producers, electric utilities","Conventional steam turbine","Megawatt hours","210","units","0","v44174728","4.2.3","641264","","","","0"
"2013-05","Nova Scotia","2016A000212","Electricity producers, electric utilities","Combustion turbine","Megawatt hours","210","units","0","v44174729","4.2.6","3848","","","","0"
"2013-05","Nova Scotia","2016A000212","Electricity producers, electric utilities","Tidal power turbine","Megawatt hours","210","units","0","v44174730","4.2.7","2799","","","","0"
"2013-05","Nova Scotia","2016A000212","Electricity producers, electric utilities","Wind power turbine","Megawatt hours","210","units","0","v44174731","4.2.8","40293","","","","0"
"2013-05","Nova Scotia","2016A000212","Electricity producers, industries","Total all types of electricity generation","Megawatt hours","210","units","0","v44174732","4.3.1","16248","","","","0"
"2013-05","Nova Scotia","2016A000212","Electricity producers, industries","Hydraulic turbine","Megawatt hours","210","units","0","v44174733","4.3.2","","..","","","0"
"2013-05","Nova Scotia","2016A000212","Electricity producers, industries","Conventional steam turbine","Megawatt hours","210","units","0","v44174734","4.3.3","16248","","","","0"
"2013-05","Nova Scotia","2016A000212","Electricity producers, industries","Wind power turbine","Megawatt hours","210","units","0","v62460553","4.3.8","","..","","","0"
"2013-06","Nova Scotia","2016A000212","Total all classes of electricity producer","Total all types of electricity generation","Megawatt hours","210","units","0","v44174720","4.1.1","687731","","","","0"
"2013-06","Nova Scotia","2016A000212","Total all classes of electricity producer","Hydraulic turbine","Megawatt hours","210","units","0","v44174721","4.1.2","55597","","","","0"
"2013-06","Nova Scotia","2016A000212","Total all classes of electricity producer","Conventional steam turbine","Megawatt hours","210","units","0","v44174722","4.1.3","591808","","","","0"
"2013-06","Nova Scotia","2016A000212","Total all classes of electricity producer","Combustion turbine","Megawatt hours","210","units","0","v44174723","4.1.6","6636","","","","0"
"2013-06","Nova Scotia","2016A000212","Total all classes of electricity producer","Tidal power turbine","Megawatt hours","210","units","0","v44174724","4.1.7","435","","","","0"
"2013-06","Nova Scotia","2016A000212","Total all classes of electricity producer","Wind power turbine","Megawatt hours","210","units","0","v44174725","4.1.8","33255","","","","0"
"2013-06","Nova Scotia","2016A000212","Electricity producers, electric utilities","Total all types of electricity generation","Megawatt hours","210","units","0","v44174726","4.2.1","679347","","","","0"
"2013-06","Nova Scotia","2016A000212","Electricity producers, electric utilities","Hydraulic turbine","Megawatt hours","210","units","0","v44174727","4.2.2","55597","","","","0"
"2013-06","Nova Scotia","2016A000212","Electricity producers, electric utilities","Conventional steam turbine","Megawatt hours","210","units","0","v44174728","4.2.3","583424","","","","0"
"2013-06","Nova Scotia","2016A000212","Electricity producers, electric utilities","Combustion turbine","Megawatt hours","210","units","0","v44174729","4.2.6","6636","","","","0"
"2013-06","Nova Scotia","2016A000212","Electricity producers, electric utilities","Tidal power turbine","Megawatt hours","210","units","0","v44174730","4.2.7","435","","","","0"
"2013-06","Nova Scotia","2016A000212","Electricity producers, electric utilities","Wind power turbine","Megawatt hours","210","units","0","v44174731","4.2.8","33255","","","","0"
"2013-06","Nova Scotia","2016A000212","Electricity producers, industries","Total all types of electricity generation","Megawatt hours","210","units","0","v44174732","4.3.1","8384","","","","0"
"2013-06","Nova Scotia","2016A000212","Electricity producers, industries","Hydraulic turbine","Megawatt hours","210","units","0","v44174733","4.3.2","","..","","","0"
"2013-06","Nova Scotia","2016A000212","Electricity producers, industries","Conventional steam turbine","Megawatt hours","210","units","0","v44174734","4.3.3","8384","","","","0"
"2013-06","Nova Scotia","2016A000212","Electricity producers, industries","Wind power turbine","Megawatt hours","210","units","0","v62460553","4.3.8","","..","","","0"
"2013-07","Nova Scotia","2016A000212","Total all classes of electricity producer","Total all types of electricity generation","Megawatt hours","210","units","0","v44174720","4.1.1","785594","","","","0"
"2013-07","Nova Scotia","2016A000212","Total all classes of electricity producer","Hydraulic turbine","Megawatt hours","210","units","0","v44174721","4.1.2","58507","","","","0"
"2013-07","Nova Scotia","2016A000212","Total all classes of electricity producer","Conventional steam turbine","Megawatt hours","210","units","0","v44174722","4.1.3","658400","","","","0"
"2013-07","Nova Scotia","2016A000212","Total all classes of electricity producer","Combustion turbine","Megawatt hours","210","units","0","v44174723","4.1.6","40031","","","","0"
"2013-07","Nova Scotia","2016A000212","Total all classes of electricity producer","Tidal power turbine","Megawatt hours","210","units","0","v44174724","4.1.7","585","","","","0"
"2013-07","Nova Scotia","2016A000212","Total all classes of electricity producer","Wind power turbine","Megawatt hours","210","units","0","v44174725","4.1.8","28071","","","","0"
"2013-07","Nova Scotia","2016A000212","Electricity producers, electric utilities","Total all types of electricity generation","Megawatt hours","210","units","0","v44174726","4.2.1","769974","","","","0"
"2013-07","Nova Scotia","2016A000212","Electricity producers, electric utilities","Hydraulic turbine","Megawatt hours","210","units","0","v44174727","4.2.2","58507","","","","0"
"2013-07","Nova Scotia","2016A000212","Electricity producers, electric utilities","Conventional steam turbine","Megawatt hours","210","units","0","v44174728","4.2.3","642780","","","","0"
"2013-07","Nova Scotia","2016A000212","Electricity producers, electric utilities","Combustion turbine","Megawatt hours","210","units","0","v44174729","4.2.6","40031","","","","0"
"2013-07","Nova Scotia","2016A000212","Electricity producers, electric utilities","Tidal power turbine","Megawatt hours","210","units","0","v44174730","4.2.7","585","","","","0"
"2013-07","Nova Scotia","2016A000212","Electricity producers, electric utilities","Wind power turbine","Megawatt hours","210","units","0","v44174731","4.2.8","28071","","","","0"
"2013-07","Nova Scotia","2016A000212","Electricity producers, industries","Total all types of electricity generation","Megawatt hours","210","units","0","v44174732","4.3.1","15620","","","","0"
"2013-07","Nova Scotia","2016A000212","Electricity producers, industries","Hydraulic turbine","Megawatt hours","210","units","0","v44174733","4.3.2","","..","","","0"
"2013-07","Nova Scotia","2016A000212","Electricity producers, industries","Conventional steam turbine","Megawatt hours","210","units","0","v44174734","4.3.3","15620","","","","0"
"2013-07","Nova Scotia","2016A000212","Electricity producers, industries","Wind power turbine","Megawatt hours","210","units","0","v62460553","4.3.8","","..","","","0"
"2013-08","Nova Scotia","2016A000212","Total all classes of electricity producer","Total all types of electricity generation","Megawatt hours","210","units","0","v44174720","4.1.1","730077","","","","0"
"2013-08","Nova Scotia","2016A000212","Total all classes of electricity producer","Hydraulic turbine","Megawatt hours","210","units","0","v44174721","4.1.2","42835","","","","0"
"2013-08","Nova Scotia","2016A000212","Total all classes of electricity producer","Conventional steam turbine","Megawatt hours","210","units","0","v44174722","4.1.3","583462","","","","0"
"2013-08","Nova Scotia","2016A000212","Total all classes of electricity producer","Combustion turbine","Megawatt hours","210","units","0","v44174723","4.1.6","74012","","","","0"
"2013-08","Nova Scotia","2016A000212","Total all classes of electricity producer","Tidal power turbine","Megawatt hours","210","units","0","v44174724","4.1.7","-167","","","","0"
"2013-08","Nova Scotia","2016A000212","Total all classes of electricity producer","Wind power turbine","Megawatt hours","210","units","0","v44174725","4.1.8","29935","","","","0"
"2013-08","Nova Scotia","2016A000212","Electricity producers, electric utilities","Total all types of electricity generation","Megawatt hours","210","units","0","v44174726","4.2.1","713717","","","","0"
"2013-08","Nova Scotia","2016A000212","Electricity producers, electric utilities","Hydraulic turbine","Megawatt hours","210","units","0","v44174727","4.2.2","42835","","","","0"
"2013-08","Nova Scotia","2016A000212","Electricity producers, electric utilities","Conventional steam turbine","Megawatt hours","210","units","0","v44174728","4.2.3","567102","","","","0"
"2013-08","Nova Scotia","2016A000212","Electricity producers, electric utilities","Combustion turbine","Megawatt hours","210","units","0","v44174729","4.2.6","74012","","","","0"
"2013-08","Nova Scotia","2016A000212","Electricity producers, electric utilities","Tidal power turbine","Megawatt hours","210","units","0","v44174730","4.2.7","-167","","","","0"
"2013-08","Nova Scotia","2016A000212","Electricity producers, electric utilities","Wind power turbine","Megawatt hours","210","units","0","v44174731","4.2.8","29935","","","","0"
"2013-08","Nova Scotia","2016A000212","Electricity producers, industries","Total all types of electricity generation","Megawatt hours","210","units","0","v44174732","4.3.1","16360","","","","0"
"2013-08","Nova Scotia","2016A000212","Electricity producers, industries","Hydraulic turbine","Megawatt hours","210","units","0","v44174733","4.3.2","","..","","","0"
"2013-08","Nova Scotia","2016A000212","Electricity producers, industries","Conventional steam turbine","Megawatt hours","210","units","0","v44174734","4.3.3","16360","","","","0"
"2013-08","Nova Scotia","2016A000212","Electricity producers, industries","Wind power turbine","Megawatt hours","210","units","0","v62460553","4.3.8","","..","","","0"
"2013-09","Nova Scotia","2016A000212","Total all classes of electricity producer","Total all types of electricity generation","Megawatt hours","210","units","0","v44174720","4.1.1","690112","","","","0"
"2013-09","Nova Scotia","2016A000212","Total all classes of electricity producer","Hydraulic turbine","Megawatt hours","210","units","0","v44174721","4.1.2","59784","","","","0"
"2013-09","Nova Scotia","2016A000212","Total all classes of electricity producer","Conventional steam turbine","Megawatt hours","210","units","0","v44174722","4.1.3","526731","","","","0"
"2013-09","Nova Scotia","2016A000212","Total all classes of electricity producer","Combustion turbine","Megawatt hours","210","units","0","v44174723","4.1.6","63545","","","","0"
"2013-09","Nova Scotia","2016A000212","Total all classes of electricity producer","Tidal power turbine","Megawatt hours","210","units","0","v44174724","4.1.7","-211","","","","0"
"2013-09","Nova Scotia","2016A000212","Total all classes of electricity producer","Wind power turbine","Megawatt hours","210","units","0","v44174725","4.1.8","40263","","","","0"
"2013-09","Nova Scotia","2016A000212","Electricity producers, electric utilities","Total all types of electricity generation","Megawatt hours","210","units","0","v44174726","4.2.1","673232","","","","0"
"2013-09","Nova Scotia","2016A000212","Electricity producers, electric utilities","Hydraulic turbine","Megawatt hours","210","units","0","v44174727","4.2.2","59784","","","","0"
"2013-09","Nova Scotia","2016A000212","Electricity producers, electric utilities","Conventional steam turbine","Megawatt hours","210","units","0","v44174728","4.2.3","509851","","","","0"
"2013-09","Nova Scotia","2016A000212","Electricity producers, electric utilities","Combustion turbine","Megawatt hours","210","units","0","v44174729","4.2.6","63545","","","","0"
"2013-09","Nova Scotia","2016A000212","Electricity producers, electric utilities","Tidal power turbine","Megawatt hours","210","units","0","v44174730","4.2.7","-211","","","","0"
"2013-09","Nova Scotia","2016A000212","Electricity producers, electric utilities","Wind power turbine","Megawatt hours","210","units","0","v44174731","4.2.8","40263","","","","0"
"2013-09","Nova Scotia","2016A000212","Electricity producers, industries","Total all types of electricity generation","Megawatt hours","210","units","0","v44174732","4.3.1","16880","","","","0"
"2013-09","Nova Scotia","2016A000212","Electricity producers, industries","Hydraulic turbine","Megawatt hours","210","units","0","v44174733","4.3.2","","..","","","0"
"2013-09","Nova Scotia","2016A000212","Electricity producers, industries","Conventional steam turbine","Megawatt hours","210","units","0","v44174734","4.3.3","16880","","","","0"
"2013-09","Nova Scotia","2016A000212","Electricity producers, industries","Wind power turbine","Megawatt hours","210","units","0","v62460553","4.3.8","","..","","","0"
"2013-10","Nova Scotia","2016A000212","Total all classes of electricity producer","Total all types of electricity generation","Megawatt hours","210","units","0","v44174720","4.1.1","774850","","","","0"
"2013-10","Nova Scotia","2016A000212","Total all classes of electricity producer","Hydraulic turbine","Megawatt hours","210","units","0","v44174721","4.1.2","59658","","","","0"
"2013-10","Nova Scotia","2016A000212","Total all classes of electricity producer","Conventional steam turbine","Megawatt hours","210","units","0","v44174722","4.1.3","612072","","","","0"
"2013-10","Nova Scotia","2016A000212","Total all classes of electricity producer","Combustion turbine","Megawatt hours","210","units","0","v44174723","4.1.6","65199","","","","0"
"2013-10","Nova Scotia","2016A000212","Total all classes of electricity producer","Tidal power turbine","Megawatt hours","210","units","0","v44174724","4.1.7","-152","","","","0"
"2013-10","Nova Scotia","2016A000212","Total all classes of electricity producer","Wind power turbine","Megawatt hours","210","units","0","v44174725","4.1.8","38073","","","","0"
"2013-10","Nova Scotia","2016A000212","Electricity producers, electric utilities","Total all types of electricity generation","Megawatt hours","210","units","0","v44174726","4.2.1","757899","","","","0"
"2013-10","Nova Scotia","2016A000212","Electricity producers, electric utilities","Hydraulic turbine","Megawatt hours","210","units","0","v44174727","4.2.2","59658","","","","0"
"2013-10","Nova Scotia","2016A000212","Electricity producers, electric utilities","Conventional steam turbine","Megawatt hours","210","units","0","v44174728","4.2.3","595121","","","","0"
"2013-10","Nova Scotia","2016A000212","Electricity producers, electric utilities","Combustion turbine","Megawatt hours","210","units","0","v44174729","4.2.6","65199","","","","0"
"2013-10","Nova Scotia","2016A000212","Electricity producers, electric utilities","Tidal power turbine","Megawatt hours","210","units","0","v44174730","4.2.7","-152","","","","0"
"2013-10","Nova Scotia","2016A000212","Electricity producers, electric utilities","Wind power turbine","Megawatt hours","210","units","0","v44174731","4.2.8","38073","","","","0"
"2013-10","Nova Scotia","2016A000212","Electricity producers, industries","Total all types of electricity generation","Megawatt hours","210","units","0","v44174732","4.3.1","16951","","","","0"
"2013-10","Nova Scotia","2016A000212","Electricity producers, industries","Hydraulic turbine","Megawatt hours","210","units","0","v44174733","4.3.2","","..","","","0"
"2013-10","Nova Scotia","2016A000212","Electricity producers, industries","Conventional steam turbine","Megawatt hours","210","units","0","v44174734","4.3.3","16951","","","","0"
"2013-10","Nova Scotia","2016A000212","Electricity producers, industries","Wind power turbine","Megawatt hours","210","units","0","v62460553","4.3.8","","..","","","0"
"2013-11","Nova Scotia","2016A000212","Total all classes of electricity producer","Total all types of electricity generation","Megawatt hours","210","units","0","v44174720","4.1.1","896851","","","","0"
"2013-11","Nova Scotia","2016A000212","Total all classes of electricity producer","Hydraulic turbine","Megawatt hours","210","units","0","v44174721","4.1.2","80982","","","","0"
"2013-11","Nova Scotia","2016A000212","Total all classes of electricity producer","Conventional steam turbine","Megawatt hours","210","units","0","v44174722","4.1.3","692749","","","","0"
"2013-11","Nova Scotia","2016A000212","Total all classes of electricity producer","Combustion turbine","Megawatt hours","210","units","0","v44174723","4.1.6","72451","","","","0"
"2013-11","Nova Scotia","2016A000212","Total all classes of electricity producer","Tidal power turbine","Megawatt hours","210","units","0","v44174724","4.1.7","447","","","","0"
"2013-11","Nova Scotia","2016A000212","Total all classes of electricity producer","Wind power turbine","Megawatt hours","210","units","0","v44174725","4.1.8","50222","","","","0"
"2013-11","Nova Scotia","2016A000212","Electricity producers, electric utilities","Total all types of electricity generation","Megawatt hours","210","units","0","v44174726","4.2.1","881469","","","","0"
"2013-11","Nova Scotia","2016A000212","Electricity producers, electric utilities","Hydraulic turbine","Megawatt hours","210","units","0","v44174727","4.2.2","80982","","","","0"
"2013-11","Nova Scotia","2016A000212","Electricity producers, electric utilities","Conventional steam turbine","Megawatt hours","210","units","0","v44174728","4.2.3","677367","","","","0"
"2013-11","Nova Scotia","2016A000212","Electricity producers, electric utilities","Combustion turbine","Megawatt hours","210","units","0","v44174729","4.2.6","72451","","","","0"
"2013-11","Nova Scotia","2016A000212","Electricity producers, electric utilities","Tidal power turbine","Megawatt hours","210","units","0","v44174730","4.2.7","447","","","","0"
"2013-11","Nova Scotia","2016A000212","Electricity producers, electric utilities","Wind power turbine","Megawatt hours","210","units","0","v44174731","4.2.8","50222","","","","0"
"2013-11","Nova Scotia","2016A000212","Electricity producers, industries","Total all types of electricity generation","Megawatt hours","210","units","0","v44174732","4.3.1","15382","","","","0"
"2013-11","Nova Scotia","2016A000212","Electricity producers, industries","Hydraulic turbine","Megawatt hours","210","units","0","v44174733","4.3.2","","..","","","0"
"2013-11","Nova Scotia","2016A000212","Electricity producers, industries","Conventional steam turbine","Megawatt hours","210","units","0","v44174734","4.3.3","15382","","","","0"
"2013-11","Nova Scotia","2016A000212","Electricity producers, industries","Wind power turbine","Megawatt hours","210","units","0","v62460553","4.3.8","","..","","","0"
"2013-12","Nova Scotia","2016A000212","Total all classes of electricity producer","Total all types of electricity generation","Megawatt hours","210","units","0","v44174720","4.1.1","1158725","","","","0"
"2013-12","Nova Scotia","2016A000212","Total all classes of electricity producer","Hydraulic turbine","Megawatt hours","210","units","0","v44174721","4.1.2","125356","","","","0"
"2013-12","Nova Scotia","2016A000212","Total all classes of electricity producer","Conventional steam turbine","Megawatt hours","210","units","0","v44174722","4.1.3","925467","","","","0"
"2013-12","Nova Scotia","2016A000212","Total all classes of electricity producer","Combustion turbine","Megawatt hours","210","units","0","v44174723","4.1.6","62354","","","","0"
"2013-12","Nova Scotia","2016A000212","Total all classes of electricity producer","Tidal power turbine","Megawatt hours","210","units","0","v44174724","4.1.7","1594","","","","0"
"2013-12","Nova Scotia","2016A000212","Total all classes of electricity producer","Wind power turbine","Megawatt hours","210","units","0","v44174725","4.1.8","43954","","","","0"
"2013-12","Nova Scotia","2016A000212","Electricity producers, electric utilities","Total all types of electricity generation","Megawatt hours","210","units","0","v44174726","4.2.1","1142243","","","","0"
"2013-12","Nova Scotia","2016A000212","Electricity producers, electric utilities","Hydraulic turbine","Megawatt hours","210","units","0","v44174727","4.2.2","125356","","","","0"
"2013-12","Nova Scotia","2016A000212","Electricity producers, electric utilities","Conventional steam turbine","Megawatt hours","210","units","0","v44174728","4.2.3","908985","","","","0"
"2013-12","Nova Scotia","2016A000212","Electricity producers, electric utilities","Combustion turbine","Megawatt hours","210","units","0","v44174729","4.2.6","62354","","","","0"
"2013-12","Nova Scotia","2016A000212","Electricity producers, electric utilities","Tidal power turbine","Megawatt hours","210","units","0","v44174730","4.2.7","1594","","","","0"
"2013-12","Nova Scotia","2016A000212","Electricity producers, electric utilities","Wind power turbine","Megawatt hours","210","units","0","v44174731","4.2.8","43954","","","","0"
"2013-12","Nova Scotia","2016A000212","Electricity producers, industries","Total all types of electricity generation","Megawatt hours","210","units","0","v44174732","4.3.1","16482","","","","0"
"2013-12","Nova Scotia","2016A000212","Electricity producers, industries","Hydraulic turbine","Megawatt hours","210","units","0","v44174733","4.3.2","","..","","","0"
"2013-12","Nova Scotia","2016A000212","Electricity producers, industries","Conventional steam turbine","Megawatt hours","210","units","0","v44174734","4.3.3","16482","","","","0"
"2013-12","Nova Scotia","2016A000212","Electricity producers, industries","Wind power turbine","Megawatt hours","210","units","0","v62460553","4.3.8","","..","","","0"
"2014-01","Nova Scotia","2016A000212","Total all classes of electricity producer","Total all types of electricity generation","Megawatt hours","210","units","0","v44174720","4.1.1","1109201","","","","0"
"2014-01","Nova Scotia","2016A000212","Total all classes of electricity producer","Hydraulic turbine","Megawatt hours","210","units","0","v44174721","4.1.2","124235","","","","0"
"2014-01","Nova Scotia","2016A000212","Total all classes of electricity producer","Conventional steam turbine","Megawatt hours","210","units","0","v44174722","4.1.3","900077","","","","0"
"2014-01","Nova Scotia","2016A000212","Total all classes of electricity producer","Combustion turbine","Megawatt hours","210","units","0","v44174723","4.1.6","26967","","","","0"
"2014-01","Nova Scotia","2016A000212","Total all classes of electricity producer","Tidal power turbine","Megawatt hours","210","units","0","v44174724","4.1.7","1533","","","","0"
"2014-01","Nova Scotia","2016A000212","Total all classes of electricity producer","Wind power turbine","Megawatt hours","210","units","0","v44174725","4.1.8","56389","","","","0"
"2014-01","Nova Scotia","2016A000212","Electricity producers, electric utilities","Total all types of electricity generation","Megawatt hours","210","units","0","v44174726","4.2.1","1094847","","","","0"
"2014-01","Nova Scotia","2016A000212","Electricity producers, electric utilities","Hydraulic turbine","Megawatt hours","210","units","0","v44174727","4.2.2","124235","","","","0"
"2014-01","Nova Scotia","2016A000212","Electricity producers, electric utilities","Conventional steam turbine","Megawatt hours","210","units","0","v44174728","4.2.3","885723","","","","0"
"2014-01","Nova Scotia","2016A000212","Electricity producers, electric utilities","Combustion turbine","Megawatt hours","210","units","0","v44174729","4.2.6","26967","","","","0"
"2014-01","Nova Scotia","2016A000212","Electricity producers, electric utilities","Tidal power turbine","Megawatt hours","210","units","0","v44174730","4.2.7","1533","","","","0"
"2014-01","Nova Scotia","2016A000212","Electricity producers, electric utilities","Wind power turbine","Megawatt hours","210","units","0","v44174731","4.2.8","56389","","","","0"
"2014-01","Nova Scotia","2016A000212","Electricity producers, industries","Total all types of electricity generation","Megawatt hours","210","units","0","v44174732","4.3.1","14354","","","","0"
"2014-01","Nova Scotia","2016A000212","Electricity producers, industries","Hydraulic turbine","Megawatt hours","210","units","0","v44174733","4.3.2","","..","","","0"
"2014-01","Nova Scotia","2016A000212","Electricity producers, industries","Conventional steam turbine","Megawatt hours","210","units","0","v44174734","4.3.3","14354","","","","0"
"2014-01","Nova Scotia","2016A000212","Electricity producers, industries","Wind power turbine","Megawatt hours","210","units","0","v62460553","4.3.8","","..","","","0"
"2014-02","Nova Scotia","2016A000212","Total all classes of electricity producer","Total all types of electricity generation","Megawatt hours","210","units","0","v44174720","4.1.1","1009914","","","","0"
"2014-02","Nova Scotia","2016A000212","Total all classes of electricity producer","Hydraulic turbine","Megawatt hours","210","units","0","v44174721","4.1.2","113759","","","","0"
"2014-02","Nova Scotia","2016A000212","Total all classes of electricity producer","Conventional steam turbine","Megawatt hours","210","units","0","v44174722","4.1.3","824431","","","","0"
"2014-02","Nova Scotia","2016A000212","Total all classes of electricity producer","Combustion turbine","Megawatt hours","210","units","0","v44174723","4.1.6","39658","","","","0"
"2014-02","Nova Scotia","2016A000212","Total all classes of electricity producer","Tidal power turbine","Megawatt hours","210","units","0","v44174724","4.1.7","1352","","","","0"
"2014-02","Nova Scotia","2016A000212","Total all classes of electricity producer","Wind power turbine","Megawatt hours","210","units","0","v44174725","4.1.8","30714","","","","0"
"2014-02","Nova Scotia","2016A000212","Electricity producers, electric utilities","Total all types of electricity generation","Megawatt hours","210","units","0","v44174726","4.2.1","995078","","","","0"
"2014-02","Nova Scotia","2016A000212","Electricity producers, electric utilities","Hydraulic turbine","Megawatt hours","210","units","0","v44174727","4.2.2","113759","","","","0"
"2014-02","Nova Scotia","2016A000212","Electricity producers, electric utilities","Conventional steam turbine","Megawatt hours","210","units","0","v44174728","4.2.3","809595","","","","0"
"2014-02","Nova Scotia","2016A000212","Electricity producers, electric utilities","Combustion turbine","Megawatt hours","210","units","0","v44174729","4.2.6","39658","","","","0"
"2014-02","Nova Scotia","2016A000212","Electricity producers, electric utilities","Tidal power turbine","Megawatt hours","210","units","0","v44174730","4.2.7","1352","","","","0"
"2014-02","Nova Scotia","2016A000212","Electricity producers, electric utilities","Wind power turbine","Megawatt hours","210","units","0","v44174731","4.2.8","30714","","","","0"
"2014-02","Nova Scotia","2016A000212","Electricity producers, industries","Total all types of electricity generation","Megawatt hours","210","units","0","v44174732","4.3.1","14836","","","","0"
"2014-02","Nova Scotia","2016A000212","Electricity producers, industries","Hydraulic turbine","Megawatt hours","210","units","0","v44174733","4.3.2","","..","","","0"
"2014-02","Nova Scotia","2016A000212","Electricity producers, industries","Conventional steam turbine","Megawatt hours","210","units","0","v44174734","4.3.3","14836","","","","0"
"2014-02","Nova Scotia","2016A000212","Electricity producers, industries","Wind power turbine","Megawatt hours","210","units","0","v62460553","4.3.8","","..","","","0"
"2014-03","Nova Scotia","2016A000212","Total all classes of electricity producer","Total all types of electricity generation","Megawatt hours","210","units","0","v44174720","4.1.1","1067609","","","","0"
"2014-03","Nova Scotia","2016A000212","Total all classes of electricity producer","Hydraulic turbine","Megawatt hours","210","units","0","v44174721","4.1.2","104012","","","","0"
"2014-03","Nova Scotia","2016A000212","Total all classes of electricity producer","Conventional steam turbine","Megawatt hours","210","units","0","v44174722","4.1.3","889238","","","","0"
"2014-03","Nova Scotia","2016A000212","Total all classes of electricity producer","Combustion turbine","Megawatt hours","210","units","0","v44174723","4.1.6","36714","","","","0"
"2014-03","Nova Scotia","2016A000212","Total all classes of electricity producer","Tidal power turbine","Megawatt hours","210","units","0","v44174724","4.1.7","1983","","","","0"
"2014-03","Nova Scotia","2016A000212","Total all classes of electricity producer","Wind power turbine","Megawatt hours","210","units","0","v44174725","4.1.8","35662","","","","0"
"2014-03","Nova Scotia","2016A000212","Electricity producers, electric utilities","Total all types of electricity generation","Megawatt hours","210","units","0","v44174726","4.2.1","1053804","","","","0"
"2014-03","Nova Scotia","2016A000212","Electricity producers, electric utilities","Hydraulic turbine","Megawatt hours","210","units","0","v44174727","4.2.2","104012","","","","0"
"2014-03","Nova Scotia","2016A000212","Electricity producers, electric utilities","Conventional steam turbine","Megawatt hours","210","units","0","v44174728","4.2.3","875433","","","","0"
"2014-03","Nova Scotia","2016A000212","Electricity producers, electric utilities","Combustion turbine","Megawatt hours","210","units","0","v44174729","4.2.6","36714","","","","0"
"2014-03","Nova Scotia","2016A000212","Electricity producers, electric utilities","Tidal power turbine","Megawatt hours","210","units","0","v44174730","4.2.7","1983","","","","0"
"2014-03","Nova Scotia","2016A000212","Electricity producers, electric utilities","Wind power turbine","Megawatt hours","210","units","0","v44174731","4.2.8","35662","","","","0"
"2014-03","Nova Scotia","2016A000212","Electricity producers, industries","Total all types of electricity generation","Megawatt hours","210","units","0","v44174732","4.3.1","13805","","","","0"
"2014-03","Nova Scotia","2016A000212","Electricity producers, industries","Hydraulic turbine","Megawatt hours","210","units","0","v44174733","4.3.2","","..","","","0"
"2014-03","Nova Scotia","2016A000212","Electricity producers, industries","Conventional steam turbine","Megawatt hours","210","units","0","v44174734","4.3.3","13805","","","","0"
"2014-03","Nova Scotia","2016A000212","Electricity producers, industries","Wind power turbine","Megawatt hours","210","units","0","v62460553","4.3.8","","..","","","0"
"2014-04","Nova Scotia","2016A000212","Total all classes of electricity producer","Total all types of electricity generation","Megawatt hours","210","units","0","v44174720","4.1.1","870199","","","","0"
"2014-04","Nova Scotia","2016A000212","Total all classes of electricity producer","Hydraulic turbine","Megawatt hours","210","units","0","v44174721","4.1.2","127012","","","","0"
"2014-04","Nova Scotia","2016A000212","Total all classes of electricity producer","Conventional steam turbine","Megawatt hours","210","units","0","v44174722","4.1.3","626711","","","","0"
"2014-04","Nova Scotia","2016A000212","Total all classes of electricity producer","Combustion turbine","Megawatt hours","210","units","0","v44174723","4.1.6","78056","","","","0"
"2014-04","Nova Scotia","2016A000212","Total all classes of electricity producer","Tidal power turbine","Megawatt hours","210","units","0","v44174724","4.1.7","1530","","","","0"
"2014-04","Nova Scotia","2016A000212","Total all classes of electricity producer","Wind power turbine","Megawatt hours","210","units","0","v44174725","4.1.8","36890","","","","0"
"2014-04","Nova Scotia","2016A000212","Electricity producers, electric utilities","Total all types of electricity generation","Megawatt hours","210","units","0","v44174726","4.2.1","855035","","","","0"
"2014-04","Nova Scotia","2016A000212","Electricity producers, electric utilities","Hydraulic turbine","Megawatt hours","210","units","0","v44174727","4.2.2","127012","","","","0"
"2014-04","Nova Scotia","2016A000212","Electricity producers, electric utilities","Conventional steam turbine","Megawatt hours","210","units","0","v44174728","4.2.3","611547","","","","0"
"2014-04","Nova Scotia","2016A000212","Electricity producers, electric utilities","Combustion turbine","Megawatt hours","210","units","0","v44174729","4.2.6","78056","","","","0"
"2014-04","Nova Scotia","2016A000212","Electricity producers, electric utilities","Tidal power turbine","Megawatt hours","210","units","0","v44174730","4.2.7","1530","","","","0"
"2014-04","Nova Scotia","2016A000212","Electricity producers, electric utilities","Wind power turbine","Megawatt hours","210","units","0","v44174731","4.2.8","36890","","","","0"
"2014-04","Nova Scotia","2016A000212","Electricity producers, industries","Total all types of electricity generation","Megawatt hours","210","units","0","v44174732","4.3.1","15164","","","","0"
"2014-04","Nova Scotia","2016A000212","Electricity producers, industries","Hydraulic turbine","Megawatt hours","210","units","0","v44174733","4.3.2","","..","","","0"
"2014-04","Nova Scotia","2016A000212","Electricity producers, industries","Conventional steam turbine","Megawatt hours","210","units","0","v44174734","4.3.3","15164","","","","0"
"2014-04","Nova Scotia","2016A000212","Electricity producers, industries","Wind power turbine","Megawatt hours","210","units","0","v62460553","4.3.8","","..","","","0"
"2014-05","Nova Scotia","2016A000212","Total all classes of electricity producer","Total all types of electricity generation","Megawatt hours","210","units","0","v44174720","4.1.1","813662","","","","0"
"2014-05","Nova Scotia","2016A000212","Total all classes of electricity producer","Hydraulic turbine","Megawatt hours","210","units","0","v44174721","4.1.2","110802","","","","0"
"2014-05","Nova Scotia","2016A000212","Total all classes of electricity producer","Conventional steam turbine","Megawatt hours","210","units","0","v44174722","4.1.3","585313","","","","0"
"2014-05","Nova Scotia","2016A000212","Total all classes of electricity producer","Combustion turbine","Megawatt hours","210","units","0","v44174723","4.1.6","86824","","","","0"
"2014-05","Nova Scotia","2016A000212","Total all classes of electricity producer","Tidal power turbine","Megawatt hours","210","units","0","v44174724","4.1.7","1894","","","","0"
"2014-05","Nova Scotia","2016A000212","Total all classes of electricity producer","Wind power turbine","Megawatt hours","210","units","0","v44174725","4.1.8","28829","","","","0"
"2014-05","Nova Scotia","2016A000212","Electricity producers, electric utilities","Total all types of electricity generation","Megawatt hours","210","units","0","v44174726","4.2.1","797387","","","","0"
"2014-05","Nova Scotia","2016A000212","Electricity producers, electric utilities","Hydraulic turbine","Megawatt hours","210","units","0","v44174727","4.2.2","110802","","","","0"
"2014-05","Nova Scotia","2016A000212","Electricity producers, electric utilities","Conventional steam turbine","Megawatt hours","210","units","0","v44174728","4.2.3","569038","","","","0"
"2014-05","Nova Scotia","2016A000212","Electricity producers, electric utilities","Combustion turbine","Megawatt hours","210","units","0","v44174729","4.2.6","86824","","","","0"
"2014-05","Nova Scotia","2016A000212","Electricity producers, electric utilities","Tidal power turbine","Megawatt hours","210","units","0","v44174730","4.2.7","1894","","","","0"
"2014-05","Nova Scotia","2016A000212","Electricity producers, electric utilities","Wind power turbine","Megawatt hours","210","units","0","v44174731","4.2.8","28829","","","","0"
"2014-05","Nova Scotia","2016A000212","Electricity producers, industries","Total all types of electricity generation","Megawatt hours","210","units","0","v44174732","4.3.1","16275","","","","0"
"2014-05","Nova Scotia","2016A000212","Electricity producers, industries","Hydraulic turbine","Megawatt hours","210","units","0","v44174733","4.3.2","","..","","","0"
"2014-05","Nova Scotia","2016A000212","Electricity producers, industries","Conventional steam turbine","Megawatt hours","210","units","0","v44174734","4.3.3","16275","","","","0"
"2014-05","Nova Scotia","2016A000212","Electricity producers, industries","Wind power turbine","Megawatt hours","210","units","0","v62460553","4.3.8","","..","","","0"
"2014-06","Nova Scotia","2016A000212","Total all classes of electricity producer","Total all types of electricity generation","Megawatt hours","210","units","0","v44174720","4.1.1","711225","","","","0"
"2014-06","Nova Scotia","2016A000212","Total all classes of electricity producer","Hydraulic turbine","Megawatt hours","210","units","0","v44174721","4.1.2","62031","","","","0"
"2014-06","Nova Scotia","2016A000212","Total all classes of electricity producer","Conventional steam turbine","Megawatt hours","210","units","0","v44174722","4.1.3","596053","","","","0"
"2014-06","Nova Scotia","2016A000212","Total all classes of electricity producer","Combustion turbine","Megawatt hours","210","units","0","v44174723","4.1.6","21814","","","","0"
"2014-06","Nova Scotia","2016A000212","Total all classes of electricity producer","Tidal power turbine","Megawatt hours","210","units","0","v44174724","4.1.7","1865","","","","0"
"2014-06","Nova Scotia","2016A000212","Total all classes of electricity producer","Wind power turbine","Megawatt hours","210","units","0","v44174725","4.1.8","29462","","","","0"
"2014-06","Nova Scotia","2016A000212","Electricity producers, electric utilities","Total all types of electricity generation","Megawatt hours","210","units","0","v44174726","4.2.1","701821","","","","0"
"2014-06","Nova Scotia","2016A000212","Electricity producers, electric utilities","Hydraulic turbine","Megawatt hours","210","units","0","v44174727","4.2.2","62031","","","","0"
"2014-06","Nova Scotia","2016A000212","Electricity producers, electric utilities","Conventional steam turbine","Megawatt hours","210","units","0","v44174728","4.2.3","586649","","","","0"
"2014-06","Nova Scotia","2016A000212","Electricity producers, electric utilities","Combustion turbine","Megawatt hours","210","units","0","v44174729","4.2.6","21814","","","","0"
"2014-06","Nova Scotia","2016A000212","Electricity producers, electric utilities","Tidal power turbine","Megawatt hours","210","units","0","v44174730","4.2.7","1865","","","","0"
"2014-06","Nova Scotia","2016A000212","Electricity producers, electric utilities","Wind power turbine","Megawatt hours","210","units","0","v44174731","4.2.8","29462","","","","0"
"2014-06","Nova Scotia","2016A000212","Electricity producers, industries","Total all types of electricity generation","Megawatt hours","210","units","0","v44174732","4.3.1","9404","","","","0"
"2014-06","Nova Scotia","2016A000212","Electricity producers, industries","Hydraulic turbine","Megawatt hours","210","units","0","v44174733","4.3.2","","..","","","0"
"2014-06","Nova Scotia","2016A000212","Electricity producers, industries","Conventional steam turbine","Megawatt hours","210","units","0","v44174734","4.3.3","9404","","","","0"
"2014-06","Nova Scotia","2016A000212","Electricity producers, industries","Wind power turbine","Megawatt hours","210","units","0","v62460553","4.3.8","","..","","","0"
"2014-07","Nova Scotia","2016A000212","Total all classes of electricity producer","Total all types of electricity generation","Megawatt hours","210","units","0","v44174720","4.1.1","733226","","","","0"
"2014-07","Nova Scotia","2016A000212","Total all classes of electricity producer","Hydraulic turbine","Megawatt hours","210","units","0","v44174721","4.1.2","39335","","","","0"
"2014-07","Nova Scotia","2016A000212","Total all classes of electricity producer","Conventional steam turbine","Megawatt hours","210","units","0","v44174722","4.1.3","607053","","","","0"
"2014-07","Nova Scotia","2016A000212","Total all classes of electricity producer","Combustion turbine","Megawatt hours","210","units","0","v44174723","4.1.6","41068","","","","0"
"2014-07","Nova Scotia","2016A000212","Total all classes of electricity producer","Tidal power turbine","Megawatt hours","210","units","0","v44174724","4.1.7","586","","","","0"
"2014-07","Nova Scotia","2016A000212","Total all classes of electricity producer","Wind power turbine","Megawatt hours","210","units","0","v44174725","4.1.8","45184","","","","0"
"2014-07","Nova Scotia","2016A000212","Electricity producers, electric utilities","Total all types of electricity generation","Megawatt hours","210","units","0","v44174726","4.2.1","716714","","","","0"
"2014-07","Nova Scotia","2016A000212","Electricity producers, electric utilities","Hydraulic turbine","Megawatt hours","210","units","0","v44174727","4.2.2","39335","","","","0"
"2014-07","Nova Scotia","2016A000212","Electricity producers, electric utilities","Conventional steam turbine","Megawatt hours","210","units","0","v44174728","4.2.3","590541","","","","0"
"2014-07","Nova Scotia","2016A000212","Electricity producers, electric utilities","Combustion turbine","Megawatt hours","210","units","0","v44174729","4.2.6","41068","","","","0"
"2014-07","Nova Scotia","2016A000212","Electricity producers, electric utilities","Tidal power turbine","Megawatt hours","210","units","0","v44174730","4.2.7","586","","","","0"
"2014-07","Nova Scotia","2016A000212","Electricity producers, electric utilities","Wind power turbine","Megawatt hours","210","units","0","v44174731","4.2.8","45184","","","","0"
"2014-07","Nova Scotia","2016A000212","Electricity producers, industries","Total all types of electricity generation","Megawatt hours","210","units","0","v44174732","4.3.1","16512","","","","0"
"2014-07","Nova Scotia","2016A000212","Electricity producers, industries","Hydraulic turbine","Megawatt hours","210","units","0","v44174733","4.3.2","","..","","","0"
"2014-07","Nova Scotia","2016A000212","Electricity producers, industries","Conventional steam turbine","Megawatt hours","210","units","0","v44174734","4.3.3","16512","","","","0"
"2014-07","Nova Scotia","2016A000212","Electricity producers, industries","Wind power turbine","Megawatt hours","210","units","0","v62460553","4.3.8","","..","","","0"
"2014-08","Nova Scotia","2016A000212","Total all classes of electricity producer","Total all types of electricity generation","Megawatt hours","210","units","0","v44174720","4.1.1","757813","","","","0"
"2014-08","Nova Scotia","2016A000212","Total all classes of electricity producer","Hydraulic turbine","Megawatt hours","210","units","0","v44174721","4.1.2","35915","","","","0"
"2014-08","Nova Scotia","2016A000212","Total all classes of electricity producer","Conventional steam turbine","Megawatt hours","210","units","0","v44174722","4.1.3","610018","","","","0"
"2014-08","Nova Scotia","2016A000212","Total all classes of electricity producer","Combustion turbine","Megawatt hours","210","units","0","v44174723","4.1.6","84606","","","","0"
"2014-08","Nova Scotia","2016A000212","Total all classes of electricity producer","Tidal power turbine","Megawatt hours","210","units","0","v44174724","4.1.7","1781","","","","0"
"2014-08","Nova Scotia","2016A000212","Total all classes of electricity producer","Wind power turbine","Megawatt hours","210","units","0","v44174725","4.1.8","25493","","","","0"
"2014-08","Nova Scotia","2016A000212","Electricity producers, electric utilities","Total all types of electricity generation","Megawatt hours","210","units","0","v44174726","4.2.1","741921","","","","0"
"2014-08","Nova Scotia","2016A000212","Electricity producers, electric utilities","Hydraulic turbine","Megawatt hours","210","units","0","v44174727","4.2.2","35915","","","","0"
"2014-08","Nova Scotia","2016A000212","Electricity producers, electric utilities","Conventional steam turbine","Megawatt hours","210","units","0","v44174728","4.2.3","594126","","","","0"
"2014-08","Nova Scotia","2016A000212","Electricity producers, electric utilities","Combustion turbine","Megawatt hours","210","units","0","v44174729","4.2.6","84606","","","","0"
"2014-08","Nova Scotia","2016A000212","Electricity producers, electric utilities","Tidal power turbine","Megawatt hours","210","units","0","v44174730","4.2.7","1781","","","","0"
"2014-08","Nova Scotia","2016A000212","Electricity producers, electric utilities","Wind power turbine","Megawatt hours","210","units","0","v44174731","4.2.8","25493","","","","0"
"2014-08","Nova Scotia","2016A000212","Electricity producers, industries","Total all types of electricity generation","Megawatt hours","210","units","0","v44174732","4.3.1","15892","","","","0"
"2014-08","Nova Scotia","2016A000212","Electricity producers, industries","Hydraulic turbine","Megawatt hours","210","units","0","v44174733","4.3.2","","..","","","0"
"2014-08","Nova Scotia","2016A000212","Electricity producers, industries","Conventional steam turbine","Megawatt hours","210","units","0","v44174734","4.3.3","15892","","","","0"
"2014-08","Nova Scotia","2016A000212","Electricity producers, industries","Wind power turbine","Megawatt hours","210","units","0","v62460553","4.3.8","","..","","","0"
"2014-09","Nova Scotia","2016A000212","Total all classes of electricity producer","Total all types of electricity generation","Megawatt hours","210","units","0","v44174720","4.1.1","662402","","","","0"
"2014-09","Nova Scotia","2016A000212","Total all classes of electricity producer","Hydraulic turbine","Megawatt hours","210","units","0","v44174721","4.1.2","52919","","","","0"
"2014-09","Nova Scotia","2016A000212","Total all classes of electricity producer","Conventional steam turbine","Megawatt hours","210","units","0","v44174722","4.1.3","503004","","","","0"
"2014-09","Nova Scotia","2016A000212","Total all classes of electricity producer","Combustion turbine","Megawatt hours","210","units","0","v44174723","4.1.6","70023","","","","0"
"2014-09","Nova Scotia","2016A000212","Total all classes of electricity producer","Tidal power turbine","Megawatt hours","210","units","0","v44174724","4.1.7","1681","","","","0"
"2014-09","Nova Scotia","2016A000212","Total all classes of electricity producer","Wind power turbine","Megawatt hours","210","units","0","v44174725","4.1.8","34775","","","","0"
"2014-09","Nova Scotia","2016A000212","Electricity producers, electric utilities","Total all types of electricity generation","Megawatt hours","210","units","0","v44174726","4.2.1","655202","","","","0"
"2014-09","Nova Scotia","2016A000212","Electricity producers, electric utilities","Hydraulic turbine","Megawatt hours","210","units","0","v44174727","4.2.2","52919","","","","0"
"2014-09","Nova Scotia","2016A000212","Electricity producers, electric utilities","Conventional steam turbine","Megawatt hours","210","units","0","v44174728","4.2.3","495804","","","","0"
"2014-09","Nova Scotia","2016A000212","Electricity producers, electric utilities","Combustion turbine","Megawatt hours","210","units","0","v44174729","4.2.6","70023","","","","0"
"2014-09","Nova Scotia","2016A000212","Electricity producers, electric utilities","Tidal power turbine","Megawatt hours","210","units","0","v44174730","4.2.7","1681","","","","0"
"2014-09","Nova Scotia","2016A000212","Electricity producers, electric utilities","Wind power turbine","Megawatt hours","210","units","0","v44174731","4.2.8","34775","","","","0"
"2014-09","Nova Scotia","2016A000212","Electricity producers, industries","Total all types of electricity generation","Megawatt hours","210","units","0","v44174732","4.3.1","7200","","","","0"
"2014-09","Nova Scotia","2016A000212","Electricity producers, industries","Hydraulic turbine","Megawatt hours","210","units","0","v44174733","4.3.2","","..","","","0"
"2014-09","Nova Scotia","2016A000212","Electricity producers, industries","Conventional steam turbine","Megawatt hours","210","units","0","v44174734","4.3.3","7200","","","","0"
"2014-09","Nova Scotia","2016A000212","Electricity producers, industries","Wind power turbine","Megawatt hours","210","units","0","v62460553","4.3.8","","..","","","0"
"2014-10","Nova Scotia","2016A000212","Total all classes of electricity producer","Total all types of electricity generation","Megawatt hours","210","units","0","v44174720","4.1.1","700622","","","","0"
"2014-10","Nova Scotia","2016A000212","Total all classes of electricity producer","Hydraulic turbine","Megawatt hours","210","units","0","v44174721","4.1.2","56224","","","","0"
"2014-10","Nova Scotia","2016A000212","Total all classes of electricity producer","Conventional steam turbine","Megawatt hours","210","units","0","v44174722","4.1.3","557429","","","","0"
"2014-10","Nova Scotia","2016A000212","Total all classes of electricity producer","Combustion turbine","Megawatt hours","210","units","0","v44174723","4.1.6","40539","","","","0"
"2014-10","Nova Scotia","2016A000212","Total all classes of electricity producer","Tidal power turbine","Megawatt hours","210","units","0","v44174724","4.1.7","1376","","","","0"
"2014-10","Nova Scotia","2016A000212","Total all classes of electricity producer","Wind power turbine","Megawatt hours","210","units","0","v44174725","4.1.8","45054","","","","0"
"2014-10","Nova Scotia","2016A000212","Electricity producers, electric utilities","Total all types of electricity generation","Megawatt hours","210","units","0","v44174726","4.2.1","686739","","","","0"
"2014-10","Nova Scotia","2016A000212","Electricity producers, electric utilities","Hydraulic turbine","Megawatt hours","210","units","0","v44174727","4.2.2","56224","","","","0"
"2014-10","Nova Scotia","2016A000212","Electricity producers, electric utilities","Conventional steam turbine","Megawatt hours","210","units","0","v44174728","4.2.3","543546","","","","0"
"2014-10","Nova Scotia","2016A000212","Electricity producers, electric utilities","Combustion turbine","Megawatt hours","210","units","0","v44174729","4.2.6","40539","","","","0"
"2014-10","Nova Scotia","2016A000212","Electricity producers, electric utilities","Tidal power turbine","Megawatt hours","210","units","0","v44174730","4.2.7","1376","","","","0"
"2014-10","Nova Scotia","2016A000212","Electricity producers, electric utilities","Wind power turbine","Megawatt hours","210","units","0","v44174731","4.2.8","45054","","","","0"
"2014-10","Nova Scotia","2016A000212","Electricity producers, industries","Total all types of electricity generation","Megawatt hours","210","units","0","v44174732","4.3.1","13883","","","","0"
"2014-10","Nova Scotia","2016A000212","Electricity producers, industries","Hydraulic turbine","Megawatt hours","210","units","0","v44174733","4.3.2","","..","","","0"
"2014-10","Nova Scotia","2016A000212","Electricity producers, industries","Conventional steam turbine","Megawatt hours","210","units","0","v44174734","4.3.3","13883","","","","0"
"2014-10","Nova Scotia","2016A000212","Electricity producers, industries","Wind power turbine","Megawatt hours","210","units","0","v62460553","4.3.8","","..","","","0"
"2014-11","Nova Scotia","2016A000212","Total all classes of electricity producer","Total all types of electricity generation","Megawatt hours","210","units","0","v44174720","4.1.1","869441","","","","0"
"2014-11","Nova Scotia","2016A000212","Total all classes of electricity producer","Hydraulic turbine","Megawatt hours","210","units","0","v44174721","4.1.2","104423","","","","0"
"2014-11","Nova Scotia","2016A000212","Total all classes of electricity producer","Conventional steam turbine","Megawatt hours","210","units","0","v44174722","4.1.3","695789","","","","0"
"2014-11","Nova Scotia","2016A000212","Total all classes of electricity producer","Combustion turbine","Megawatt hours","210","units","0","v44174723","4.1.6","18962","","","","0"
"2014-11","Nova Scotia","2016A000212","Total all classes of electricity producer","Tidal power turbine","Megawatt hours","210","units","0","v44174724","4.1.7","-4","","","","0"
"2014-11","Nova Scotia","2016A000212","Total all classes of electricity producer","Wind power turbine","Megawatt hours","210","units","0","v44174725","4.1.8","50271","","","","0"
"2014-11","Nova Scotia","2016A000212","Electricity producers, electric utilities","Total all types of electricity generation","Megawatt hours","210","units","0","v44174726","4.2.1","853544","","","","0"
"2014-11","Nova Scotia","2016A000212","Electricity producers, electric utilities","Hydraulic turbine","Megawatt hours","210","units","0","v44174727","4.2.2","104423","","","","0"
"2014-11","Nova Scotia","2016A000212","Electricity producers, electric utilities","Conventional steam turbine","Megawatt hours","210","units","0","v44174728","4.2.3","679892","","","","0"
"2014-11","Nova Scotia","2016A000212","Electricity producers, electric utilities","Combustion turbine","Megawatt hours","210","units","0","v44174729","4.2.6","18962","","","","0"
"2014-11","Nova Scotia","2016A000212","Electricity producers, electric utilities","Tidal power turbine","Megawatt hours","210","units","0","v44174730","4.2.7","-4","","","","0"
"2014-11","Nova Scotia","2016A000212","Electricity producers, electric utilities","Wind power turbine","Megawatt hours","210","units","0","v44174731","4.2.8","50271","","","","0"
"2014-11","Nova Scotia","2016A000212","Electricity producers, industries","Total all types of electricity generation","Megawatt hours","210","units","0","v44174732","4.3.1","15897","","","","0"
"2014-11","Nova Scotia","2016A000212","Electricity producers, industries","Hydraulic turbine","Megawatt hours","210","units","0","v44174733","4.3.2","","..","","","0"
"2014-11","Nova Scotia","2016A000212","Electricity producers, industries","Conventional steam turbine","Megawatt hours","210","units","0","v44174734","4.3.3","15897","","","","0"
"2014-11","Nova Scotia","2016A000212","Electricity producers, industries","Wind power turbine","Megawatt hours","210","units","0","v62460553","4.3.8","","..","","","0"
"2014-12","Nova Scotia","2016A000212","Total all classes of electricity producer","Total all types of electricity generation","Megawatt hours","210","units","0","v44174720","4.1.1","984552","","","","0"
"2014-12","Nova Scotia","2016A000212","Total all classes of electricity producer","Hydraulic turbine","Megawatt hours","210","units","0","v44174721","4.1.2","153022","","","","0"
"2014-12","Nova Scotia","2016A000212","Total all classes of electricity producer","Conventional steam turbine","Megawatt hours","210","units","0","v44174722","4.1.3","732406","","","","0"
"2014-12","Nova Scotia","2016A000212","Total all classes of electricity producer","Combustion turbine","Megawatt hours","210","units","0","v44174723","4.1.6","51929","","","","0"
"2014-12","Nova Scotia","2016A000212","Total all classes of electricity producer","Tidal power turbine","Megawatt hours","210","units","0","v44174724","4.1.7","-94","","","","0"
"2014-12","Nova Scotia","2016A000212","Total all classes of electricity producer","Wind power turbine","Megawatt hours","210","units","0","v44174725","4.1.8","47289","","","","0"
"2014-12","Nova Scotia","2016A000212","Electricity producers, electric utilities","Total all types of electricity generation","Megawatt hours","210","units","0","v44174726","4.2.1","968901","","","","0"
"2014-12","Nova Scotia","2016A000212","Electricity producers, electric utilities","Hydraulic turbine","Megawatt hours","210","units","0","v44174727","4.2.2","153022","","","","0"
"2014-12","Nova Scotia","2016A000212","Electricity producers, electric utilities","Conventional steam turbine","Megawatt hours","210","units","0","v44174728","4.2.3","716755","","","","0"
"2014-12","Nova Scotia","2016A000212","Electricity producers, electric utilities","Combustion turbine","Megawatt hours","210","units","0","v44174729","4.2.6","51929","","","","0"
"2014-12","Nova Scotia","2016A000212","Electricity producers, electric utilities","Tidal power turbine","Megawatt hours","210","units","0","v44174730","4.2.7","-94","","","","0"
"2014-12","Nova Scotia","2016A000212","Electricity producers, electric utilities","Wind power turbine","Megawatt hours","210","units","0","v44174731","4.2.8","47289","","","","0"
"2014-12","Nova Scotia","2016A000212","Electricity producers, industries","Total all types of electricity generation","Megawatt hours","210","units","0","v44174732","4.3.1","15651","","","","0"
"2014-12","Nova Scotia","2016A000212","Electricity producers, industries","Hydraulic turbine","Megawatt hours","210","units","0","v44174733","4.3.2","","..","","","0"
"2014-12","Nova Scotia","2016A000212","Electricity producers, industries","Conventional steam turbine","Megawatt hours","210","units","0","v44174734","4.3.3","15651","","","","0"
"2014-12","Nova Scotia","2016A000212","Electricity producers, industries","Wind power turbine","Megawatt hours","210","units","0","v62460553","4.3.8","","..","","","0"
"2015-01","Nova Scotia","2016A000212","Total all classes of electricity producer","Total all types of electricity generation","Megawatt hours","210","units","0","v44174720","4.1.1","1107786","","r","","0"
"2015-01","Nova Scotia","2016A000212","Total all classes of electricity producer","Hydraulic turbine","Megawatt hours","210","units","0","v44174721","4.1.2","101627","","","","0"
"2015-01","Nova Scotia","2016A000212","Total all classes of electricity producer","Conventional steam turbine","Megawatt hours","210","units","0","v44174722","4.1.3","920945","","","","0"
"2015-01","Nova Scotia","2016A000212","Total all classes of electricity producer","Combustion turbine","Megawatt hours","210","units","0","v44174723","4.1.6","37469","","","","0"
"2015-01","Nova Scotia","2016A000212","Total all classes of electricity producer","Tidal power turbine","Megawatt hours","210","units","0","v44174724","4.1.7","-124","","","","0"
"2015-01","Nova Scotia","2016A000212","Total all classes of electricity producer","Wind power turbine","Megawatt hours","210","units","0","v44174725","4.1.8","47869","","r","","0"
"2015-01","Nova Scotia","2016A000212","Electricity producers, electric utilities","Total all types of electricity generation","Megawatt hours","210","units","0","v44174726","4.2.1","1092768","","r","","0"
"2015-01","Nova Scotia","2016A000212","Electricity producers, electric utilities","Hydraulic turbine","Megawatt hours","210","units","0","v44174727","4.2.2","101627","","","","0"
"2015-01","Nova Scotia","2016A000212","Electricity producers, electric utilities","Conventional steam turbine","Megawatt hours","210","units","0","v44174728","4.2.3","905927","","","","0"
"2015-01","Nova Scotia","2016A000212","Electricity producers, electric utilities","Combustion turbine","Megawatt hours","210","units","0","v44174729","4.2.6","37469","","","","0"
"2015-01","Nova Scotia","2016A000212","Electricity producers, electric utilities","Tidal power turbine","Megawatt hours","210","units","0","v44174730","4.2.7","-124","","","","0"
"2015-01","Nova Scotia","2016A000212","Electricity producers, electric utilities","Wind power turbine","Megawatt hours","210","units","0","v44174731","4.2.8","47869","","r","","0"
"2015-01","Nova Scotia","2016A000212","Electricity producers, industries","Total all types of electricity generation","Megawatt hours","210","units","0","v44174732","4.3.1","15018","","","","0"
"2015-01","Nova Scotia","2016A000212","Electricity producers, industries","Hydraulic turbine","Megawatt hours","210","units","0","v44174733","4.3.2","","..","","","0"
"2015-01","Nova Scotia","2016A000212","Electricity producers, industries","Conventional steam turbine","Megawatt hours","210","units","0","v44174734","4.3.3","15018","","","","0"
"2015-01","Nova Scotia","2016A000212","Electricity producers, industries","Wind power turbine","Megawatt hours","210","units","0","v62460553","4.3.8","","..","","","0"
"2015-02","Nova Scotia","2016A000212","Total all classes of electricity producer","Total all types of electricity generation","Megawatt hours","210","units","0","v44174720","4.1.1","1069732","","","","0"
"2015-02","Nova Scotia","2016A000212","Total all classes of electricity producer","Hydraulic turbine","Megawatt hours","210","units","0","v44174721","4.1.2","109073","","","","0"
"2015-02","Nova Scotia","2016A000212","Total all classes of electricity producer","Conventional steam turbine","Megawatt hours","210","units","0","v44174722","4.1.3","888613","","","","0"
"2015-02","Nova Scotia","2016A000212","Total all classes of electricity producer","Combustion turbine","Megawatt hours","210","units","0","v44174723","4.1.6","29331","","","","0"
"2015-02","Nova Scotia","2016A000212","Total all classes of electricity producer","Tidal power turbine","Megawatt hours","210","units","0","v44174724","4.1.7","-164","","","","0"
"2015-02","Nova Scotia","2016A000212","Total all classes of electricity producer","Wind power turbine","Megawatt hours","210","units","0","v44174725","4.1.8","42879","","","","0"
"2015-02","Nova Scotia","2016A000212","Electricity producers, electric utilities","Total all types of electricity generation","Megawatt hours","210","units","0","v44174726","4.2.1","1057644","","","","0"
"2015-02","Nova Scotia","2016A000212","Electricity producers, electric utilities","Hydraulic turbine","Megawatt hours","210","units","0","v44174727","4.2.2","109073","","","","0"
"2015-02","Nova Scotia","2016A000212","Electricity producers, electric utilities","Conventional steam turbine","Megawatt hours","210","units","0","v44174728","4.2.3","876525","","","","0"
"2015-02","Nova Scotia","2016A000212","Electricity producers, electric utilities","Combustion turbine","Megawatt hours","210","units","0","v44174729","4.2.6","29331","","","","0"
"2015-02","Nova Scotia","2016A000212","Electricity producers, electric utilities","Tidal power turbine","Megawatt hours","210","units","0","v44174730","4.2.7","-164","","","","0"
"2015-02","Nova Scotia","2016A000212","Electricity producers, electric utilities","Wind power turbine","Megawatt hours","210","units","0","v44174731","4.2.8","42879","","","","0"
"2015-02","Nova Scotia","2016A000212","Electricity producers, industries","Total all types of electricity generation","Megawatt hours","210","units","0","v44174732","4.3.1","12088","","","","0"
"2015-02","Nova Scotia","2016A000212","Electricity producers, industries","Hydraulic turbine","Megawatt hours","210","units","0","v44174733","4.3.2","","..","","","0"
"2015-02","Nova Scotia","2016A000212","Electricity producers, industries","Conventional steam turbine","Megawatt hours","210","units","0","v44174734","4.3.3","12088","","","","0"
"2015-02","Nova Scotia","2016A000212","Electricity producers, industries","Wind power turbine","Megawatt hours","210","units","0","v62460553","4.3.8","","..","","","0"
"2015-03","Nova Scotia","2016A000212","Total all classes of electricity producer","Total all types of electricity generation","Megawatt hours","210","units","0","v44174720","4.1.1","1065951","","","","0"
"2015-03","Nova Scotia","2016A000212","Total all classes of electricity producer","Hydraulic turbine","Megawatt hours","210","units","0","v44174721","4.1.2","103649","","","","0"
"2015-03","Nova Scotia","2016A000212","Total all classes of electricity producer","Conventional steam turbine","Megawatt hours","210","units","0","v44174722","4.1.3","857233","","","","0"
"2015-03","Nova Scotia","2016A000212","Total all classes of electricity producer","Combustion turbine","Megawatt hours","210","units","0","v44174723","4.1.6","56309","","","","0"
"2015-03","Nova Scotia","2016A000212","Total all classes of electricity producer","Tidal power turbine","Megawatt hours","210","units","0","v44174724","4.1.7","-13","","","","0"
"2015-03","Nova Scotia","2016A000212","Total all classes of electricity producer","Wind power turbine","Megawatt hours","210","units","0","v44174725","4.1.8","48773","","","","0"
"2015-03","Nova Scotia","2016A000212","Electricity producers, electric utilities","Total all types of electricity generation","Megawatt hours","210","units","0","v44174726","4.2.1","1051223","","","","0"
"2015-03","Nova Scotia","2016A000212","Electricity producers, electric utilities","Hydraulic turbine","Megawatt hours","210","units","0","v44174727","4.2.2","103649","","","","0"
"2015-03","Nova Scotia","2016A000212","Electricity producers, electric utilities","Conventional steam turbine","Megawatt hours","210","units","0","v44174728","4.2.3","842505","","","","0"
"2015-03","Nova Scotia","2016A000212","Electricity producers, electric utilities","Combustion turbine","Megawatt hours","210","units","0","v44174729","4.2.6","56309","","","","0"
"2015-03","Nova Scotia","2016A000212","Electricity producers, electric utilities","Tidal power turbine","Megawatt hours","210","units","0","v44174730","4.2.7","-13","","","","0"
"2015-03","Nova Scotia","2016A000212","Electricity producers, electric utilities","Wind power turbine","Megawatt hours","210","units","0","v44174731","4.2.8","48773","","","","0"
"2015-03","Nova Scotia","2016A000212","Electricity producers, industries","Total all types of electricity generation","Megawatt hours","210","units","0","v44174732","4.3.1","14728","","","","0"
"2015-03","Nova Scotia","2016A000212","Electricity producers, industries","Hydraulic turbine","Megawatt hours","210","units","0","v44174733","4.3.2","","..","","","0"
"2015-03","Nova Scotia","2016A000212","Electricity producers, industries","Conventional steam turbine","Megawatt hours","210","units","0","v44174734","4.3.3","14728","","","","0"
"2015-03","Nova Scotia","2016A000212","Electricity producers, industries","Wind power turbine","Megawatt hours","210","units","0","v62460553","4.3.8","","..","","","0"
"2015-04","Nova Scotia","2016A000212","Total all classes of electricity producer","Total all types of electricity generation","Megawatt hours","210","units","0","v44174720","4.1.1","859504","","","","0"
"2015-04","Nova Scotia","2016A000212","Total all classes of electricity producer","Hydraulic turbine","Megawatt hours","210","units","0","v44174721","4.1.2","101702","","","","0"
"2015-04","Nova Scotia","2016A000212","Total all classes of electricity producer","Conventional steam turbine","Megawatt hours","210","units","0","v44174722","4.1.3","658696","","","","0"
"2015-04","Nova Scotia","2016A000212","Total all classes of electricity producer","Combustion turbine","Megawatt hours","210","units","0","v44174723","4.1.6","57885","","","","0"
"2015-04","Nova Scotia","2016A000212","Total all classes of electricity producer","Tidal power turbine","Megawatt hours","210","units","0","v44174724","4.1.7","1538","","","","0"
"2015-04","Nova Scotia","2016A000212","Total all classes of electricity producer","Wind power turbine","Megawatt hours","210","units","0","v44174725","4.1.8","39683","","","","0"
"2015-04","Nova Scotia","2016A000212","Electricity producers, electric utilities","Total all types of electricity generation","Megawatt hours","210","units","0","v44174726","4.2.1","845634","","","","0"
"2015-04","Nova Scotia","2016A000212","Electricity producers, electric utilities","Hydraulic turbine","Megawatt hours","210","units","0","v44174727","4.2.2","101702","","","","0"
"2015-04","Nova Scotia","2016A000212","Electricity producers, electric utilities","Conventional steam turbine","Megawatt hours","210","units","0","v44174728","4.2.3","644826","","","","0"
"2015-04","Nova Scotia","2016A000212","Electricity producers, electric utilities","Combustion turbine","Megawatt hours","210","units","0","v44174729","4.2.6","57885","","","","0"
"2015-04","Nova Scotia","2016A000212","Electricity producers, electric utilities","Tidal power turbine","Megawatt hours","210","units","0","v44174730","4.2.7","1538","","","","0"
"2015-04","Nova Scotia","2016A000212","Electricity producers, electric utilities","Wind power turbine","Megawatt hours","210","units","0","v44174731","4.2.8","39683","","","","0"
"2015-04","Nova Scotia","2016A000212","Electricity producers, industries","Total all types of electricity generation","Megawatt hours","210","units","0","v44174732","4.3.1","13870","","","","0"
"2015-04","Nova Scotia","2016A000212","Electricity producers, industries","Hydraulic turbine","Megawatt hours","210","units","0","v44174733","4.3.2","","..","","","0"
"2015-04","Nova Scotia","2016A000212","Electricity producers, industries","Conventional steam turbine","Megawatt hours","210","units","0","v44174734","4.3.3","13870","","","","0"
"2015-04","Nova Scotia","2016A000212","Electricity producers, industries","Wind power turbine","Megawatt hours","210","units","0","v62460553","4.3.8","","..","","","0"
"2015-05","Nova Scotia","2016A000212","Total all classes of electricity producer","Total all types of electricity generation","Megawatt hours","210","units","0","v44174720","4.1.1","670071","","","","0"
"2015-05","Nova Scotia","2016A000212","Total all classes of electricity producer","Hydraulic turbine","Megawatt hours","210","units","0","v44174721","4.1.2","124550","","","","0"
"2015-05","Nova Scotia","2016A000212","Total all classes of electricity producer","Conventional steam turbine","Megawatt hours","210","units","0","v44174722","4.1.3","460609","","","","0"
"2015-05","Nova Scotia","2016A000212","Total all classes of electricity producer","Combustion turbine","Megawatt hours","210","units","0","v44174723","4.1.6","39655","","","","0"
"2015-05","Nova Scotia","2016A000212","Total all classes of electricity producer","Tidal power turbine","Megawatt hours","210","units","0","v44174724","4.1.7","1615","","","","0"
"2015-05","Nova Scotia","2016A000212","Total all classes of electricity producer","Wind power turbine","Megawatt hours","210","units","0","v44174725","4.1.8","43642","","","","0"
"2015-05","Nova Scotia","2016A000212","Electricity producers, electric utilities","Total all types of electricity generation","Megawatt hours","210","units","0","v44174726","4.2.1","655174","","","","0"
"2015-05","Nova Scotia","2016A000212","Electricity producers, electric utilities","Hydraulic turbine","Megawatt hours","210","units","0","v44174727","4.2.2","124550","","","","0"
"2015-05","Nova Scotia","2016A000212","Electricity producers, electric utilities","Conventional steam turbine","Megawatt hours","210","units","0","v44174728","4.2.3","445712","","","","0"
"2015-05","Nova Scotia","2016A000212","Electricity producers, electric utilities","Combustion turbine","Megawatt hours","210","units","0","v44174729","4.2.6","39655","","","","0"
"2015-05","Nova Scotia","2016A000212","Electricity producers, electric utilities","Tidal power turbine","Megawatt hours","210","units","0","v44174730","4.2.7","1615","","","","0"
"2015-05","Nova Scotia","2016A000212","Electricity producers, electric utilities","Wind power turbine","Megawatt hours","210","units","0","v44174731","4.2.8","43642","","","","0"
"2015-05","Nova Scotia","2016A000212","Electricity producers, industries","Total all types of electricity generation","Megawatt hours","210","units","0","v44174732","4.3.1","14897","","","","0"
"2015-05","Nova Scotia","2016A000212","Electricity producers, industries","Hydraulic turbine","Megawatt hours","210","units","0","v44174733","4.3.2","","..","","","0"
"2015-05","Nova Scotia","2016A000212","Electricity producers, industries","Conventional steam turbine","Megawatt hours","210","units","0","v44174734","4.3.3","14897","","","","0"
"2015-05","Nova Scotia","2016A000212","Electricity producers, industries","Wind power turbine","Megawatt hours","210","units","0","v62460553","4.3.8","","..","","","0"
"2015-06","Nova Scotia","2016A000212","Total all classes of electricity producer","Total all types of electricity generation","Megawatt hours","210","units","0","v44174720","4.1.1","668170","","","","0"
"2015-06","Nova Scotia","2016A000212","Total all classes of electricity producer","Hydraulic turbine","Megawatt hours","210","units","0","v44174721","4.1.2","105648","","","","0"
"2015-06","Nova Scotia","2016A000212","Total all classes of electricity producer","Conventional steam turbine","Megawatt hours","210","units","0","v44174722","4.1.3","459052","","","","0"
"2015-06","Nova Scotia","2016A000212","Total all classes of electricity producer","Combustion turbine","Megawatt hours","210","units","0","v44174723","4.1.6","64361","","","","0"
"2015-06","Nova Scotia","2016A000212","Total all classes of electricity producer","Tidal power turbine","Megawatt hours","210","units","0","v44174724","4.1.7","1951","","","","0"
"2015-06","Nova Scotia","2016A000212","Total all classes of electricity producer","Wind power turbine","Megawatt hours","210","units","0","v44174725","4.1.8","37158","","","","0"
"2015-06","Nova Scotia","2016A000212","Electricity producers, electric utilities","Total all types of electricity generation","Megawatt hours","210","units","0","v44174726","4.2.1","666274","","","","0"
"2015-06","Nova Scotia","2016A000212","Electricity producers, electric utilities","Hydraulic turbine","Megawatt hours","210","units","0","v44174727","4.2.2","105648","","","","0"
"2015-06","Nova Scotia","2016A000212","Electricity producers, electric utilities","Conventional steam turbine","Megawatt hours","210","units","0","v44174728","4.2.3","457156","","","","0"
"2015-06","Nova Scotia","2016A000212","Electricity producers, electric utilities","Combustion turbine","Megawatt hours","210","units","0","v44174729","4.2.6","64361","","","","0"
"2015-06","Nova Scotia","2016A000212","Electricity producers, electric utilities","Tidal power turbine","Megawatt hours","210","units","0","v44174730","4.2.7","1951","","","","0"
"2015-06","Nova Scotia","2016A000212","Electricity producers, electric utilities","Wind power turbine","Megawatt hours","210","units","0","v44174731","4.2.8","37158","","","","0"
"2015-06","Nova Scotia","2016A000212","Electricity producers, industries","Total all types of electricity generation","Megawatt hours","210","units","0","v44174732","4.3.1","1896","","","","0"
"2015-06","Nova Scotia","2016A000212","Electricity producers, industries","Hydraulic turbine","Megawatt hours","210","units","0","v44174733","4.3.2","","..","","","0"
"2015-06","Nova Scotia","2016A000212","Electricity producers, industries","Conventional steam turbine","Megawatt hours","210","units","0","v44174734","4.3.3","1896","","","","0"
"2015-06","Nova Scotia","2016A000212","Electricity producers, industries","Wind power turbine","Megawatt hours","210","units","0","v62460553","4.3.8","","..","","","0"
"2015-07","Nova Scotia","2016A000212","Total all classes of electricity producer","Total all types of electricity generation","Megawatt hours","210","units","0","v44174720","4.1.1","718609","","","","0"
"2015-07","Nova Scotia","2016A000212","Total all classes of electricity producer","Hydraulic turbine","Megawatt hours","210","units","0","v44174721","4.1.2","78570","","","","0"
"2015-07","Nova Scotia","2016A000212","Total all classes of electricity producer","Conventional steam turbine","Megawatt hours","210","units","0","v44174722","4.1.3","552601","","","","0"
"2015-07","Nova Scotia","2016A000212","Total all classes of electricity producer","Combustion turbine","Megawatt hours","210","units","0","v44174723","4.1.6","61496","","","","0"
"2015-07","Nova Scotia","2016A000212","Total all classes of electricity producer","Tidal power turbine","Megawatt hours","210","units","0","v44174724","4.1.7","870","","","","0"
"2015-07","Nova Scotia","2016A000212","Total all classes of electricity producer","Wind power turbine","Megawatt hours","210","units","0","v44174725","4.1.8","25072","","","","0"
"2015-07","Nova Scotia","2016A000212","Electricity producers, electric utilities","Total all types of electricity generation","Megawatt hours","210","units","0","v44174726","4.2.1","703181","","","","0"
"2015-07","Nova Scotia","2016A000212","Electricity producers, electric utilities","Hydraulic turbine","Megawatt hours","210","units","0","v44174727","4.2.2","78570","","","","0"
"2015-07","Nova Scotia","2016A000212","Electricity producers, electric utilities","Conventional steam turbine","Megawatt hours","210","units","0","v44174728","4.2.3","537173","","","","0"
"2015-07","Nova Scotia","2016A000212","Electricity producers, electric utilities","Combustion turbine","Megawatt hours","210","units","0","v44174729","4.2.6","61496","","","","0"
"2015-07","Nova Scotia","2016A000212","Electricity producers, electric utilities","Tidal power turbine","Megawatt hours","210","units","0","v44174730","4.2.7","870","","","","0"
"2015-07","Nova Scotia","2016A000212","Electricity producers, electric utilities","Wind power turbine","Megawatt hours","210","units","0","v44174731","4.2.8","25072","","","","0"
"2015-07","Nova Scotia","2016A000212","Electricity producers, industries","Total all types of electricity generation","Megawatt hours","210","units","0","v44174732","4.3.1","15428","","","","0"
"2015-07","Nova Scotia","2016A000212","Electricity producers, industries","Hydraulic turbine","Megawatt hours","210","units","0","v44174733","4.3.2","","..","","","0"
"2015-07","Nova Scotia","2016A000212","Electricity producers, industries","Conventional steam turbine","Megawatt hours","210","units","0","v44174734","4.3.3","15428","","","","0"
"2015-07","Nova Scotia","2016A000212","Electricity producers, industries","Wind power turbine","Megawatt hours","210","units","0","v62460553","4.3.8","","..","","","0"
"2015-08","Nova Scotia","2016A000212","Total all classes of electricity producer","Total all types of electricity generation","Megawatt hours","210","units","0","v44174720","4.1.1","734271","","","","0"
"2015-08","Nova Scotia","2016A000212","Total all classes of electricity producer","Hydraulic turbine","Megawatt hours","210","units","0","v44174721","4.1.2","65891","","","","0"
"2015-08","Nova Scotia","2016A000212","Total all classes of electricity producer","Conventional steam turbine","Megawatt hours","210","units","0","v44174722","4.1.3","603747","","","","0"
"2015-08","Nova Scotia","2016A000212","Total all classes of electricity producer","Combustion turbine","Megawatt hours","210","units","0","v44174723","4.1.6","37075","","","","0"
"2015-08","Nova Scotia","2016A000212","Total all classes of electricity producer","Tidal power turbine","Megawatt hours","210","units","0","v44174724","4.1.7","22","","","","0"
"2015-08","Nova Scotia","2016A000212","Total all classes of electricity producer","Wind power turbine","Megawatt hours","210","units","0","v44174725","4.1.8","27536","","","","0"
"2015-08","Nova Scotia","2016A000212","Electricity producers, electric utilities","Total all types of electricity generation","Megawatt hours","210","units","0","v44174726","4.2.1","720047","","","","0"
"2015-08","Nova Scotia","2016A000212","Electricity producers, electric utilities","Hydraulic turbine","Megawatt hours","210","units","0","v44174727","4.2.2","65891","","","","0"
"2015-08","Nova Scotia","2016A000212","Electricity producers, electric utilities","Conventional steam turbine","Megawatt hours","210","units","0","v44174728","4.2.3","589523","","","","0"
"2015-08","Nova Scotia","2016A000212","Electricity producers, electric utilities","Combustion turbine","Megawatt hours","210","units","0","v44174729","4.2.6","37075","","","","0"
"2015-08","Nova Scotia","2016A000212","Electricity producers, electric utilities","Tidal power turbine","Megawatt hours","210","units","0","v44174730","4.2.7","22","","","","0"
"2015-08","Nova Scotia","2016A000212","Electricity producers, electric utilities","Wind power turbine","Megawatt hours","210","units","0","v44174731","4.2.8","27536","","","","0"
"2015-08","Nova Scotia","2016A000212","Electricity producers, industries","Total all types of electricity generation","Megawatt hours","210","units","0","v44174732","4.3.1","14224","","","","0"
"2015-08","Nova Scotia","2016A000212","Electricity producers, industries","Hydraulic turbine","Megawatt hours","210","units","0","v44174733","4.3.2","","..","","","0"
"2015-08","Nova Scotia","2016A000212","Electricity producers, industries","Conventional steam turbine","Megawatt hours","210","units","0","v44174734","4.3.3","14224","","","","0"
"2015-08","Nova Scotia","2016A000212","Electricity producers, industries","Wind power turbine","Megawatt hours","210","units","0","v62460553","4.3.8","","..","","","0"
"2015-09","Nova Scotia","2016A000212","Total all classes of electricity producer","Total all types of electricity generation","Megawatt hours","210","units","0","v44174720","4.1.1","663572","","","","0"
"2015-09","Nova Scotia","2016A000212","Total all classes of electricity producer","Hydraulic turbine","Megawatt hours","210","units","0","v44174721","4.1.2","64474","","","","0"
"2015-09","Nova Scotia","2016A000212","Total all classes of electricity producer","Conventional steam turbine","Megawatt hours","210","units","0","v44174722","4.1.3","545125","","","","0"
"2015-09","Nova Scotia","2016A000212","Total all classes of electricity producer","Combustion turbine","Megawatt hours","210","units","0","v44174723","4.1.6","15509","","","","0"
"2015-09","Nova Scotia","2016A000212","Total all classes of electricity producer","Tidal power turbine","Megawatt hours","210","units","0","v44174724","4.1.7","1791","","","","0"
"2015-09","Nova Scotia","2016A000212","Total all classes of electricity producer","Wind power turbine","Megawatt hours","210","units","0","v44174725","4.1.8","36673","","","","0"
"2015-09","Nova Scotia","2016A000212","Electricity producers, electric utilities","Total all types of electricity generation","Megawatt hours","210","units","0","v44174726","4.2.1","648589","","","","0"
"2015-09","Nova Scotia","2016A000212","Electricity producers, electric utilities","Hydraulic turbine","Megawatt hours","210","units","0","v44174727","4.2.2","64474","","","","0"
"2015-09","Nova Scotia","2016A000212","Electricity producers, electric utilities","Conventional steam turbine","Megawatt hours","210","units","0","v44174728","4.2.3","530142","","","","0"
"2015-09","Nova Scotia","2016A000212","Electricity producers, electric utilities","Combustion turbine","Megawatt hours","210","units","0","v44174729","4.2.6","15509","","","","0"
"2015-09","Nova Scotia","2016A000212","Electricity producers, electric utilities","Tidal power turbine","Megawatt hours","210","units","0","v44174730","4.2.7","1791","","","","0"
"2015-09","Nova Scotia","2016A000212","Electricity producers, electric utilities","Wind power turbine","Megawatt hours","210","units","0","v44174731","4.2.8","36673","","","","0"
"2015-09","Nova Scotia","2016A000212","Electricity producers, industries","Total all types of electricity generation","Megawatt hours","210","units","0","v44174732","4.3.1","14983","","","","0"
"2015-09","Nova Scotia","2016A000212","Electricity producers, industries","Hydraulic turbine","Megawatt hours","210","units","0","v44174733","4.3.2","","..","","","0"
"2015-09","Nova Scotia","2016A000212","Electricity producers, industries","Conventional steam turbine","Megawatt hours","210","units","0","v44174734","4.3.3","14983","","","","0"
"2015-09","Nova Scotia","2016A000212","Electricity producers, industries","Wind power turbine","Megawatt hours","210","units","0","v62460553","4.3.8","","..","","","0"
"2015-10","Nova Scotia","2016A000212","Total all classes of electricity producer","Total all types of electricity generation","Megawatt hours","210","units","0","v44174720","4.1.1","711866","","","","0"
"2015-10","Nova Scotia","2016A000212","Total all classes of electricity producer","Hydraulic turbine","Megawatt hours","210","units","0","v44174721","4.1.2","35164","","","","0"
"2015-10","Nova Scotia","2016A000212","Total all classes of electricity producer","Conventional steam turbine","Megawatt hours","210","units","0","v44174722","4.1.3","578180","","","","0"
"2015-10","Nova Scotia","2016A000212","Total all classes of electricity producer","Combustion turbine","Megawatt hours","210","units","0","v44174723","4.1.6","46617","","","","0"
"2015-10","Nova Scotia","2016A000212","Total all classes of electricity producer","Tidal power turbine","Megawatt hours","210","units","0","v44174724","4.1.7","1524","","","","0"
"2015-10","Nova Scotia","2016A000212","Total all classes of electricity producer","Wind power turbine","Megawatt hours","210","units","0","v44174725","4.1.8","50381","","","","0"
"2015-10","Nova Scotia","2016A000212","Electricity producers, electric utilities","Total all types of electricity generation","Megawatt hours","210","units","0","v44174726","4.2.1","695121","","","","0"
"2015-10","Nova Scotia","2016A000212","Electricity producers, electric utilities","Hydraulic turbine","Megawatt hours","210","units","0","v44174727","4.2.2","35164","","","","0"
"2015-10","Nova Scotia","2016A000212","Electricity producers, electric utilities","Conventional steam turbine","Megawatt hours","210","units","0","v44174728","4.2.3","561435","","","","0"
"2015-10","Nova Scotia","2016A000212","Electricity producers, electric utilities","Combustion turbine","Megawatt hours","210","units","0","v44174729","4.2.6","46617","","","","0"
"2015-10","Nova Scotia","2016A000212","Electricity producers, electric utilities","Tidal power turbine","Megawatt hours","210","units","0","v44174730","4.2.7","1524","","","","0"
"2015-10","Nova Scotia","2016A000212","Electricity producers, electric utilities","Wind power turbine","Megawatt hours","210","units","0","v44174731","4.2.8","50381","","","","0"
"2015-10","Nova Scotia","2016A000212","Electricity producers, industries","Total all types of electricity generation","Megawatt hours","210","units","0","v44174732","4.3.1","16745","","","","0"
"2015-10","Nova Scotia","2016A000212","Electricity producers, industries","Hydraulic turbine","Megawatt hours","210","units","0","v44174733","4.3.2","","..","","","0"
"2015-10","Nova Scotia","2016A000212","Electricity producers, industries","Conventional steam turbine","Megawatt hours","210","units","0","v44174734","4.3.3","16745","","","","0"
"2015-10","Nova Scotia","2016A000212","Electricity producers, industries","Wind power turbine","Megawatt hours","210","units","0","v62460553","4.3.8","","..","","","0"
"2015-11","Nova Scotia","2016A000212","Total all classes of electricity producer","Total all types of electricity generation","Megawatt hours","210","units","0","v44174720","4.1.1","757205","","r","","0"
"2015-11","Nova Scotia","2016A000212","Total all classes of electricity producer","Hydraulic turbine","Megawatt hours","210","units","0","v44174721","4.1.2","38256","","","","0"
"2015-11","Nova Scotia","2016A000212","Total all classes of electricity producer","Conventional steam turbine","Megawatt hours","210","units","0","v44174722","4.1.3","626172","","","","0"
"2015-11","Nova Scotia","2016A000212","Total all classes of electricity producer","Combustion turbine","Megawatt hours","210","units","0","v44174723","4.1.6","44690","","","","0"
"2015-11","Nova Scotia","2016A000212","Total all classes of electricity producer","Tidal power turbine","Megawatt hours","210","units","0","v44174724","4.1.7","1979","","","","0"
"2015-11","Nova Scotia","2016A000212","Total all classes of electricity producer","Wind power turbine","Megawatt hours","210","units","0","v44174725","4.1.8","46108","","r","","0"
"2015-11","Nova Scotia","2016A000212","Electricity producers, electric utilities","Total all types of electricity generation","Megawatt hours","210","units","0","v44174726","4.2.1","741744","","r","","0"
"2015-11","Nova Scotia","2016A000212","Electricity producers, electric utilities","Hydraulic turbine","Megawatt hours","210","units","0","v44174727","4.2.2","38256","","","","0"
"2015-11","Nova Scotia","2016A000212","Electricity producers, electric utilities","Conventional steam turbine","Megawatt hours","210","units","0","v44174728","4.2.3","610711","","","","0"
"2015-11","Nova Scotia","2016A000212","Electricity producers, electric utilities","Combustion turbine","Megawatt hours","210","units","0","v44174729","4.2.6","44690","","","","0"
"2015-11","Nova Scotia","2016A000212","Electricity producers, electric utilities","Tidal power turbine","Megawatt hours","210","units","0","v44174730","4.2.7","1979","","","","0"
"2015-11","Nova Scotia","2016A000212","Electricity producers, electric utilities","Wind power turbine","Megawatt hours","210","units","0","v44174731","4.2.8","46108","","r","","0"
"2015-11","Nova Scotia","2016A000212","Electricity producers, industries","Total all types of electricity generation","Megawatt hours","210","units","0","v44174732","4.3.1","15461","","","","0"
"2015-11","Nova Scotia","2016A000212","Electricity producers, industries","Hydraulic turbine","Megawatt hours","210","units","0","v44174733","4.3.2","","..","","","0"
"2015-11","Nova Scotia","2016A000212","Electricity producers, industries","Conventional steam turbine","Megawatt hours","210","units","0","v44174734","4.3.3","15461","","","","0"
"2015-11","Nova Scotia","2016A000212","Electricity producers, industries","Wind power turbine","Megawatt hours","210","units","0","v62460553","4.3.8","","..","","","0"
"2015-12","Nova Scotia","2016A000212","Total all classes of electricity producer","Total all types of electricity generation","Megawatt hours","210","units","0","v44174720","4.1.1","847792","","","","0"
"2015-12","Nova Scotia","2016A000212","Total all classes of electricity producer","Hydraulic turbine","Megawatt hours","210","units","0","v44174721","4.1.2","74700","","","","0"
"2015-12","Nova Scotia","2016A000212","Total all classes of electricity producer","Conventional steam turbine","Megawatt hours","210","units","0","v44174722","4.1.3","675829","","","","0"
"2015-12","Nova Scotia","2016A000212","Total all classes of electricity producer","Combustion turbine","Megawatt hours","210","units","0","v44174723","4.1.6","52597","","","","0"
"2015-12","Nova Scotia","2016A000212","Total all classes of electricity producer","Tidal power turbine","Megawatt hours","210","units","0","v44174724","4.1.7","1831","","","","0"
"2015-12","Nova Scotia","2016A000212","Total all classes of electricity producer","Wind power turbine","Megawatt hours","210","units","0","v44174725","4.1.8","42835","","","","0"
"2015-12","Nova Scotia","2016A000212","Electricity producers, electric utilities","Total all types of electricity generation","Megawatt hours","210","units","0","v44174726","4.2.1","832155","","","","0"
"2015-12","Nova Scotia","2016A000212","Electricity producers, electric utilities","Hydraulic turbine","Megawatt hours","210","units","0","v44174727","4.2.2","74700","","","","0"
"2015-12","Nova Scotia","2016A000212","Electricity producers, electric utilities","Conventional steam turbine","Megawatt hours","210","units","0","v44174728","4.2.3","660192","","","","0"
"2015-12","Nova Scotia","2016A000212","Electricity producers, electric utilities","Combustion turbine","Megawatt hours","210","units","0","v44174729","4.2.6","52597","","","","0"
"2015-12","Nova Scotia","2016A000212","Electricity producers, electric utilities","Tidal power turbine","Megawatt hours","210","units","0","v44174730","4.2.7","1831","","","","0"
"2015-12","Nova Scotia","2016A000212","Electricity producers, electric utilities","Wind power turbine","Megawatt hours","210","units","0","v44174731","4.2.8","42835","","","","0"
"2015-12","Nova Scotia","2016A000212","Electricity producers, industries","Total all types of electricity generation","Megawatt hours","210","units","0","v44174732","4.3.1","15637","","","","0"
"2015-12","Nova Scotia","2016A000212","Electricity producers, industries","Hydraulic turbine","Megawatt hours","210","units","0","v44174733","4.3.2","","..","","","0"
"2015-12","Nova Scotia","2016A000212","Electricity producers, industries","Conventional steam turbine","Megawatt hours","210","units","0","v44174734","4.3.3","15637","","","","0"
"2015-12","Nova Scotia","2016A000212","Electricity producers, industries","Wind power turbine","Megawatt hours","210","units","0","v62460553","4.3.8","","..","","","0"
"2016-01","Nova Scotia","2016A000212","Total all classes of electricity producer","Total all types of electricity generation","Megawatt hours","210","units","0","v44174720","4.1.1","1024849","","","","0"
"2016-01","Nova Scotia","2016A000212","Total all classes of electricity producer","Hydraulic turbine","Megawatt hours","210","units","0","v44174721","4.1.2","92922","","","","0"
"2016-01","Nova Scotia","2016A000212","Total all classes of electricity producer","Conventional steam turbine","Megawatt hours","210","units","0","v44174722","4.1.3","","..","","","0"
"2016-01","Nova Scotia","2016A000212","Total all classes of electricity producer","Combustion turbine","Megawatt hours","210","units","0","v44174723","4.1.6","","..","","","0"
"2016-01","Nova Scotia","2016A000212","Total all classes of electricity producer","Total electricity production from combustible fuels","Megawatt hours","210","units","0","v1059484841","4.1.11","823926","","","","0"
"2016-01","Nova Scotia","2016A000212","Total all classes of electricity producer","Tidal power turbine","Megawatt hours","210","units","0","v44174724","4.1.7","1257","","","","0"
"2016-01","Nova Scotia","2016A000212","Total all classes of electricity producer","Wind power turbine","Megawatt hours","210","units","0","v44174725","4.1.8","106744","","","","0"
"2016-01","Nova Scotia","2016A000212","Total all classes of electricity producer","Solar","Megawatt hours","210","units","0","v1059484914","4.1.9","0","","","","0"
"2016-01","Nova Scotia","2016A000212","Total all classes of electricity producer","Other types of electricity generation","Megawatt hours","210","units","0","v1059484814","4.1.10","0","","","","0"
"2016-01","Nova Scotia","2016A000212","Electricity producers, electric utilities","Total all types of electricity generation","Megawatt hours","210","units","0","v44174726","4.2.1","1000324","","","","0"
"2016-01","Nova Scotia","2016A000212","Electricity producers, electric utilities","Hydraulic turbine","Megawatt hours","210","units","0","v44174727","4.2.2","92922","","","","0"
"2016-01","Nova Scotia","2016A000212","Electricity producers, electric utilities","Conventional steam turbine","Megawatt hours","210","units","0","v44174728","4.2.3","","..","","","0"
"2016-01","Nova Scotia","2016A000212","Electricity producers, electric utilities","Combustion turbine","Megawatt hours","210","units","0","v44174729","4.2.6","","..","","","0"
"2016-01","Nova Scotia","2016A000212","Electricity producers, electric utilities","Total electricity production from combustible fuels","Megawatt hours","210","units","0","v1059484842","4.2.11","804017","","","","0"
"2016-01","Nova Scotia","2016A000212","Electricity producers, electric utilities","Tidal power turbine","Megawatt hours","210","units","0","v44174730","4.2.7","1257","","","","0"
"2016-01","Nova Scotia","2016A000212","Electricity producers, electric utilities","Wind power turbine","Megawatt hours","210","units","0","v44174731","4.2.8","102128","","","","0"
"2016-01","Nova Scotia","2016A000212","Electricity producers, electric utilities","Solar","Megawatt hours","210","units","0","v1059484915","4.2.9","0","","","","0"
"2016-01","Nova Scotia","2016A000212","Electricity producers, electric utilities","Other types of electricity generation","Megawatt hours","210","units","0","v1059484815","4.2.10","0","","","","0"
"2016-01","Nova Scotia","2016A000212","Electricity producers, industries","Total all types of electricity generation","Megawatt hours","210","units","0","v44174732","4.3.1","24525","","","","0"
"2016-01","Nova Scotia","2016A000212","Electricity producers, industries","Hydraulic turbine","Megawatt hours","210","units","0","v44174733","4.3.2","","..","","","0"
"2016-01","Nova Scotia","2016A000212","Electricity producers, industries","Conventional steam turbine","Megawatt hours","210","units","0","v44174734","4.3.3","","..","","","0"
"2016-01","Nova Scotia","2016A000212","Electricity producers, industries","Total electricity production from combustible fuels","Megawatt hours","210","units","0","v1059484843","4.3.11","19909","","","","0"
"2016-01","Nova Scotia","2016A000212","Electricity producers, industries","Tidal power turbine","Megawatt hours","210","units","0","v1059484884","4.3.7","0","","","","0"
"2016-01","Nova Scotia","2016A000212","Electricity producers, industries","Wind power turbine","Megawatt hours","210","units","0","v62460553","4.3.8","4616","","","","0"
"2016-01","Nova Scotia","2016A000212","Electricity producers, industries","Solar","Megawatt hours","210","units","0","v1059484916","4.3.9","0","","","","0"
"2016-01","Nova Scotia","2016A000212","Electricity producers, industries","Other types of electricity generation","Megawatt hours","210","units","0","v1059484816","4.3.10","0","","","","0"
"2016-02","Nova Scotia","2016A000212","Total all classes of electricity producer","Total all types of electricity generation","Megawatt hours","210","units","0","v44174720","4.1.1","910561","","","","0"
"2016-02","Nova Scotia","2016A000212","Total all classes of electricity producer","Hydraulic turbine","Megawatt hours","210","units","0","v44174721","4.1.2","115791","","","","0"
"2016-02","Nova Scotia","2016A000212","Total all classes of electricity producer","Conventional steam turbine","Megawatt hours","210","units","0","v44174722","4.1.3","","..","","","0"
"2016-02","Nova Scotia","2016A000212","Total all classes of electricity producer","Combustion turbine","Megawatt hours","210","units","0","v44174723","4.1.6","","..","","","0"
"2016-02","Nova Scotia","2016A000212","Total all classes of electricity producer","Total electricity production from combustible fuels","Megawatt hours","210","units","0","v1059484841","4.1.11","700949","","","","0"
"2016-02","Nova Scotia","2016A000212","Total all classes of electricity producer","Tidal power turbine","Megawatt hours","210","units","0","v44174724","4.1.7","1782","","","","0"
"2016-02","Nova Scotia","2016A000212","Total all classes of electricity producer","Wind power turbine","Megawatt hours","210","units","0","v44174725","4.1.8","92039","","","","0"
"2016-02","Nova Scotia","2016A000212","Total all classes of electricity producer","Solar","Megawatt hours","210","units","0","v1059484914","4.1.9","0","","","","0"
"2016-02","Nova Scotia","2016A000212","Total all classes of electricity producer","Other types of electricity generation","Megawatt hours","210","units","0","v1059484814","4.1.10","0","","","","0"
"2016-02","Nova Scotia","2016A000212","Electricity producers, electric utilities","Total all types of electricity generation","Megawatt hours","210","units","0","v44174726","4.2.1","893361","","","","0"
"2016-02","Nova Scotia","2016A000212","Electricity producers, electric utilities","Hydraulic turbine","Megawatt hours","210","units","0","v44174727","4.2.2","115791","","","","0"
"2016-02","Nova Scotia","2016A000212","Electricity producers, electric utilities","Conventional steam turbine","Megawatt hours","210","units","0","v44174728","4.2.3","","..","","","0"
"2016-02","Nova Scotia","2016A000212","Electricity producers, electric utilities","Combustion turbine","Megawatt hours","210","units","0","v44174729","4.2.6","","..","","","0"
"2016-02","Nova Scotia","2016A000212","Electricity producers, electric utilities","Total electricity production from combustible fuels","Megawatt hours","210","units","0","v1059484842","4.2.11","687450","","","","0"
"2016-02","Nova Scotia","2016A000212","Electricity producers, electric utilities","Tidal power turbine","Megawatt hours","210","units","0","v44174730","4.2.7","1782","","","","0"
"2016-02","Nova Scotia","2016A000212","Electricity producers, electric utilities","Wind power turbine","Megawatt hours","210","units","0","v44174731","4.2.8","88338","","","","0"
"2016-02","Nova Scotia","2016A000212","Electricity producers, electric utilities","Solar","Megawatt hours","210","units","0","v1059484915","4.2.9","0","","","","0"
"2016-02","Nova Scotia","2016A000212","Electricity producers, electric utilities","Other types of electricity generation","Megawatt hours","210","units","0","v1059484815","4.2.10","0","","","","0"
"2016-02","Nova Scotia","2016A000212","Electricity producers, industries","Total all types of electricity generation","Megawatt hours","210","units","0","v44174732","4.3.1","17200","","","","0"
"2016-02","Nova Scotia","2016A000212","Electricity producers, industries","Hydraulic turbine","Megawatt hours","210","units","0","v44174733","4.3.2","","..","","","0"
"2016-02","Nova Scotia","2016A000212","Electricity producers, industries","Conventional steam turbine","Megawatt hours","210","units","0","v44174734","4.3.3","","..","","","0"
"2016-02","Nova Scotia","2016A000212","Electricity producers, industries","Total electricity production from combustible fuels","Megawatt hours","210","units","0","v1059484843","4.3.11","13499","","","","0"
"2016-02","Nova Scotia","2016A000212","Electricity producers, industries","Tidal power turbine","Megawatt hours","210","units","0","v1059484884","4.3.7","0","","","","0"
"2016-02","Nova Scotia","2016A000212","Electricity producers, industries","Wind power turbine","Megawatt hours","210","units","0","v62460553","4.3.8","3701","","","","0"
"2016-02","Nova Scotia","2016A000212","Electricity producers, industries","Solar","Megawatt hours","210","units","0","v1059484916","4.3.9","0","","","","0"
"2016-02","Nova Scotia","2016A000212","Electricity producers, industries","Other types of electricity generation","Megawatt hours","210","units","0","v1059484816","4.3.10","0","","","","0"
"2016-03","Nova Scotia","2016A000212","Total all classes of electricity producer","Total all types of electricity generation","Megawatt hours","210","units","0","v44174720","4.1.1","951946","","","","0"
"2016-03","Nova Scotia","2016A000212","Total all classes of electricity producer","Hydraulic turbine","Megawatt hours","210","units","0","v44174721","4.1.2","123478","","","","0"
"2016-03","Nova Scotia","2016A000212","Total all classes of electricity producer","Conventional steam turbine","Megawatt hours","210","units","0","v44174722","4.1.3","","..","","","0"
"2016-03","Nova Scotia","2016A000212","Total all classes of electricity producer","Combustion turbine","Megawatt hours","210","units","0","v44174723","4.1.6","","..","","","0"
"2016-03","Nova Scotia","2016A000212","Total all classes of electricity producer","Total electricity production from combustible fuels","Megawatt hours","210","units","0","v1059484841","4.1.11","735956","","","","0"
"2016-03","Nova Scotia","2016A000212","Total all classes of electricity producer","Tidal power turbine","Megawatt hours","210","units","0","v44174724","4.1.7","1901","","","","0"
"2016-03","Nova Scotia","2016A000212","Total all classes of electricity producer","Wind power turbine","Megawatt hours","210","units","0","v44174725","4.1.8","90611","","","","0"
"2016-03","Nova Scotia","2016A000212","Total all classes of electricity producer","Solar","Megawatt hours","210","units","0","v1059484914","4.1.9","0","","","","0"
"2016-03","Nova Scotia","2016A000212","Total all classes of electricity producer","Other types of electricity generation","Megawatt hours","210","units","0","v1059484814","4.1.10","0","","","","0"
"2016-03","Nova Scotia","2016A000212","Electricity producers, electric utilities","Total all types of electricity generation","Megawatt hours","210","units","0","v44174726","4.2.1","931207","","","","0"
"2016-03","Nova Scotia","2016A000212","Electricity producers, electric utilities","Hydraulic turbine","Megawatt hours","210","units","0","v44174727","4.2.2","123478","","","","0"
"2016-03","Nova Scotia","2016A000212","Electricity producers, electric utilities","Conventional steam turbine","Megawatt hours","210","units","0","v44174728","4.2.3","","..","","","0"
"2016-03","Nova Scotia","2016A000212","Electricity producers, electric utilities","Combustion turbine","Megawatt hours","210","units","0","v44174729","4.2.6","","..","","","0"
"2016-03","Nova Scotia","2016A000212","Electricity producers, electric utilities","Total electricity production from combustible fuels","Megawatt hours","210","units","0","v1059484842","4.2.11","718865","","","","0"
"2016-03","Nova Scotia","2016A000212","Electricity producers, electric utilities","Tidal power turbine","Megawatt hours","210","units","0","v44174730","4.2.7","1901","","","","0"
"2016-03","Nova Scotia","2016A000212","Electricity producers, electric utilities","Wind power turbine","Megawatt hours","210","units","0","v44174731","4.2.8","86963","","","","0"
"2016-03","Nova Scotia","2016A000212","Electricity producers, electric utilities","Solar","Megawatt hours","210","units","0","v1059484915","4.2.9","0","","","","0"
"2016-03","Nova Scotia","2016A000212","Electricity producers, electric utilities","Other types of electricity generation","Megawatt hours","210","units","0","v1059484815","4.2.10","0","","","","0"
"2016-03","Nova Scotia","2016A000212","Electricity producers, industries","Total all types of electricity generation","Megawatt hours","210","units","0","v44174732","4.3.1","20739","","","","0"
"2016-03","Nova Scotia","2016A000212","Electricity producers, industries","Hydraulic turbine","Megawatt hours","210","units","0","v44174733","4.3.2","","..","","","0"
"2016-03","Nova Scotia","2016A000212","Electricity producers, industries","Conventional steam turbine","Megawatt hours","210","units","0","v44174734","4.3.3","","..","","","0"
"2016-03","Nova Scotia","2016A000212","Electricity producers, industries","Total electricity production from combustible fuels","Megawatt hours","210","units","0","v1059484843","4.3.11","17091","","","","0"
"2016-03","Nova Scotia","2016A000212","Electricity producers, industries","Tidal power turbine","Megawatt hours","210","units","0","v1059484884","4.3.7","0","","","","0"
"2016-03","Nova Scotia","2016A000212","Electricity producers, industries","Wind power turbine","Megawatt hours","210","units","0","v62460553","4.3.8","3648","","","","0"
"2016-03","Nova Scotia","2016A000212","Electricity producers, industries","Solar","Megawatt hours","210","units","0","v1059484916","4.3.9","0","","","","0"
"2016-03","Nova Scotia","2016A000212","Electricity producers, industries","Other types of electricity generation","Megawatt hours","210","units","0","v1059484816","4.3.10","0","","","","0"
"2016-04","Nova Scotia","2016A000212","Total all classes of electricity producer","Total all types of electricity generation","Megawatt hours","210","units","0","v44174720","4.1.1","791079","","","","0"
"2016-04","Nova Scotia","2016A000212","Total all classes of electricity producer","Hydraulic turbine","Megawatt hours","210","units","0","v44174721","4.1.2","111394","","","","0"
"2016-04","Nova Scotia","2016A000212","Total all classes of electricity producer","Conventional steam turbine","Megawatt hours","210","units","0","v44174722","4.1.3","","..","","","0"
"2016-04","Nova Scotia","2016A000212","Total all classes of electricity producer","Combustion turbine","Megawatt hours","210","units","0","v44174723","4.1.6","","..","","","0"
"2016-04","Nova Scotia","2016A000212","Total all classes of electricity producer","Total electricity production from combustible fuels","Megawatt hours","210","units","0","v1059484841","4.1.11","593943","","","","0"
"2016-04","Nova Scotia","2016A000212","Total all classes of electricity producer","Tidal power turbine","Megawatt hours","210","units","0","v44174724","4.1.7","1800","","","","0"
"2016-04","Nova Scotia","2016A000212","Total all classes of electricity producer","Wind power turbine","Megawatt hours","210","units","0","v44174725","4.1.8","83942","","","","0"
"2016-04","Nova Scotia","2016A000212","Total all classes of electricity producer","Solar","Megawatt hours","210","units","0","v1059484914","4.1.9","0","","","","0"
"2016-04","Nova Scotia","2016A000212","Total all classes of electricity producer","Other types of electricity generation","Megawatt hours","210","units","0","v1059484814","4.1.10","0","","","","0"
"2016-04","Nova Scotia","2016A000212","Electricity producers, electric utilities","Total all types of electricity generation","Megawatt hours","210","units","0","v44174726","4.2.1","771450","","","","0"
"2016-04","Nova Scotia","2016A000212","Electricity producers, electric utilities","Hydraulic turbine","Megawatt hours","210","units","0","v44174727","4.2.2","111394","","","","0"
"2016-04","Nova Scotia","2016A000212","Electricity producers, electric utilities","Conventional steam turbine","Megawatt hours","210","units","0","v44174728","4.2.3","","..","","","0"
"2016-04","Nova Scotia","2016A000212","Electricity producers, electric utilities","Combustion turbine","Megawatt hours","210","units","0","v44174729","4.2.6","","..","","","0"
"2016-04","Nova Scotia","2016A000212","Electricity producers, electric utilities","Total electricity production from combustible fuels","Megawatt hours","210","units","0","v1059484842","4.2.11","577272","","","","0"
"2016-04","Nova Scotia","2016A000212","Electricity producers, electric utilities","Tidal power turbine","Megawatt hours","210","units","0","v44174730","4.2.7","1800","","","","0"
"2016-04","Nova Scotia","2016A000212","Electricity producers, electric utilities","Wind power turbine","Megawatt hours","210","units","0","v44174731","4.2.8","80984","","","","0"
"2016-04","Nova Scotia","2016A000212","Electricity producers, electric utilities","Solar","Megawatt hours","210","units","0","v1059484915","4.2.9","0","","","","0"
"2016-04","Nova Scotia","2016A000212","Electricity producers, electric utilities","Other types of electricity generation","Megawatt hours","210","units","0","v1059484815","4.2.10","0","","","","0"
"2016-04","Nova Scotia","2016A000212","Electricity producers, industries","Total all types of electricity generation","Megawatt hours","210","units","0","v44174732","4.3.1","19629","","","","0"
"2016-04","Nova Scotia","2016A000212","Electricity producers, industries","Hydraulic turbine","Megawatt hours","210","units","0","v44174733","4.3.2","","..","","","0"
"2016-04","Nova Scotia","2016A000212","Electricity producers, industries","Conventional steam turbine","Megawatt hours","210","units","0","v44174734","4.3.3","","..","","","0"
"2016-04","Nova Scotia","2016A000212","Electricity producers, industries","Total electricity production from combustible fuels","Megawatt hours","210","units","0","v1059484843","4.3.11","16671","","","","0"
"2016-04","Nova Scotia","2016A000212","Electricity producers, industries","Tidal power turbine","Megawatt hours","210","units","0","v1059484884","4.3.7","0","","","","0"
"2016-04","Nova Scotia","2016A000212","Electricity producers, industries","Wind power turbine","Megawatt hours","210","units","0","v62460553","4.3.8","2958","","","","0"
"2016-04","Nova Scotia","2016A000212","Electricity producers, industries","Solar","Megawatt hours","210","units","0","v1059484916","4.3.9","0","","","","0"
"2016-04","Nova Scotia","2016A000212","Electricity producers, industries","Other types of electricity generation","Megawatt hours","210","units","0","v1059484816","4.3.10","0","","","","0"
"2016-05","Nova Scotia","2016A000212","Total all classes of electricity producer","Total all types of electricity generation","Megawatt hours","210","units","0","v44174720","4.1.1","751409","","","","0"
"2016-05","Nova Scotia","2016A000212","Total all classes of electricity producer","Hydraulic turbine","Megawatt hours","210","units","0","v44174721","4.1.2","95163","","","","0"
"2016-05","Nova Scotia","2016A000212","Total all classes of electricity producer","Conventional steam turbine","Megawatt hours","210","units","0","v44174722","4.1.3","","..","","","0"
"2016-05","Nova Scotia","2016A000212","Total all classes of electricity producer","Combustion turbine","Megawatt hours","210","units","0","v44174723","4.1.6","","..","","","0"
"2016-05","Nova Scotia","2016A000212","Total all classes of electricity producer","Total electricity production from combustible fuels","Megawatt hours","210","units","0","v1059484841","4.1.11","587239","","","","0"
"2016-05","Nova Scotia","2016A000212","Total all classes of electricity producer","Tidal power turbine","Megawatt hours","210","units","0","v44174724","4.1.7","1803","","","","0"
"2016-05","Nova Scotia","2016A000212","Total all classes of electricity producer","Wind power turbine","Megawatt hours","210","units","0","v44174725","4.1.8","67204","","","","0"
"2016-05","Nova Scotia","2016A000212","Total all classes of electricity producer","Solar","Megawatt hours","210","units","0","v1059484914","4.1.9","0","","","","0"
"2016-05","Nova Scotia","2016A000212","Total all classes of electricity producer","Other types of electricity generation","Megawatt hours","210","units","0","v1059484814","4.1.10","0","","","","0"
"2016-05","Nova Scotia","2016A000212","Electricity producers, electric utilities","Total all types of electricity generation","Megawatt hours","210","units","0","v44174726","4.2.1","732224","","","","0"
"2016-05","Nova Scotia","2016A000212","Electricity producers, electric utilities","Hydraulic turbine","Megawatt hours","210","units","0","v44174727","4.2.2","95163","","","","0"
"2016-05","Nova Scotia","2016A000212","Electricity producers, electric utilities","Conventional steam turbine","Megawatt hours","210","units","0","v44174728","4.2.3","","..","","","0"
"2016-05","Nova Scotia","2016A000212","Electricity producers, electric utilities","Combustion turbine","Megawatt hours","210","units","0","v44174729","4.2.6","","..","","","0"
"2016-05","Nova Scotia","2016A000212","Electricity producers, electric utilities","Total electricity production from combustible fuels","Megawatt hours","210","units","0","v1059484842","4.2.11","570810","","","","0"
"2016-05","Nova Scotia","2016A000212","Electricity producers, electric utilities","Tidal power turbine","Megawatt hours","210","units","0","v44174730","4.2.7","1803","","","","0"
"2016-05","Nova Scotia","2016A000212","Electricity producers, electric utilities","Wind power turbine","Megawatt hours","210","units","0","v44174731","4.2.8","64448","","","","0"
"2016-05","Nova Scotia","2016A000212","Electricity producers, electric utilities","Solar","Megawatt hours","210","units","0","v1059484915","4.2.9","0","","","","0"
"2016-05","Nova Scotia","2016A000212","Electricity producers, electric utilities","Other types of electricity generation","Megawatt hours","210","units","0","v1059484815","4.2.10","0","","","","0"
"2016-05","Nova Scotia","2016A000212","Electricity producers, industries","Total all types of electricity generation","Megawatt hours","210","units","0","v44174732","4.3.1","19185","","","","0"
"2016-05","Nova Scotia","2016A000212","Electricity producers, industries","Hydraulic turbine","Megawatt hours","210","units","0","v44174733","4.3.2","","..","","","0"
"2016-05","Nova Scotia","2016A000212","Electricity producers, industries","Conventional steam turbine","Megawatt hours","210","units","0","v44174734","4.3.3","","..","","","0"
"2016-05","Nova Scotia","2016A000212","Electricity producers, industries","Total electricity production from combustible fuels","Megawatt hours","210","units","0","v1059484843","4.3.11","16429","","","","0"
"2016-05","Nova Scotia","2016A000212","Electricity producers, industries","Tidal power turbine","Megawatt hours","210","units","0","v1059484884","4.3.7","0","","","","0"
"2016-05","Nova Scotia","2016A000212","Electricity producers, industries","Wind power turbine","Megawatt hours","210","units","0","v62460553","4.3.8","2756","","","","0"
"2016-05","Nova Scotia","2016A000212","Electricity producers, industries","Solar","Megawatt hours","210","units","0","v1059484916","4.3.9","0","","","","0"
"2016-05","Nova Scotia","2016A000212","Electricity producers, industries","Other types of electricity generation","Megawatt hours","210","units","0","v1059484816","4.3.10","0","","","","0"
"2016-06","Nova Scotia","2016A000212","Total all classes of electricity producer","Total all types of electricity generation","Megawatt hours","210","units","0","v44174720","4.1.1","663192","","","","0"
"2016-06","Nova Scotia","2016A000212","Total all classes of electricity producer","Hydraulic turbine","Megawatt hours","210","units","0","v44174721","4.1.2","48131","","","","0"
"2016-06","Nova Scotia","2016A000212","Total all classes of electricity producer","Conventional steam turbine","Megawatt hours","210","units","0","v44174722","4.1.3","","..","","","0"
"2016-06","Nova Scotia","2016A000212","Total all classes of electricity producer","Combustion turbine","Megawatt hours","210","units","0","v44174723","4.1.6","","..","","","0"
"2016-06","Nova Scotia","2016A000212","Total all classes of electricity producer","Total electricity production from combustible fuels","Megawatt hours","210","units","0","v1059484841","4.1.11","546213","","","","0"
"2016-06","Nova Scotia","2016A000212","Total all classes of electricity producer","Tidal power turbine","Megawatt hours","210","units","0","v44174724","4.1.7","1314","","","","0"
"2016-06","Nova Scotia","2016A000212","Total all classes of electricity producer","Wind power turbine","Megawatt hours","210","units","0","v44174725","4.1.8","67534","","","","0"
"2016-06","Nova Scotia","2016A000212","Total all classes of electricity producer","Solar","Megawatt hours","210","units","0","v1059484914","4.1.9","0","","","","0"
"2016-06","Nova Scotia","2016A000212","Total all classes of electricity producer","Other types of electricity generation","Megawatt hours","210","units","0","v1059484814","4.1.10","0","","","","0"
"2016-06","Nova Scotia","2016A000212","Electricity producers, electric utilities","Total all types of electricity generation","Megawatt hours","210","units","0","v44174726","4.2.1","643522","","","","0"
"2016-06","Nova Scotia","2016A000212","Electricity producers, electric utilities","Hydraulic turbine","Megawatt hours","210","units","0","v44174727","4.2.2","48131","","","","0"
"2016-06","Nova Scotia","2016A000212","Electricity producers, electric utilities","Conventional steam turbine","Megawatt hours","210","units","0","v44174728","4.2.3","","..","","","0"
"2016-06","Nova Scotia","2016A000212","Electricity producers, electric utilities","Combustion turbine","Megawatt hours","210","units","0","v44174729","4.2.6","","..","","","0"
"2016-06","Nova Scotia","2016A000212","Electricity producers, electric utilities","Total electricity production from combustible fuels","Megawatt hours","210","units","0","v1059484842","4.2.11","529559","","","","0"
"2016-06","Nova Scotia","2016A000212","Electricity producers, electric utilities","Tidal power turbine","Megawatt hours","210","units","0","v44174730","4.2.7","1314","","","","0"
"2016-06","Nova Scotia","2016A000212","Electricity producers, electric utilities","Wind power turbine","Megawatt hours","210","units","0","v44174731","4.2.8","64518","","","","0"
"2016-06","Nova Scotia","2016A000212","Electricity producers, electric utilities","Solar","Megawatt hours","210","units","0","v1059484915","4.2.9","0","","","","0"
"2016-06","Nova Scotia","2016A000212","Electricity producers, electric utilities","Other types of electricity generation","Megawatt hours","210","units","0","v1059484815","4.2.10","0","","","","0"
"2016-06","Nova Scotia","2016A000212","Electricity producers, industries","Total all types of electricity generation","Megawatt hours","210","units","0","v44174732","4.3.1","19670","","","","0"
"2016-06","Nova Scotia","2016A000212","Electricity producers, industries","Hydraulic turbine","Megawatt hours","210","units","0","v44174733","4.3.2","","..","","","0"
"2016-06","Nova Scotia","2016A000212","Electricity producers, industries","Conventional steam turbine","Megawatt hours","210","units","0","v44174734","4.3.3","","..","","","0"
"2016-06","Nova Scotia","2016A000212","Electricity producers, industries","Total electricity production from combustible fuels","Megawatt hours","210","units","0","v1059484843","4.3.11","16654","","","","0"
"2016-06","Nova Scotia","2016A000212","Electricity producers, industries","Tidal power turbine","Megawatt hours","210","units","0","v1059484884","4.3.7","0","","","","0"
"2016-06","Nova Scotia","2016A000212","Electricity producers, industries","Wind power turbine","Megawatt hours","210","units","0","v62460553","4.3.8","3016","","","","0"
"2016-06","Nova Scotia","2016A000212","Electricity producers, industries","Solar","Megawatt hours","210","units","0","v1059484916","4.3.9","0","","","","0"
"2016-06","Nova Scotia","2016A000212","Electricity producers, industries","Other types of electricity generation","Megawatt hours","210","units","0","v1059484816","4.3.10","0","","","","0"
"2016-07","Nova Scotia","2016A000212","Total all classes of electricity producer","Total all types of electricity generation","Megawatt hours","210","units","0","v44174720","4.1.1","706592","","","","0"
"2016-07","Nova Scotia","2016A000212","Total all classes of electricity producer","Hydraulic turbine","Megawatt hours","210","units","0","v44174721","4.1.2","34819","","","","0"
"2016-07","Nova Scotia","2016A000212","Total all classes of electricity producer","Conventional steam turbine","Megawatt hours","210","units","0","v44174722","4.1.3","","..","","","0"
"2016-07","Nova Scotia","2016A000212","Total all classes of electricity producer","Combustion turbine","Megawatt hours","210","units","0","v44174723","4.1.6","","..","","","0"
"2016-07","Nova Scotia","2016A000212","Total all classes of electricity producer","Total electricity production from combustible fuels","Megawatt hours","210","units","0","v1059484841","4.1.11","614351","","","","0"
"2016-07","Nova Scotia","2016A000212","Total all classes of electricity producer","Tidal power turbine","Megawatt hours","210","units","0","v44174724","4.1.7","1171","","","","0"
"2016-07","Nova Scotia","2016A000212","Total all classes of electricity producer","Wind power turbine","Megawatt hours","210","units","0","v44174725","4.1.8","56251","","","","0"
"2016-07","Nova Scotia","2016A000212","Total all classes of electricity producer","Solar","Megawatt hours","210","units","0","v1059484914","4.1.9","0","","","","0"
"2016-07","Nova Scotia","2016A000212","Total all classes of electricity producer","Other types of electricity generation","Megawatt hours","210","units","0","v1059484814","4.1.10","0","","","","0"
"2016-07","Nova Scotia","2016A000212","Electricity producers, electric utilities","Total all types of electricity generation","Megawatt hours","210","units","0","v44174726","4.2.1","688155","","","","0"
"2016-07","Nova Scotia","2016A000212","Electricity producers, electric utilities","Hydraulic turbine","Megawatt hours","210","units","0","v44174727","4.2.2","34819","","","","0"
"2016-07","Nova Scotia","2016A000212","Electricity producers, electric utilities","Conventional steam turbine","Megawatt hours","210","units","0","v44174728","4.2.3","","..","","","0"
"2016-07","Nova Scotia","2016A000212","Electricity producers, electric utilities","Combustion turbine","Megawatt hours","210","units","0","v44174729","4.2.6","","..","","","0"
"2016-07","Nova Scotia","2016A000212","Electricity producers, electric utilities","Total electricity production from combustible fuels","Megawatt hours","210","units","0","v1059484842","4.2.11","598560","","","","0"
"2016-07","Nova Scotia","2016A000212","Electricity producers, electric utilities","Tidal power turbine","Megawatt hours","210","units","0","v44174730","4.2.7","1171","","","","0"
"2016-07","Nova Scotia","2016A000212","Electricity producers, electric utilities","Wind power turbine","Megawatt hours","210","units","0","v44174731","4.2.8","53605","","","","0"
"2016-07","Nova Scotia","2016A000212","Electricity producers, electric utilities","Solar","Megawatt hours","210","units","0","v1059484915","4.2.9","0","","","","0"
"2016-07","Nova Scotia","2016A000212","Electricity producers, electric utilities","Other types of electricity generation","Megawatt hours","210","units","0","v1059484815","4.2.10","0","","","","0"
"2016-07","Nova Scotia","2016A000212","Electricity producers, industries","Total all types of electricity generation","Megawatt hours","210","units","0","v44174732","4.3.1","18437","","","","0"
"2016-07","Nova Scotia","2016A000212","Electricity producers, industries","Hydraulic turbine","Megawatt hours","210","units","0","v44174733","4.3.2","","..","","","0"
"2016-07","Nova Scotia","2016A000212","Electricity producers, industries","Conventional steam turbine","Megawatt hours","210","units","0","v44174734","4.3.3","","..","","","0"
"2016-07","Nova Scotia","2016A000212","Electricity producers, industries","Total electricity production from combustible fuels","Megawatt hours","210","units","0","v1059484843","4.3.11","15791","","","","0"
"2016-07","Nova Scotia","2016A000212","Electricity producers, industries","Tidal power turbine","Megawatt hours","210","units","0","v1059484884","4.3.7","0","","","","0"
"2016-07","Nova Scotia","2016A000212","Electricity producers, industries","Wind power turbine","Megawatt hours","210","units","0","v62460553","4.3.8","2646","","","","0"
"2016-07","Nova Scotia","2016A000212","Electricity producers, industries","Solar","Megawatt hours","210","units","0","v1059484916","4.3.9","0","","","","0"
"2016-07","Nova Scotia","2016A000212","Electricity producers, industries","Other types of electricity generation","Megawatt hours","210","units","0","v1059484816","4.3.10","0","","","","0"
"2016-08","Nova Scotia","2016A000212","Total all classes of electricity producer","Total all types of electricity generation","Megawatt hours","210","units","0","v44174720","4.1.1","732723","","","","0"
"2016-08","Nova Scotia","2016A000212","Total all classes of electricity producer","Hydraulic turbine","Megawatt hours","210","units","0","v44174721","4.1.2","28467","","","","0"
"2016-08","Nova Scotia","2016A000212","Total all classes of electricity producer","Conventional steam turbine","Megawatt hours","210","units","0","v44174722","4.1.3","","..","","","0"
"2016-08","Nova Scotia","2016A000212","Total all classes of electricity producer","Combustion turbine","Megawatt hours","210","units","0","v44174723","4.1.6","","..","","","0"
"2016-08","Nova Scotia","2016A000212","Total all classes of electricity producer","Total electricity production from combustible fuels","Megawatt hours","210","units","0","v1059484841","4.1.11","647547","","","","0"
"2016-08","Nova Scotia","2016A000212","Total all classes of electricity producer","Tidal power turbine","Megawatt hours","210","units","0","v44174724","4.1.7","1923","","","","0"
"2016-08","Nova Scotia","2016A000212","Total all classes of electricity producer","Wind power turbine","Megawatt hours","210","units","0","v44174725","4.1.8","54786","","","","0"
"2016-08","Nova Scotia","2016A000212","Total all classes of electricity producer","Solar","Megawatt hours","210","units","0","v1059484914","4.1.9","0","","","","0"
"2016-08","Nova Scotia","2016A000212","Total all classes of electricity producer","Other types of electricity generation","Megawatt hours","210","units","0","v1059484814","4.1.10","0","","","","0"
"2016-08","Nova Scotia","2016A000212","Electricity producers, electric utilities","Total all types of electricity generation","Megawatt hours","210","units","0","v44174726","4.2.1","714532","","","","0"
"2016-08","Nova Scotia","2016A000212","Electricity producers, electric utilities","Hydraulic turbine","Megawatt hours","210","units","0","v44174727","4.2.2","28467","","","","0"
"2016-08","Nova Scotia","2016A000212","Electricity producers, electric utilities","Conventional steam turbine","Megawatt hours","210","units","0","v44174728","4.2.3","","..","","","0"
"2016-08","Nova Scotia","2016A000212","Electricity producers, electric utilities","Combustion turbine","Megawatt hours","210","units","0","v44174729","4.2.6","","..","","","0"
"2016-08","Nova Scotia","2016A000212","Electricity producers, electric utilities","Total electricity production from combustible fuels","Megawatt hours","210","units","0","v1059484842","4.2.11","631633","","","","0"
"2016-08","Nova Scotia","2016A000212","Electricity producers, electric utilities","Tidal power turbine","Megawatt hours","210","units","0","v44174730","4.2.7","1923","","","","0"
"2016-08","Nova Scotia","2016A000212","Electricity producers, electric utilities","Wind power turbine","Megawatt hours","210","units","0","v44174731","4.2.8","52509","","","","0"
"2016-08","Nova Scotia","2016A000212","Electricity producers, electric utilities","Solar","Megawatt hours","210","units","0","v1059484915","4.2.9","0","","","","0"
"2016-08","Nova Scotia","2016A000212","Electricity producers, electric utilities","Other types of electricity generation","Megawatt hours","210","units","0","v1059484815","4.2.10","0","","","","0"
"2016-08","Nova Scotia","2016A000212","Electricity producers, industries","Total all types of electricity generation","Megawatt hours","210","units","0","v44174732","4.3.1","18191","","","","0"
"2016-08","Nova Scotia","2016A000212","Electricity producers, industries","Hydraulic turbine","Megawatt hours","210","units","0","v44174733","4.3.2","","..","","","0"
"2016-08","Nova Scotia","2016A000212","Electricity producers, industries","Conventional steam turbine","Megawatt hours","210","units","0","v44174734","4.3.3","","..","","","0"
"2016-08","Nova Scotia","2016A000212","Electricity producers, industries","Total electricity production from combustible fuels","Megawatt hours","210","units","0","v1059484843","4.3.11","15914","","","","0"
"2016-08","Nova Scotia","2016A000212","Electricity producers, industries","Tidal power turbine","Megawatt hours","210","units","0","v1059484884","4.3.7","0","","","","0"
"2016-08","Nova Scotia","2016A000212","Electricity producers, industries","Wind power turbine","Megawatt hours","210","units","0","v62460553","4.3.8","2277","","","","0"
"2016-08","Nova Scotia","2016A000212","Electricity producers, industries","Solar","Megawatt hours","210","units","0","v1059484916","4.3.9","0","","","","0"
"2016-08","Nova Scotia","2016A000212","Electricity producers, industries","Other types of electricity generation","Megawatt hours","210","units","0","v1059484816","4.3.10","0","","","","0"
"2016-09","Nova Scotia","2016A000212","Total all classes of electricity producer","Total all types of electricity generation","Megawatt hours","210","units","0","v44174720","4.1.1","683001","","","","0"
"2016-09","Nova Scotia","2016A000212","Total all classes of electricity producer","Hydraulic turbine","Megawatt hours","210","units","0","v44174721","4.1.2","20608","","","","0"
"2016-09","Nova Scotia","2016A000212","Total all classes of electricity producer","Conventional steam turbine","Megawatt hours","210","units","0","v44174722","4.1.3","","..","","","0"
"2016-09","Nova Scotia","2016A000212","Total all classes of electricity producer","Combustion turbine","Megawatt hours","210","units","0","v44174723","4.1.6","","..","","","0"
"2016-09","Nova Scotia","2016A000212","Total all classes of electricity producer","Total electricity production from combustible fuels","Megawatt hours","210","units","0","v1059484841","4.1.11","584591","","","","0"
"2016-09","Nova Scotia","2016A000212","Total all classes of electricity producer","Tidal power turbine","Megawatt hours","210","units","0","v44174724","4.1.7","1415","","","","0"
"2016-09","Nova Scotia","2016A000212","Total all classes of electricity producer","Wind power turbine","Megawatt hours","210","units","0","v44174725","4.1.8","76387","","","","0"
"2016-09","Nova Scotia","2016A000212","Total all classes of electricity producer","Solar","Megawatt hours","210","units","0","v1059484914","4.1.9","0","","","","0"
"2016-09","Nova Scotia","2016A000212","Total all classes of electricity producer","Other types of electricity generation","Megawatt hours","210","units","0","v1059484814","4.1.10","0","","","","0"
"2016-09","Nova Scotia","2016A000212","Electricity producers, electric utilities","Total all types of electricity generation","Megawatt hours","210","units","0","v44174726","4.2.1","674760","","","","0"
"2016-09","Nova Scotia","2016A000212","Electricity producers, electric utilities","Hydraulic turbine","Megawatt hours","210","units","0","v44174727","4.2.2","20608","","","","0"
"2016-09","Nova Scotia","2016A000212","Electricity producers, electric utilities","Conventional steam turbine","Megawatt hours","210","units","0","v44174728","4.2.3","","..","","","0"
"2016-09","Nova Scotia","2016A000212","Electricity producers, electric utilities","Combustion turbine","Megawatt hours","210","units","0","v44174729","4.2.6","","..","","","0"
"2016-09","Nova Scotia","2016A000212","Electricity producers, electric utilities","Total electricity production from combustible fuels","Megawatt hours","210","units","0","v1059484842","4.2.11","579153","","","","0"
"2016-09","Nova Scotia","2016A000212","Electricity producers, electric utilities","Tidal power turbine","Megawatt hours","210","units","0","v44174730","4.2.7","1415","","","","0"
"2016-09","Nova Scotia","2016A000212","Electricity producers, electric utilities","Wind power turbine","Megawatt hours","210","units","0","v44174731","4.2.8","73584","","","","0"
"2016-09","Nova Scotia","2016A000212","Electricity producers, electric utilities","Solar","Megawatt hours","210","units","0","v1059484915","4.2.9","0","","","","0"
"2016-09","Nova Scotia","2016A000212","Electricity producers, electric utilities","Other types of electricity generation","Megawatt hours","210","units","0","v1059484815","4.2.10","0","","","","0"
"2016-09","Nova Scotia","2016A000212","Electricity producers, industries","Total all types of electricity generation","Megawatt hours","210","units","0","v44174732","4.3.1","8241","","","","0"
"2016-09","Nova Scotia","2016A000212","Electricity producers, industries","Hydraulic turbine","Megawatt hours","210","units","0","v44174733","4.3.2","","..","","","0"
"2016-09","Nova Scotia","2016A000212","Electricity producers, industries","Conventional steam turbine","Megawatt hours","210","units","0","v44174734","4.3.3","","..","","","0"
"2016-09","Nova Scotia","2016A000212","Electricity producers, industries","Total electricity production from combustible fuels","Megawatt hours","210","units","0","v1059484843","4.3.11","5438","","","","0"
"2016-09","Nova Scotia","2016A000212","Electricity producers, industries","Tidal power turbine","Megawatt hours","210","units","0","v1059484884","4.3.7","0","","","","0"
"2016-09","Nova Scotia","2016A000212","Electricity producers, industries","Wind power turbine","Megawatt hours","210","units","0","v62460553","4.3.8","2803","","","","0"
"2016-09","Nova Scotia","2016A000212","Electricity producers, industries","Solar","Megawatt hours","210","units","0","v1059484916","4.3.9","0","","","","0"
"2016-09","Nova Scotia","2016A000212","Electricity producers, industries","Other types of electricity generation","Megawatt hours","210","units","0","v1059484816","4.3.10","0","","","","0"
"2016-10","Nova Scotia","2016A000212","Total all classes of electricity producer","Total all types of electricity generation","Megawatt hours","210","units","0","v44174720","4.1.1","759829","","","","0"
"2016-10","Nova Scotia","2016A000212","Total all classes of electricity producer","Hydraulic turbine","Megawatt hours","210","units","0","v44174721","4.1.2","32568","","","","0"
"2016-10","Nova Scotia","2016A000212","Total all classes of electricity producer","Conventional steam turbine","Megawatt hours","210","units","0","v44174722","4.1.3","","..","","","0"
"2016-10","Nova Scotia","2016A000212","Total all classes of electricity producer","Combustion turbine","Megawatt hours","210","units","0","v44174723","4.1.6","","..","","","0"
"2016-10","Nova Scotia","2016A000212","Total all classes of electricity producer","Total electricity production from combustible fuels","Megawatt hours","210","units","0","v1059484841","4.1.11","628298","","","","0"
"2016-10","Nova Scotia","2016A000212","Total all classes of electricity producer","Tidal power turbine","Megawatt hours","210","units","0","v44174724","4.1.7","1108","","","","0"
"2016-10","Nova Scotia","2016A000212","Total all classes of electricity producer","Wind power turbine","Megawatt hours","210","units","0","v44174725","4.1.8","97855","","","","0"
"2016-10","Nova Scotia","2016A000212","Total all classes of electricity producer","Solar","Megawatt hours","210","units","0","v1059484914","4.1.9","0","","","","0"
"2016-10","Nova Scotia","2016A000212","Total all classes of electricity producer","Other types of electricity generation","Megawatt hours","210","units","0","v1059484814","4.1.10","0","","","","0"
"2016-10","Nova Scotia","2016A000212","Electricity producers, electric utilities","Total all types of electricity generation","Megawatt hours","210","units","0","v44174726","4.2.1","741102","","","","0"
"2016-10","Nova Scotia","2016A000212","Electricity producers, electric utilities","Hydraulic turbine","Megawatt hours","210","units","0","v44174727","4.2.2","32568","","","","0"
"2016-10","Nova Scotia","2016A000212","Electricity producers, electric utilities","Conventional steam turbine","Megawatt hours","210","units","0","v44174728","4.2.3","","..","","","0"
"2016-10","Nova Scotia","2016A000212","Electricity producers, electric utilities","Combustion turbine","Megawatt hours","210","units","0","v44174729","4.2.6","","..","","","0"
"2016-10","Nova Scotia","2016A000212","Electricity producers, electric utilities","Total electricity production from combustible fuels","Megawatt hours","210","units","0","v1059484842","4.2.11","613003","","","","0"
"2016-10","Nova Scotia","2016A000212","Electricity producers, electric utilities","Tidal power turbine","Megawatt hours","210","units","0","v44174730","4.2.7","1108","","","","0"
"2016-10","Nova Scotia","2016A000212","Electricity producers, electric utilities","Wind power turbine","Megawatt hours","210","units","0","v44174731","4.2.8","94423","","","","0"
"2016-10","Nova Scotia","2016A000212","Electricity producers, electric utilities","Solar","Megawatt hours","210","units","0","v1059484915","4.2.9","0","","","","0"
"2016-10","Nova Scotia","2016A000212","Electricity producers, electric utilities","Other types of electricity generation","Megawatt hours","210","units","0","v1059484815","4.2.10","0","","","","0"
"2016-10","Nova Scotia","2016A000212","Electricity producers, industries","Total all types of electricity generation","Megawatt hours","210","units","0","v44174732","4.3.1","18727","","","","0"
"2016-10","Nova Scotia","2016A000212","Electricity producers, industries","Hydraulic turbine","Megawatt hours","210","units","0","v44174733","4.3.2","","..","","","0"
"2016-10","Nova Scotia","2016A000212","Electricity producers, industries","Conventional steam turbine","Megawatt hours","210","units","0","v44174734","4.3.3","","..","","","0"
"2016-10","Nova Scotia","2016A000212","Electricity producers, industries","Total electricity production from combustible fuels","Megawatt hours","210","units","0","v1059484843","4.3.11","15295","","","","0"
"2016-10","Nova Scotia","2016A000212","Electricity producers, industries","Tidal power turbine","Megawatt hours","210","units","0","v1059484884","4.3.7","0","","","","0"
"2016-10","Nova Scotia","2016A000212","Electricity producers, industries","Wind power turbine","Megawatt hours","210","units","0","v62460553","4.3.8","3432","","","","0"
"2016-10","Nova Scotia","2016A000212","Electricity producers, industries","Solar","Megawatt hours","210","units","0","v1059484916","4.3.9","0","","","","0"
"2016-10","Nova Scotia","2016A000212","Electricity producers, industries","Other types of electricity generation","Megawatt hours","210","units","0","v1059484816","4.3.10","0","","","","0"
"2016-11","Nova Scotia","2016A000212","Total all classes of electricity producer","Total all types of electricity generation","Megawatt hours","210","units","0","v44174720","4.1.1","835474","","","","0"
"2016-11","Nova Scotia","2016A000212","Total all classes of electricity producer","Hydraulic turbine","Megawatt hours","210","units","0","v44174721","4.1.2","61033","","","","0"
"2016-11","Nova Scotia","2016A000212","Total all classes of electricity producer","Conventional steam turbine","Megawatt hours","210","units","0","v44174722","4.1.3","","..","","","0"
"2016-11","Nova Scotia","2016A000212","Total all classes of electricity producer","Combustion turbine","Megawatt hours","210","units","0","v44174723","4.1.6","","..","","","0"
"2016-11","Nova Scotia","2016A000212","Total all classes of electricity producer","Total electricity production from combustible fuels","Megawatt hours","210","units","0","v1059484841","4.1.11","675770","","","","0"
"2016-11","Nova Scotia","2016A000212","Total all classes of electricity producer","Tidal power turbine","Megawatt hours","210","units","0","v44174724","4.1.7","1665","","","","0"
"2016-11","Nova Scotia","2016A000212","Total all classes of electricity producer","Wind power turbine","Megawatt hours","210","units","0","v44174725","4.1.8","97006","","","","0"
"2016-11","Nova Scotia","2016A000212","Total all classes of electricity producer","Solar","Megawatt hours","210","units","0","v1059484914","4.1.9","0","","","","0"
"2016-11","Nova Scotia","2016A000212","Total all classes of electricity producer","Other types of electricity generation","Megawatt hours","210","units","0","v1059484814","4.1.10","0","","","","0"
"2016-11","Nova Scotia","2016A000212","Electricity producers, electric utilities","Total all types of electricity generation","Megawatt hours","210","units","0","v44174726","4.2.1","820133","","","","0"
"2016-11","Nova Scotia","2016A000212","Electricity producers, electric utilities","Hydraulic turbine","Megawatt hours","210","units","0","v44174727","4.2.2","61033","","","","0"
"2016-11","Nova Scotia","2016A000212","Electricity producers, electric utilities","Conventional steam turbine","Megawatt hours","210","units","0","v44174728","4.2.3","","..","","","0"
"2016-11","Nova Scotia","2016A000212","Electricity producers, electric utilities","Combustion turbine","Megawatt hours","210","units","0","v44174729","4.2.6","","..","","","0"
"2016-11","Nova Scotia","2016A000212","Electricity producers, electric utilities","Total electricity production from combustible fuels","Megawatt hours","210","units","0","v1059484842","4.2.11","664284","","","","0"
"2016-11","Nova Scotia","2016A000212","Electricity producers, electric utilities","Tidal power turbine","Megawatt hours","210","units","0","v44174730","4.2.7","1665","","","","0"
"2016-11","Nova Scotia","2016A000212","Electricity producers, electric utilities","Wind power turbine","Megawatt hours","210","units","0","v44174731","4.2.8","93151","","","","0"
"2016-11","Nova Scotia","2016A000212","Electricity producers, electric utilities","Solar","Megawatt hours","210","units","0","v1059484915","4.2.9","0","","","","0"
"2016-11","Nova Scotia","2016A000212","Electricity producers, electric utilities","Other types of electricity generation","Megawatt hours","210","units","0","v1059484815","4.2.10","0","","","","0"
"2016-11","Nova Scotia","2016A000212","Electricity producers, industries","Total all types of electricity generation","Megawatt hours","210","units","0","v44174732","4.3.1","15341","","","","0"
"2016-11","Nova Scotia","2016A000212","Electricity producers, industries","Hydraulic turbine","Megawatt hours","210","units","0","v44174733","4.3.2","","..","","","0"
"2016-11","Nova Scotia","2016A000212","Electricity producers, industries","Conventional steam turbine","Megawatt hours","210","units","0","v44174734","4.3.3","","..","","","0"
"2016-11","Nova Scotia","2016A000212","Electricity producers, industries","Total electricity production from combustible fuels","Megawatt hours","210","units","0","v1059484843","4.3.11","11486","","","","0"
"2016-11","Nova Scotia","2016A000212","Electricity producers, industries","Tidal power turbine","Megawatt hours","210","units","0","v1059484884","4.3.7","0","","","","0"
"2016-11","Nova Scotia","2016A000212","Electricity producers, industries","Wind power turbine","Megawatt hours","210","units","0","v62460553","4.3.8","3855","","","","0"
"2016-11","Nova Scotia","2016A000212","Electricity producers, industries","Solar","Megawatt hours","210","units","0","v1059484916","4.3.9","0","","","","0"
"2016-11","Nova Scotia","2016A000212","Electricity producers, industries","Other types of electricity generation","Megawatt hours","210","units","0","v1059484816","4.3.10","0","","","","0"
"2016-12","Nova Scotia","2016A000212","Total all classes of electricity producer","Total all types of electricity generation","Megawatt hours","210","units","0","v44174720","4.1.1","1009910","","","","0"
"2016-12","Nova Scotia","2016A000212","Total all classes of electricity producer","Hydraulic turbine","Megawatt hours","210","units","0","v44174721","4.1.2","39114","","","","0"
"2016-12","Nova Scotia","2016A000212","Total all classes of electricity producer","Conventional steam turbine","Megawatt hours","210","units","0","v44174722","4.1.3","","..","","","0"
"2016-12","Nova Scotia","2016A000212","Total all classes of electricity producer","Combustion turbine","Megawatt hours","210","units","0","v44174723","4.1.6","","..","","","0"
"2016-12","Nova Scotia","2016A000212","Total all classes of electricity producer","Total electricity production from combustible fuels","Megawatt hours","210","units","0","v1059484841","4.1.11","859330","","","","0"
"2016-12","Nova Scotia","2016A000212","Total all classes of electricity producer","Tidal power turbine","Megawatt hours","210","units","0","v44174724","4.1.7","1408","","","","0"
"2016-12","Nova Scotia","2016A000212","Total all classes of electricity producer","Wind power turbine","Megawatt hours","210","units","0","v44174725","4.1.8","110058","","","","0"
"2016-12","Nova Scotia","2016A000212","Total all classes of electricity producer","Solar","Megawatt hours","210","units","0","v1059484914","4.1.9","0","","","","0"
"2016-12","Nova Scotia","2016A000212","Total all classes of electricity producer","Other types of electricity generation","Megawatt hours","210","units","0","v1059484814","4.1.10","0","","","","0"
"2016-12","Nova Scotia","2016A000212","Electricity producers, electric utilities","Total all types of electricity generation","Megawatt hours","210","units","0","v44174726","4.2.1","995952","","","","0"
"2016-12","Nova Scotia","2016A000212","Electricity producers, electric utilities","Hydraulic turbine","Megawatt hours","210","units","0","v44174727","4.2.2","39114","","","","0"
"2016-12","Nova Scotia","2016A000212","Electricity producers, electric utilities","Conventional steam turbine","Megawatt hours","210","units","0","v44174728","4.2.3","","..","","","0"
"2016-12","Nova Scotia","2016A000212","Electricity producers, electric utilities","Combustion turbine","Megawatt hours","210","units","0","v44174729","4.2.6","","..","","","0"
"2016-12","Nova Scotia","2016A000212","Electricity producers, electric utilities","Total electricity production from combustible fuels","Megawatt hours","210","units","0","v1059484842","4.2.11","848621","","","","0"
"2016-12","Nova Scotia","2016A000212","Electricity producers, electric utilities","Tidal power turbine","Megawatt hours","210","units","0","v44174730","4.2.7","1408","","","","0"
"2016-12","Nova Scotia","2016A000212","Electricity producers, electric utilities","Wind power turbine","Megawatt hours","210","units","0","v44174731","4.2.8","106809","","","","0"
"2016-12","Nova Scotia","2016A000212","Electricity producers, electric utilities","Solar","Megawatt hours","210","units","0","v1059484915","4.2.9","0","","","","0"
"2016-12","Nova Scotia","2016A000212","Electricity producers, electric utilities","Other types of electricity generation","Megawatt hours","210","units","0","v1059484815","4.2.10","0","","","","0"
"2016-12","Nova Scotia","2016A000212","Electricity producers, industries","Total all types of electricity generation","Megawatt hours","210","units","0","v44174732","4.3.1","13958","","","","0"
"2016-12","Nova Scotia","2016A000212","Electricity producers, industries","Hydraulic turbine","Megawatt hours","210","units","0","v44174733","4.3.2","","..","","","0"
"2016-12","Nova Scotia","2016A000212","Electricity producers, industries","Conventional steam turbine","Megawatt hours","210","units","0","v44174734","4.3.3","","..","","","0"
"2016-12","Nova Scotia","2016A000212","Electricity producers, industries","Total electricity production from combustible fuels","Megawatt hours","210","units","0","v1059484843","4.3.11","10709","","","","0"
"2016-12","Nova Scotia","2016A000212","Electricity producers, industries","Tidal power turbine","Megawatt hours","210","units","0","v1059484884","4.3.7","0","","","","0"
"2016-12","Nova Scotia","2016A000212","Electricity producers, industries","Wind power turbine","Megawatt hours","210","units","0","v62460553","4.3.8","3249","","","","0"
"2016-12","Nova Scotia","2016A000212","Electricity producers, industries","Solar","Megawatt hours","210","units","0","v1059484916","4.3.9","0","","","","0"
"2016-12","Nova Scotia","2016A000212","Electricity producers, industries","Other types of electricity generation","Megawatt hours","210","units","0","v1059484816","4.3.10","0","","","","0"
"2017-01","Nova Scotia","2016A000212","Total all classes of electricity producer","Total all types of electricity generation","Megawatt hours","210","units","0","v44174720","4.1.1","1049601","","","","0"
"2017-01","Nova Scotia","2016A000212","Total all classes of electricity producer","Hydraulic turbine","Megawatt hours","210","units","0","v44174721","4.1.2","90629","","","","0"
"2017-01","Nova Scotia","2016A000212","Total all classes of electricity producer","Conventional steam turbine","Megawatt hours","210","units","0","v44174722","4.1.3","","..","","","0"
"2017-01","Nova Scotia","2016A000212","Total all classes of electricity producer","Combustion turbine","Megawatt hours","210","units","0","v44174723","4.1.6","","..","","","0"
"2017-01","Nova Scotia","2016A000212","Total all classes of electricity producer","Total electricity production from combustible fuels","Megawatt hours","210","units","0","v1059484841","4.1.11","859399","","","","0"
"2017-01","Nova Scotia","2016A000212","Total all classes of electricity producer","Tidal power turbine","Megawatt hours","210","units","0","v44174724","4.1.7","1723","","","","0"
"2017-01","Nova Scotia","2016A000212","Total all classes of electricity producer","Wind power turbine","Megawatt hours","210","units","0","v44174725","4.1.8","97850","","","","0"
"2017-01","Nova Scotia","2016A000212","Total all classes of electricity producer","Solar","Megawatt hours","210","units","0","v1059484914","4.1.9","0","","","","0"
"2017-01","Nova Scotia","2016A000212","Total all classes of electricity producer","Other types of electricity generation","Megawatt hours","210","units","0","v1059484814","4.1.10","0","","","","0"
"2017-01","Nova Scotia","2016A000212","Electricity producers, electric utilities","Total all types of electricity generation","Megawatt hours","210","units","0","v44174726","4.2.1","1029931","","","","0"
"2017-01","Nova Scotia","2016A000212","Electricity producers, electric utilities","Hydraulic turbine","Megawatt hours","210","units","0","v44174727","4.2.2","90629","","","","0"
"2017-01","Nova Scotia","2016A000212","Electricity producers, electric utilities","Conventional steam turbine","Megawatt hours","210","units","0","v44174728","4.2.3","","..","","","0"
"2017-01","Nova Scotia","2016A000212","Electricity producers, electric utilities","Combustion turbine","Megawatt hours","210","units","0","v44174729","4.2.6","","..","","","0"
"2017-01","Nova Scotia","2016A000212","Electricity producers, electric utilities","Total electricity production from combustible fuels","Megawatt hours","210","units","0","v1059484842","4.2.11","842533","","","","0"
"2017-01","Nova Scotia","2016A000212","Electricity producers, electric utilities","Tidal power turbine","Megawatt hours","210","units","0","v44174730","4.2.7","1723","","","","0"
"2017-01","Nova Scotia","2016A000212","Electricity producers, electric utilities","Wind power turbine","Megawatt hours","210","units","0","v44174731","4.2.8","95046","","","","0"
"2017-01","Nova Scotia","2016A000212","Electricity producers, electric utilities","Solar","Megawatt hours","210","units","0","v1059484915","4.2.9","0","","","","0"
"2017-01","Nova Scotia","2016A000212","Electricity producers, electric utilities","Other types of electricity generation","Megawatt hours","210","units","0","v1059484815","4.2.10","0","","","","0"
"2017-01","Nova Scotia","2016A000212","Electricity producers, industries","Total all types of electricity generation","Megawatt hours","210","units","0","v44174732","4.3.1","19670","","","","0"
"2017-01","Nova Scotia","2016A000212","Electricity producers, industries","Hydraulic turbine","Megawatt hours","210","units","0","v44174733","4.3.2","","..","","","0"
"2017-01","Nova Scotia","2016A000212","Electricity producers, industries","Conventional steam turbine","Megawatt hours","210","units","0","v44174734","4.3.3","","..","","","0"
"2017-01","Nova Scotia","2016A000212","Electricity producers, industries","Total electricity production from combustible fuels","Megawatt hours","210","units","0","v1059484843","4.3.11","16866","","","","0"
"2017-01","Nova Scotia","2016A000212","Electricity producers, industries","Tidal power turbine","Megawatt hours","210","units","0","v1059484884","4.3.7","0","","","","0"
"2017-01","Nova Scotia","2016A000212","Electricity producers, industries","Wind power turbine","Megawatt hours","210","units","0","v62460553","4.3.8","2804","","","","0"
"2017-01","Nova Scotia","2016A000212","Electricity producers, industries","Solar","Megawatt hours","210","units","0","v1059484916","4.3.9","0","","","","0"
"2017-01","Nova Scotia","2016A000212","Electricity producers, industries","Other types of electricity generation","Megawatt hours","210","units","0","v1059484816","4.3.10","0","","","","0"
"2017-02","Nova Scotia","2016A000212","Total all classes of electricity producer","Total all types of electricity generation","Megawatt hours","210","units","0","v44174720","4.1.1","963383","","","","0"
"2017-02","Nova Scotia","2016A000212","Total all classes of electricity producer","Hydraulic turbine","Megawatt hours","210","units","0","v44174721","4.1.2","91456","","","","0"
"2017-02","Nova Scotia","2016A000212","Total all classes of electricity producer","Conventional steam turbine","Megawatt hours","210","units","0","v44174722","4.1.3","","..","","","0"
"2017-02","Nova Scotia","2016A000212","Total all classes of electricity producer","Combustion turbine","Megawatt hours","210","units","0","v44174723","4.1.6","","..","","","0"
"2017-02","Nova Scotia","2016A000212","Total all classes of electricity producer","Total electricity production from combustible fuels","Megawatt hours","210","units","0","v1059484841","4.1.11","752049","","","","0"
"2017-02","Nova Scotia","2016A000212","Total all classes of electricity producer","Tidal power turbine","Megawatt hours","210","units","0","v44174724","4.1.7","1562","","","","0"
"2017-02","Nova Scotia","2016A000212","Total all classes of electricity producer","Wind power turbine","Megawatt hours","210","units","0","v44174725","4.1.8","118316","","","","0"
"2017-02","Nova Scotia","2016A000212","Total all classes of electricity producer","Solar","Megawatt hours","210","units","0","v1059484914","4.1.9","0","","","","0"
"2017-02","Nova Scotia","2016A000212","Total all classes of electricity producer","Other types of electricity generation","Megawatt hours","210","units","0","v1059484814","4.1.10","0","","","","0"
"2017-02","Nova Scotia","2016A000212","Electricity producers, electric utilities","Total all types of electricity generation","Megawatt hours","210","units","0","v44174726","4.2.1","949005","","","","0"
"2017-02","Nova Scotia","2016A000212","Electricity producers, electric utilities","Hydraulic turbine","Megawatt hours","210","units","0","v44174727","4.2.2","91456","","","","0"
"2017-02","Nova Scotia","2016A000212","Electricity producers, electric utilities","Conventional steam turbine","Megawatt hours","210","units","0","v44174728","4.2.3","","..","","","0"
"2017-02","Nova Scotia","2016A000212","Electricity producers, electric utilities","Combustion turbine","Megawatt hours","210","units","0","v44174729","4.2.6","","..","","","0"
"2017-02","Nova Scotia","2016A000212","Electricity producers, electric utilities","Total electricity production from combustible fuels","Megawatt hours","210","units","0","v1059484842","4.2.11","740534","","","","0"
"2017-02","Nova Scotia","2016A000212","Electricity producers, electric utilities","Tidal power turbine","Megawatt hours","210","units","0","v44174730","4.2.7","1562","","","","0"
"2017-02","Nova Scotia","2016A000212","Electricity producers, electric utilities","Wind power turbine","Megawatt hours","210","units","0","v44174731","4.2.8","115453","","","","0"
"2017-02","Nova Scotia","2016A000212","Electricity producers, electric utilities","Solar","Megawatt hours","210","units","0","v1059484915","4.2.9","0","","","","0"
"2017-02","Nova Scotia","2016A000212","Electricity producers, electric utilities","Other types of electricity generation","Megawatt hours","210","units","0","v1059484815","4.2.10","0","","","","0"
"2017-02","Nova Scotia","2016A000212","Electricity producers, industries","Total all types of electricity generation","Megawatt hours","210","units","0","v44174732","4.3.1","14378","","","","0"
"2017-02","Nova Scotia","2016A000212","Electricity producers, industries","Hydraulic turbine","Megawatt hours","210","units","0","v44174733","4.3.2","","..","","","0"
"2017-02","Nova Scotia","2016A000212","Electricity producers, industries","Conventional steam turbine","Megawatt hours","210","units","0","v44174734","4.3.3","","..","","","0"
"2017-02","Nova Scotia","2016A000212","Electricity producers, industries","Total electricity production from combustible fuels","Megawatt hours","210","units","0","v1059484843","4.3.11","11515","","","","0"
"2017-02","Nova Scotia","2016A000212","Electricity producers, industries","Tidal power turbine","Megawatt hours","210","units","0","v1059484884","4.3.7","0","","","","0"
"2017-02","Nova Scotia","2016A000212","Electricity producers, industries","Wind power turbine","Megawatt hours","210","units","0","v62460553","4.3.8","2863","","","","0"
"2017-02","Nova Scotia","2016A000212","Electricity producers, industries","Solar","Megawatt hours","210","units","0","v1059484916","4.3.9","0","","","","0"
"2017-02","Nova Scotia","2016A000212","Electricity producers, industries","Other types of electricity generation","Megawatt hours","210","units","0","v1059484816","4.3.10","0","","","","0"
"2017-03","Nova Scotia","2016A000212","Total all classes of electricity producer","Total all types of electricity generation","Megawatt hours","210","units","0","v44174720","4.1.1","1026938","","","","0"
"2017-03","Nova Scotia","2016A000212","Total all classes of electricity producer","Hydraulic turbine","Megawatt hours","210","units","0","v44174721","4.1.2","117440","","","","0"
"2017-03","Nova Scotia","2016A000212","Total all classes of electricity producer","Conventional steam turbine","Megawatt hours","210","units","0","v44174722","4.1.3","","..","","","0"
"2017-03","Nova Scotia","2016A000212","Total all classes of electricity producer","Combustion turbine","Megawatt hours","210","units","0","v44174723","4.1.6","","..","","","0"
"2017-03","Nova Scotia","2016A000212","Total all classes of electricity producer","Total electricity production from combustible fuels","Megawatt hours","210","units","0","v1059484841","4.1.11","769588","","","","0"
"2017-03","Nova Scotia","2016A000212","Total all classes of electricity producer","Tidal power turbine","Megawatt hours","210","units","0","v44174724","4.1.7","430","","","","0"
"2017-03","Nova Scotia","2016A000212","Total all classes of electricity producer","Wind power turbine","Megawatt hours","210","units","0","v44174725","4.1.8","139480","","","","0"
"2017-03","Nova Scotia","2016A000212","Total all classes of electricity producer","Solar","Megawatt hours","210","units","0","v1059484914","4.1.9","0","","","","0"
"2017-03","Nova Scotia","2016A000212","Total all classes of electricity producer","Other types of electricity generation","Megawatt hours","210","units","0","v1059484814","4.1.10","0","","","","0"
"2017-03","Nova Scotia","2016A000212","Electricity producers, electric utilities","Total all types of electricity generation","Megawatt hours","210","units","0","v44174726","4.2.1","1007256","","","","0"
"2017-03","Nova Scotia","2016A000212","Electricity producers, electric utilities","Hydraulic turbine","Megawatt hours","210","units","0","v44174727","4.2.2","117440","","","","0"
"2017-03","Nova Scotia","2016A000212","Electricity producers, electric utilities","Conventional steam turbine","Megawatt hours","210","units","0","v44174728","4.2.3","","..","","","0"
"2017-03","Nova Scotia","2016A000212","Electricity producers, electric utilities","Combustion turbine","Megawatt hours","210","units","0","v44174729","4.2.6","","..","","","0"
"2017-03","Nova Scotia","2016A000212","Electricity producers, electric utilities","Total electricity production from combustible fuels","Megawatt hours","210","units","0","v1059484842","4.2.11","753208","","","","0"
"2017-03","Nova Scotia","2016A000212","Electricity producers, electric utilities","Tidal power turbine","Megawatt hours","210","units","0","v44174730","4.2.7","430","","","","0"
"2017-03","Nova Scotia","2016A000212","Electricity producers, electric utilities","Wind power turbine","Megawatt hours","210","units","0","v44174731","4.2.8","136178","","","","0"
"2017-03","Nova Scotia","2016A000212","Electricity producers, electric utilities","Solar","Megawatt hours","210","units","0","v1059484915","4.2.9","0","","","","0"
"2017-03","Nova Scotia","2016A000212","Electricity producers, electric utilities","Other types of electricity generation","Megawatt hours","210","units","0","v1059484815","4.2.10","0","","","","0"
"2017-03","Nova Scotia","2016A000212","Electricity producers, industries","Total all types of electricity generation","Megawatt hours","210","units","0","v44174732","4.3.1","19682","","","","0"
"2017-03","Nova Scotia","2016A000212","Electricity producers, industries","Hydraulic turbine","Megawatt hours","210","units","0","v44174733","4.3.2","","..","","","0"
"2017-03","Nova Scotia","2016A000212","Electricity producers, industries","Conventional steam turbine","Megawatt hours","210","units","0","v44174734","4.3.3","","..","","","0"
"2017-03","Nova Scotia","2016A000212","Electricity producers, industries","Total electricity production from combustible fuels","Megawatt hours","210","units","0","v1059484843","4.3.11","16380","","","","0"
"2017-03","Nova Scotia","2016A000212","Electricity producers, industries","Tidal power turbine","Megawatt hours","210","units","0","v1059484884","4.3.7","0","","","","0"
"2017-03","Nova Scotia","2016A000212","Electricity producers, industries","Wind power turbine","Megawatt hours","210","units","0","v62460553","4.3.8","3302","","","","0"
"2017-03","Nova Scotia","2016A000212","Electricity producers, industries","Solar","Megawatt hours","210","units","0","v1059484916","4.3.9","0","","","","0"
"2017-03","Nova Scotia","2016A000212","Electricity producers, industries","Other types of electricity generation","Megawatt hours","210","units","0","v1059484816","4.3.10","0","","","","0"
"2017-04","Nova Scotia","2016A000212","Total all classes of electricity producer","Total all types of electricity generation","Megawatt hours","210","units","0","v44174720","4.1.1","848142","","","","0"
"2017-04","Nova Scotia","2016A000212","Total all classes of electricity producer","Hydraulic turbine","Megawatt hours","210","units","0","v44174721","4.1.2","97915","","","","0"
"2017-04","Nova Scotia","2016A000212","Total all classes of electricity producer","Conventional steam turbine","Megawatt hours","210","units","0","v44174722","4.1.3","","..","","","0"
"2017-04","Nova Scotia","2016A000212","Total all classes of electricity producer","Combustion turbine","Megawatt hours","210","units","0","v44174723","4.1.6","","..","","","0"
"2017-04","Nova Scotia","2016A000212","Total all classes of electricity producer","Total electricity production from combustible fuels","Megawatt hours","210","units","0","v1059484841","4.1.11","648591","","","","0"
"2017-04","Nova Scotia","2016A000212","Total all classes of electricity producer","Tidal power turbine","Megawatt hours","210","units","0","v44174724","4.1.7","0","","","","0"
"2017-04","Nova Scotia","2016A000212","Total all classes of electricity producer","Wind power turbine","Megawatt hours","210","units","0","v44174725","4.1.8","101636","","","","0"
"2017-04","Nova Scotia","2016A000212","Total all classes of electricity producer","Solar","Megawatt hours","210","units","0","v1059484914","4.1.9","0","","","","0"
"2017-04","Nova Scotia","2016A000212","Total all classes of electricity producer","Other types of electricity generation","Megawatt hours","210","units","0","v1059484814","4.1.10","0","","","","0"
"2017-04","Nova Scotia","2016A000212","Electricity producers, electric utilities","Total all types of electricity generation","Megawatt hours","210","units","0","v44174726","4.2.1","829279","","","","0"
"2017-04","Nova Scotia","2016A000212","Electricity producers, electric utilities","Hydraulic turbine","Megawatt hours","210","units","0","v44174727","4.2.2","97915","","","","0"
"2017-04","Nova Scotia","2016A000212","Electricity producers, electric utilities","Conventional steam turbine","Megawatt hours","210","units","0","v44174728","4.2.3","","..","","","0"
"2017-04","Nova Scotia","2016A000212","Electricity producers, electric utilities","Combustion turbine","Megawatt hours","210","units","0","v44174729","4.2.6","","..","","","0"
"2017-04","Nova Scotia","2016A000212","Electricity producers, electric utilities","Total electricity production from combustible fuels","Megawatt hours","210","units","0","v1059484842","4.2.11","632272","","","","0"
"2017-04","Nova Scotia","2016A000212","Electricity producers, electric utilities","Tidal power turbine","Megawatt hours","210","units","0","v44174730","4.2.7","0","","","","0"
"2017-04","Nova Scotia","2016A000212","Electricity producers, electric utilities","Wind power turbine","Megawatt hours","210","units","0","v44174731","4.2.8","99092","","","","0"
"2017-04","Nova Scotia","2016A000212","Electricity producers, electric utilities","Solar","Megawatt hours","210","units","0","v1059484915","4.2.9","0","","","","0"
"2017-04","Nova Scotia","2016A000212","Electricity producers, electric utilities","Other types of electricity generation","Megawatt hours","210","units","0","v1059484815","4.2.10","0","","","","0"
"2017-04","Nova Scotia","2016A000212","Electricity producers, industries","Total all types of electricity generation","Megawatt hours","210","units","0","v44174732","4.3.1","18863","","","","0"
"2017-04","Nova Scotia","2016A000212","Electricity producers, industries","Hydraulic turbine","Megawatt hours","210","units","0","v44174733","4.3.2","","..","","","0"
"2017-04","Nova Scotia","2016A000212","Electricity producers, industries","Conventional steam turbine","Megawatt hours","210","units","0","v44174734","4.3.3","","..","","","0"
"2017-04","Nova Scotia","2016A000212","Electricity producers, industries","Total electricity production from combustible fuels","Megawatt hours","210","units","0","v1059484843","4.3.11","16319","","","","0"
"2017-04","Nova Scotia","2016A000212","Electricity producers, industries","Tidal power turbine","Megawatt hours","210","units","0","v1059484884","4.3.7","0","","","","0"
"2017-04","Nova Scotia","2016A000212","Electricity producers, industries","Wind power turbine","Megawatt hours","210","units","0","v62460553","4.3.8","2544","","","","0"
"2017-04","Nova Scotia","2016A000212","Electricity producers, industries","Solar","Megawatt hours","210","units","0","v1059484916","4.3.9","0","","","","0"
"2017-04","Nova Scotia","2016A000212","Electricity producers, industries","Other types of electricity generation","Megawatt hours","210","units","0","v1059484816","4.3.10","0","","","","0"
"2017-05","Nova Scotia","2016A000212","Total all classes of electricity producer","Total all types of electricity generation","Megawatt hours","210","units","0","v44174720","4.1.1","769855","","","","0"
"2017-05","Nova Scotia","2016A000212","Total all classes of electricity producer","Hydraulic turbine","Megawatt hours","210","units","0","v44174721","4.1.2","133048","","","","0"
"2017-05","Nova Scotia","2016A000212","Total all classes of electricity producer","Conventional steam turbine","Megawatt hours","210","units","0","v44174722","4.1.3","","..","","","0"
"2017-05","Nova Scotia","2016A000212","Total all classes of electricity producer","Combustion turbine","Megawatt hours","210","units","0","v44174723","4.1.6","","..","","","0"
"2017-05","Nova Scotia","2016A000212","Total all classes of electricity producer","Total electricity production from combustible fuels","Megawatt hours","210","units","0","v1059484841","4.1.11","534998","","","","0"
"2017-05","Nova Scotia","2016A000212","Total all classes of electricity producer","Tidal power turbine","Megawatt hours","210","units","0","v44174724","4.1.7","419","","","","0"
"2017-05","Nova Scotia","2016A000212","Total all classes of electricity producer","Wind power turbine","Megawatt hours","210","units","0","v44174725","4.1.8","101390","","","","0"
"2017-05","Nova Scotia","2016A000212","Total all classes of electricity producer","Solar","Megawatt hours","210","units","0","v1059484914","4.1.9","0","","","","0"
"2017-05","Nova Scotia","2016A000212","Total all classes of electricity producer","Other types of electricity generation","Megawatt hours","210","units","0","v1059484814","4.1.10","0","","","","0"
"2017-05","Nova Scotia","2016A000212","Electricity producers, electric utilities","Total all types of electricity generation","Megawatt hours","210","units","0","v44174726","4.2.1","750295","","","","0"
"2017-05","Nova Scotia","2016A000212","Electricity producers, electric utilities","Hydraulic turbine","Megawatt hours","210","units","0","v44174727","4.2.2","133048","","","","0"
"2017-05","Nova Scotia","2016A000212","Electricity producers, electric utilities","Conventional steam turbine","Megawatt hours","210","units","0","v44174728","4.2.3","","..","","","0"
"2017-05","Nova Scotia","2016A000212","Electricity producers, electric utilities","Combustion turbine","Megawatt hours","210","units","0","v44174729","4.2.6","","..","","","0"
"2017-05","Nova Scotia","2016A000212","Electricity producers, electric utilities","Total electricity production from combustible fuels","Megawatt hours","210","units","0","v1059484842","4.2.11","517801","","","","0"
"2017-05","Nova Scotia","2016A000212","Electricity producers, electric utilities","Tidal power turbine","Megawatt hours","210","units","0","v44174730","4.2.7","419","","","","0"
"2017-05","Nova Scotia","2016A000212","Electricity producers, electric utilities","Wind power turbine","Megawatt hours","210","units","0","v44174731","4.2.8","99027","","","","0"
"2017-05","Nova Scotia","2016A000212","Electricity producers, electric utilities","Solar","Megawatt hours","210","units","0","v1059484915","4.2.9","0","","","","0"
"2017-05","Nova Scotia","2016A000212","Electricity producers, electric utilities","Other types of electricity generation","Megawatt hours","210","units","0","v1059484815","4.2.10","0","","","","0"
"2017-05","Nova Scotia","2016A000212","Electricity producers, industries","Total all types of electricity generation","Megawatt hours","210","units","0","v44174732","4.3.1","19560","","","","0"
"2017-05","Nova Scotia","2016A000212","Electricity producers, industries","Hydraulic turbine","Megawatt hours","210","units","0","v44174733","4.3.2","","..","","","0"
"2017-05","Nova Scotia","2016A000212","Electricity producers, industries","Conventional steam turbine","Megawatt hours","210","units","0","v44174734","4.3.3","","..","","","0"
"2017-05","Nova Scotia","2016A000212","Electricity producers, industries","Total electricity production from combustible fuels","Megawatt hours","210","units","0","v1059484843","4.3.11","17197","","","","0"
"2017-05","Nova Scotia","2016A000212","Electricity producers, industries","Tidal power turbine","Megawatt hours","210","units","0","v1059484884","4.3.7","0","","","","0"
"2017-05","Nova Scotia","2016A000212","Electricity producers, industries","Wind power turbine","Megawatt hours","210","units","0","v62460553","4.3.8","2363","","","","0"
"2017-05","Nova Scotia","2016A000212","Electricity producers, industries","Solar","Megawatt hours","210","units","0","v1059484916","4.3.9","0","","","","0"
"2017-05","Nova Scotia","2016A000212","Electricity producers, industries","Other types of electricity generation","Megawatt hours","210","units","0","v1059484816","4.3.10","0","","","","0"
"2017-06","Nova Scotia","2016A000212","Total all classes of electricity producer","Total all types of electricity generation","Megawatt hours","210","units","0","v44174720","4.1.1","718731","","","","0"
"2017-06","Nova Scotia","2016A000212","Total all classes of electricity producer","Hydraulic turbine","Megawatt hours","210","units","0","v44174721","4.1.2","89506","","","","0"
"2017-06","Nova Scotia","2016A000212","Total all classes of electricity producer","Conventional steam turbine","Megawatt hours","210","units","0","v44174722","4.1.3","","..","","","0"
"2017-06","Nova Scotia","2016A000212","Total all classes of electricity producer","Combustion turbine","Megawatt hours","210","units","0","v44174723","4.1.6","","..","","","0"
"2017-06","Nova Scotia","2016A000212","Total all classes of electricity producer","Total electricity production from combustible fuels","Megawatt hours","210","units","0","v1059484841","4.1.11","527803","","","","0"
"2017-06","Nova Scotia","2016A000212","Total all classes of electricity producer","Tidal power turbine","Megawatt hours","210","units","0","v44174724","4.1.7","1316","","","","0"
"2017-06","Nova Scotia","2016A000212","Total all classes of electricity producer","Wind power turbine","Megawatt hours","210","units","0","v44174725","4.1.8","100106","","","","0"
"2017-06","Nova Scotia","2016A000212","Total all classes of electricity producer","Solar","Megawatt hours","210","units","0","v1059484914","4.1.9","0","","","","0"
"2017-06","Nova Scotia","2016A000212","Total all classes of electricity producer","Other types of electricity generation","Megawatt hours","210","units","0","v1059484814","4.1.10","0","","","","0"
"2017-06","Nova Scotia","2016A000212","Electricity producers, electric utilities","Total all types of electricity generation","Megawatt hours","210","units","0","v44174726","4.2.1","700492","","","","0"
"2017-06","Nova Scotia","2016A000212","Electricity producers, electric utilities","Hydraulic turbine","Megawatt hours","210","units","0","v44174727","4.2.2","89506","","","","0"
"2017-06","Nova Scotia","2016A000212","Electricity producers, electric utilities","Conventional steam turbine","Megawatt hours","210","units","0","v44174728","4.2.3","","..","","","0"
"2017-06","Nova Scotia","2016A000212","Electricity producers, electric utilities","Combustion turbine","Megawatt hours","210","units","0","v44174729","4.2.6","","..","","","0"
"2017-06","Nova Scotia","2016A000212","Electricity producers, electric utilities","Total electricity production from combustible fuels","Megawatt hours","210","units","0","v1059484842","4.2.11","512079","","","","0"
"2017-06","Nova Scotia","2016A000212","Electricity producers, electric utilities","Tidal power turbine","Megawatt hours","210","units","0","v44174730","4.2.7","1316","","","","0"
"2017-06","Nova Scotia","2016A000212","Electricity producers, electric utilities","Wind power turbine","Megawatt hours","210","units","0","v44174731","4.2.8","97591","","","","0"
"2017-06","Nova Scotia","2016A000212","Electricity producers, electric utilities","Solar","Megawatt hours","210","units","0","v1059484915","4.2.9","0","","","","0"
"2017-06","Nova Scotia","2016A000212","Electricity producers, electric utilities","Other types of electricity generation","Megawatt hours","210","units","0","v1059484815","4.2.10","0","","","","0"
"2017-06","Nova Scotia","2016A000212","Electricity producers, industries","Total all types of electricity generation","Megawatt hours","210","units","0","v44174732","4.3.1","18239","","","","0"
"2017-06","Nova Scotia","2016A000212","Electricity producers, industries","Hydraulic turbine","Megawatt hours","210","units","0","v44174733","4.3.2","","..","","","0"
"2017-06","Nova Scotia","2016A000212","Electricity producers, industries","Conventional steam turbine","Megawatt hours","210","units","0","v44174734","4.3.3","","..","","","0"
"2017-06","Nova Scotia","2016A000212","Electricity producers, industries","Total electricity production from combustible fuels","Megawatt hours","210","units","0","v1059484843","4.3.11","15724","","","","0"
"2017-06","Nova Scotia","2016A000212","Electricity producers, industries","Tidal power turbine","Megawatt hours","210","units","0","v1059484884","4.3.7","0","","","","0"
"2017-06","Nova Scotia","2016A000212","Electricity producers, industries","Wind power turbine","Megawatt hours","210","units","0","v62460553","4.3.8","2515","","","","0"
"2017-06","Nova Scotia","2016A000212","Electricity producers, industries","Solar","Megawatt hours","210","units","0","v1059484916","4.3.9","0","","","","0"
"2017-06","Nova Scotia","2016A000212","Electricity producers, industries","Other types of electricity generation","Megawatt hours","210","units","0","v1059484816","4.3.10","0","","","","0"
"2017-07","Nova Scotia","2016A000212","Total all classes of electricity producer","Total all types of electricity generation","Megawatt hours","210","units","0","v44174720","4.1.1","710903","","","","0"
"2017-07","Nova Scotia","2016A000212","Total all classes of electricity producer","Hydraulic turbine","Megawatt hours","210","units","0","v44174721","4.1.2","56649","","","","0"
"2017-07","Nova Scotia","2016A000212","Total all classes of electricity producer","Conventional steam turbine","Megawatt hours","210","units","0","v44174722","4.1.3","","..","","","0"
"2017-07","Nova Scotia","2016A000212","Total all classes of electricity producer","Combustion turbine","Megawatt hours","210","units","0","v44174723","4.1.6","","..","","","0"
"2017-07","Nova Scotia","2016A000212","Total all classes of electricity producer","Total electricity production from combustible fuels","Megawatt hours","210","units","0","v1059484841","4.1.11","584889","","","","0"
"2017-07","Nova Scotia","2016A000212","Total all classes of electricity producer","Tidal power turbine","Megawatt hours","210","units","0","v44174724","4.1.7","482","","","","0"
"2017-07","Nova Scotia","2016A000212","Total all classes of electricity producer","Wind power turbine","Megawatt hours","210","units","0","v44174725","4.1.8","68883","","","","0"
"2017-07","Nova Scotia","2016A000212","Total all classes of electricity producer","Solar","Megawatt hours","210","units","0","v1059484914","4.1.9","0","","","","0"
"2017-07","Nova Scotia","2016A000212","Total all classes of electricity producer","Other types of electricity generation","Megawatt hours","210","units","0","v1059484814","4.1.10","0","","","","0"
"2017-07","Nova Scotia","2016A000212","Electricity producers, electric utilities","Total all types of electricity generation","Megawatt hours","210","units","0","v44174726","4.2.1","691264","","","","0"
"2017-07","Nova Scotia","2016A000212","Electricity producers, electric utilities","Hydraulic turbine","Megawatt hours","210","units","0","v44174727","4.2.2","56649","","","","0"
"2017-07","Nova Scotia","2016A000212","Electricity producers, electric utilities","Conventional steam turbine","Megawatt hours","210","units","0","v44174728","4.2.3","","..","","","0"
"2017-07","Nova Scotia","2016A000212","Electricity producers, electric utilities","Combustion turbine","Megawatt hours","210","units","0","v44174729","4.2.6","","..","","","0"
"2017-07","Nova Scotia","2016A000212","Electricity producers, electric utilities","Total electricity production from combustible fuels","Megawatt hours","210","units","0","v1059484842","4.2.11","567915","","","","0"
"2017-07","Nova Scotia","2016A000212","Electricity producers, electric utilities","Tidal power turbine","Megawatt hours","210","units","0","v44174730","4.2.7","482","","","","0"
"2017-07","Nova Scotia","2016A000212","Electricity producers, electric utilities","Wind power turbine","Megawatt hours","210","units","0","v44174731","4.2.8","66218","","","","0"
"2017-07","Nova Scotia","2016A000212","Electricity producers, electric utilities","Solar","Megawatt hours","210","units","0","v1059484915","4.2.9","0","","","","0"
"2017-07","Nova Scotia","2016A000212","Electricity producers, electric utilities","Other types of electricity generation","Megawatt hours","210","units","0","v1059484815","4.2.10","0","","","","0"
"2017-07","Nova Scotia","2016A000212","Electricity producers, industries","Total all types of electricity generation","Megawatt hours","210","units","0","v44174732","4.3.1","19639","","","","0"
"2017-07","Nova Scotia","2016A000212","Electricity producers, industries","Hydraulic turbine","Megawatt hours","210","units","0","v44174733","4.3.2","","..","","","0"
"2017-07","Nova Scotia","2016A000212","Electricity producers, industries","Conventional steam turbine","Megawatt hours","210","units","0","v44174734","4.3.3","","..","","","0"
"2017-07","Nova Scotia","2016A000212","Electricity producers, industries","Total electricity production from combustible fuels","Megawatt hours","210","units","0","v1059484843","4.3.11","16974","","","","0"
"2017-07","Nova Scotia","2016A000212","Electricity producers, industries","Tidal power turbine","Megawatt hours","210","units","0","v1059484884","4.3.7","0","","","","0"
"2017-07","Nova Scotia","2016A000212","Electricity producers, industries","Wind power turbine","Megawatt hours","210","units","0","v62460553","4.3.8","2665","","","","0"
"2017-07","Nova Scotia","2016A000212","Electricity producers, industries","Solar","Megawatt hours","210","units","0","v1059484916","4.3.9","0","","","","0"
"2017-07","Nova Scotia","2016A000212","Electricity producers, industries","Other types of electricity generation","Megawatt hours","210","units","0","v1059484816","4.3.10","0","","","","0"
"2017-08","Nova Scotia","2016A000212","Total all classes of electricity producer","Total all types of electricity generation","Megawatt hours","210","units","0","v44174720","4.1.1","763552","","","","0"
"2017-08","Nova Scotia","2016A000212","Total all classes of electricity producer","Hydraulic turbine","Megawatt hours","210","units","0","v44174721","4.1.2","39972","","","","0"
"2017-08","Nova Scotia","2016A000212","Total all classes of electricity producer","Conventional steam turbine","Megawatt hours","210","units","0","v44174722","4.1.3","","..","","","0"
"2017-08","Nova Scotia","2016A000212","Total all classes of electricity producer","Combustion turbine","Megawatt hours","210","units","0","v44174723","4.1.6","","..","","","0"
"2017-08","Nova Scotia","2016A000212","Total all classes of electricity producer","Total electricity production from combustible fuels","Megawatt hours","210","units","0","v1059484841","4.1.11","652676","","","","0"
"2017-08","Nova Scotia","2016A000212","Total all classes of electricity producer","Tidal power turbine","Megawatt hours","210","units","0","v44174724","4.1.7","0","","","","0"
"2017-08","Nova Scotia","2016A000212","Total all classes of electricity producer","Wind power turbine","Megawatt hours","210","units","0","v44174725","4.1.8","70904","","","","0"
"2017-08","Nova Scotia","2016A000212","Total all classes of electricity producer","Solar","Megawatt hours","210","units","0","v1059484914","4.1.9","0","","","","0"
"2017-08","Nova Scotia","2016A000212","Total all classes of electricity producer","Other types of electricity generation","Megawatt hours","210","units","0","v1059484814","4.1.10","0","","","","0"
"2017-08","Nova Scotia","2016A000212","Electricity producers, electric utilities","Total all types of electricity generation","Megawatt hours","210","units","0","v44174726","4.2.1","746348","","","","0"
"2017-08","Nova Scotia","2016A000212","Electricity producers, electric utilities","Hydraulic turbine","Megawatt hours","210","units","0","v44174727","4.2.2","39972","","","","0"
"2017-08","Nova Scotia","2016A000212","Electricity producers, electric utilities","Conventional steam turbine","Megawatt hours","210","units","0","v44174728","4.2.3","","..","","","0"
"2017-08","Nova Scotia","2016A000212","Electricity producers, electric utilities","Combustion turbine","Megawatt hours","210","units","0","v44174729","4.2.6","","..","","","0"
"2017-08","Nova Scotia","2016A000212","Electricity producers, electric utilities","Total electricity production from combustible fuels","Megawatt hours","210","units","0","v1059484842","4.2.11","636637","","","","0"
"2017-08","Nova Scotia","2016A000212","Electricity producers, electric utilities","Tidal power turbine","Megawatt hours","210","units","0","v44174730","4.2.7","0","","","","0"
"2017-08","Nova Scotia","2016A000212","Electricity producers, electric utilities","Wind power turbine","Megawatt hours","210","units","0","v44174731","4.2.8","69739","","","","0"
"2017-08","Nova Scotia","2016A000212","Electricity producers, electric utilities","Solar","Megawatt hours","210","units","0","v1059484915","4.2.9","0","","","","0"
"2017-08","Nova Scotia","2016A000212","Electricity producers, electric utilities","Other types of electricity generation","Megawatt hours","210","units","0","v1059484815","4.2.10","0","","","","0"
"2017-08","Nova Scotia","2016A000212","Electricity producers, industries","Total all types of electricity generation","Megawatt hours","210","units","0","v44174732","4.3.1","17204","","","","0"
"2017-08","Nova Scotia","2016A000212","Electricity producers, industries","Hydraulic turbine","Megawatt hours","210","units","0","v44174733","4.3.2","","..","","","0"
"2017-08","Nova Scotia","2016A000212","Electricity producers, industries","Conventional steam turbine","Megawatt hours","210","units","0","v44174734","4.3.3","","..","","","0"
"2017-08","Nova Scotia","2016A000212","Electricity producers, industries","Total electricity production from combustible fuels","Megawatt hours","210","units","0","v1059484843","4.3.11","16039","","","","0"
"2017-08","Nova Scotia","2016A000212","Electricity producers, industries","Tidal power turbine","Megawatt hours","210","units","0","v1059484884","4.3.7","0","","","","0"
"2017-08","Nova Scotia","2016A000212","Electricity producers, industries","Wind power turbine","Megawatt hours","210","units","0","v62460553","4.3.8","1165","","","","0"
"2017-08","Nova Scotia","2016A000212","Electricity producers, industries","Solar","Megawatt hours","210","units","0","v1059484916","4.3.9","0","","","","0"
"2017-08","Nova Scotia","2016A000212","Electricity producers, industries","Other types of electricity generation","Megawatt hours","210","units","0","v1059484816","4.3.10","0","","","","0"
"2017-09","Nova Scotia","2016A000212","Total all classes of electricity producer","Total all types of electricity generation","Megawatt hours","210","units","0","v44174720","4.1.1","674600","","","","0"
"2017-09","Nova Scotia","2016A000212","Total all classes of electricity producer","Hydraulic turbine","Megawatt hours","210","units","0","v44174721","4.1.2","23624","","","","0"
"2017-09","Nova Scotia","2016A000212","Total all classes of electricity producer","Conventional steam turbine","Megawatt hours","210","units","0","v44174722","4.1.3","","..","","","0"
"2017-09","Nova Scotia","2016A000212","Total all classes of electricity producer","Combustion turbine","Megawatt hours","210","units","0","v44174723","4.1.6","","..","","","0"
"2017-09","Nova Scotia","2016A000212","Total all classes of electricity producer","Total electricity production from combustible fuels","Megawatt hours","210","units","0","v1059484841","4.1.11","559487","","","","0"
"2017-09","Nova Scotia","2016A000212","Total all classes of electricity producer","Tidal power turbine","Megawatt hours","210","units","0","v44174724","4.1.7","0","","","","0"
"2017-09","Nova Scotia","2016A000212","Total all classes of electricity producer","Wind power turbine","Megawatt hours","210","units","0","v44174725","4.1.8","91489","","","","0"
"2017-09","Nova Scotia","2016A000212","Total all classes of electricity producer","Solar","Megawatt hours","210","units","0","v1059484914","4.1.9","0","","","","0"
"2017-09","Nova Scotia","2016A000212","Total all classes of electricity producer","Other types of electricity generation","Megawatt hours","210","units","0","v1059484814","4.1.10","0","","","","0"
"2017-09","Nova Scotia","2016A000212","Electricity producers, electric utilities","Total all types of electricity generation","Megawatt hours","210","units","0","v44174726","4.2.1","657447","","","","0"
"2017-09","Nova Scotia","2016A000212","Electricity producers, electric utilities","Hydraulic turbine","Megawatt hours","210","units","0","v44174727","4.2.2","23624","","","","0"
"2017-09","Nova Scotia","2016A000212","Electricity producers, electric utilities","Conventional steam turbine","Megawatt hours","210","units","0","v44174728","4.2.3","","..","","","0"
"2017-09","Nova Scotia","2016A000212","Electricity producers, electric utilities","Combustion turbine","Megawatt hours","210","units","0","v44174729","4.2.6","","..","","","0"
"2017-09","Nova Scotia","2016A000212","Electricity producers, electric utilities","Total electricity production from combustible fuels","Megawatt hours","210","units","0","v1059484842","4.2.11","543516","","","","0"
"2017-09","Nova Scotia","2016A000212","Electricity producers, electric utilities","Tidal power turbine","Megawatt hours","210","units","0","v44174730","4.2.7","0","","","","0"
"2017-09","Nova Scotia","2016A000212","Electricity producers, electric utilities","Wind power turbine","Megawatt hours","210","units","0","v44174731","4.2.8","90307","","","","0"
"2017-09","Nova Scotia","2016A000212","Electricity producers, electric utilities","Solar","Megawatt hours","210","units","0","v1059484915","4.2.9","0","","","","0"
"2017-09","Nova Scotia","2016A000212","Electricity producers, electric utilities","Other types of electricity generation","Megawatt hours","210","units","0","v1059484815","4.2.10","0","","","","0"
"2017-09","Nova Scotia","2016A000212","Electricity producers, industries","Total all types of electricity generation","Megawatt hours","210","units","0","v44174732","4.3.1","17153","","","","0"
"2017-09","Nova Scotia","2016A000212","Electricity producers, industries","Hydraulic turbine","Megawatt hours","210","units","0","v44174733","4.3.2","","..","","","0"
"2017-09","Nova Scotia","2016A000212","Electricity producers, industries","Conventional steam turbine","Megawatt hours","210","units","0","v44174734","4.3.3","","..","","","0"
"2017-09","Nova Scotia","2016A000212","Electricity producers, industries","Total electricity production from combustible fuels","Megawatt hours","210","units","0","v1059484843","4.3.11","15971","","","","0"
"2017-09","Nova Scotia","2016A000212","Electricity producers, industries","Tidal power turbine","Megawatt hours","210","units","0","v1059484884","4.3.7","0","","","","0"
"2017-09","Nova Scotia","2016A000212","Electricity producers, industries","Wind power turbine","Megawatt hours","210","units","0","v62460553","4.3.8","1182","","","","0"
"2017-09","Nova Scotia","2016A000212","Electricity producers, industries","Solar","Megawatt hours","210","units","0","v1059484916","4.3.9","0","","","","0"
"2017-09","Nova Scotia","2016A000212","Electricity producers, industries","Other types of electricity generation","Megawatt hours","210","units","0","v1059484816","4.3.10","0","","","","0"
"2017-10","Nova Scotia","2016A000212","Total all classes of electricity producer","Total all types of electricity generation","Megawatt hours","210","units","0","v44174720","4.1.1","658252","","","","0"
"2017-10","Nova Scotia","2016A000212","Total all classes of electricity producer","Hydraulic turbine","Megawatt hours","210","units","0","v44174721","4.1.2","24164","","","","0"
"2017-10","Nova Scotia","2016A000212","Total all classes of electricity producer","Conventional steam turbine","Megawatt hours","210","units","0","v44174722","4.1.3","","..","","","0"
"2017-10","Nova Scotia","2016A000212","Total all classes of electricity producer","Combustion turbine","Megawatt hours","210","units","0","v44174723","4.1.6","","..","","","0"
"2017-10","Nova Scotia","2016A000212","Total all classes of electricity producer","Total electricity production from combustible fuels","Megawatt hours","210","units","0","v1059484841","4.1.11","497309","","","","0"
"2017-10","Nova Scotia","2016A000212","Total all classes of electricity producer","Tidal power turbine","Megawatt hours","210","units","0","v44174724","4.1.7","25","","","","0"
"2017-10","Nova Scotia","2016A000212","Total all classes of electricity producer","Wind power turbine","Megawatt hours","210","units","0","v44174725","4.1.8","136754","","","","0"
"2017-10","Nova Scotia","2016A000212","Total all classes of electricity producer","Solar","Megawatt hours","210","units","0","v1059484914","4.1.9","0","","","","0"
"2017-10","Nova Scotia","2016A000212","Total all classes of electricity producer","Other types of electricity generation","Megawatt hours","210","units","0","v1059484814","4.1.10","0","","","","0"
"2017-10","Nova Scotia","2016A000212","Electricity producers, electric utilities","Total all types of electricity generation","Megawatt hours","210","units","0","v44174726","4.2.1","643569","","","","0"
"2017-10","Nova Scotia","2016A000212","Electricity producers, electric utilities","Hydraulic turbine","Megawatt hours","210","units","0","v44174727","4.2.2","24164","","","","0"
"2017-10","Nova Scotia","2016A000212","Electricity producers, electric utilities","Conventional steam turbine","Megawatt hours","210","units","0","v44174728","4.2.3","","..","","","0"
"2017-10","Nova Scotia","2016A000212","Electricity producers, electric utilities","Combustion turbine","Megawatt hours","210","units","0","v44174729","4.2.6","","..","","","0"
"2017-10","Nova Scotia","2016A000212","Electricity producers, electric utilities","Total electricity production from combustible fuels","Megawatt hours","210","units","0","v1059484842","4.2.11","489507","","","","0"
"2017-10","Nova Scotia","2016A000212","Electricity producers, electric utilities","Tidal power turbine","Megawatt hours","210","units","0","v44174730","4.2.7","25","","","","0"
"2017-10","Nova Scotia","2016A000212","Electricity producers, electric utilities","Wind power turbine","Megawatt hours","210","units","0","v44174731","4.2.8","129873","","","","0"
"2017-10","Nova Scotia","2016A000212","Electricity producers, electric utilities","Solar","Megawatt hours","210","units","0","v1059484915","4.2.9","0","","","","0"
"2017-10","Nova Scotia","2016A000212","Electricity producers, electric utilities","Other types of electricity generation","Megawatt hours","210","units","0","v1059484815","4.2.10","0","","","","0"
"2017-10","Nova Scotia","2016A000212","Electricity producers, industries","Total all types of electricity generation","Megawatt hours","210","units","0","v44174732","4.3.1","14683","","","","0"
"2017-10","Nova Scotia","2016A000212","Electricity producers, industries","Hydraulic turbine","Megawatt hours","210","units","0","v44174733","4.3.2","","..","","","0"
"2017-10","Nova Scotia","2016A000212","Electricity producers, industries","Conventional steam turbine","Megawatt hours","210","units","0","v44174734","4.3.3","","..","","","0"
"2017-10","Nova Scotia","2016A000212","Electricity producers, industries","Total electricity production from combustible fuels","Megawatt hours","210","units","0","v1059484843","4.3.11","7802","","","","0"
"2017-10","Nova Scotia","2016A000212","Electricity producers, industries","Tidal power turbine","Megawatt hours","210","units","0","v1059484884","4.3.7","0","","","","0"
"2017-10","Nova Scotia","2016A000212","Electricity producers, industries","Wind power turbine","Megawatt hours","210","units","0","v62460553","4.3.8","6881","","","","0"
"2017-10","Nova Scotia","2016A000212","Electricity producers, industries","Solar","Megawatt hours","210","units","0","v1059484916","4.3.9","0","","","","0"
"2017-10","Nova Scotia","2016A000212","Electricity producers, industries","Other types of electricity generation","Megawatt hours","210","units","0","v1059484816","4.3.10","0","","","","0"
"2017-11","Nova Scotia","2016A000212","Total all classes of electricity producer","Total all types of electricity generation","Megawatt hours","210","units","0","v44174720","4.1.1","782138","","","","0"
"2017-11","Nova Scotia","2016A000212","Total all classes of electricity producer","Hydraulic turbine","Megawatt hours","210","units","0","v44174721","4.1.2","24327","","","","0"
"2017-11","Nova Scotia","2016A000212","Total all classes of electricity producer","Conventional steam turbine","Megawatt hours","210","units","0","v44174722","4.1.3","","..","","","0"
"2017-11","Nova Scotia","2016A000212","Total all classes of electricity producer","Combustion turbine","Megawatt hours","210","units","0","v44174723","4.1.6","","..","","","0"
"2017-11","Nova Scotia","2016A000212","Total all classes of electricity producer","Total electricity production from combustible fuels","Megawatt hours","210","units","0","v1059484841","4.1.11","615888","","","","0"
"2017-11","Nova Scotia","2016A000212","Total all classes of electricity producer","Tidal power turbine","Megawatt hours","210","units","0","v44174724","4.1.7","0","","","","0"
"2017-11","Nova Scotia","2016A000212","Total all classes of electricity producer","Wind power turbine","Megawatt hours","210","units","0","v44174725","4.1.8","141923","","","","0"
"2017-11","Nova Scotia","2016A000212","Total all classes of electricity producer","Solar","Megawatt hours","210","units","0","v1059484914","4.1.9","0","","","","0"
"2017-11","Nova Scotia","2016A000212","Total all classes of electricity producer","Other types of electricity generation","Megawatt hours","210","units","0","v1059484814","4.1.10","0","","","","0"
"2017-11","Nova Scotia","2016A000212","Electricity producers, electric utilities","Total all types of electricity generation","Megawatt hours","210","units","0","v44174726","4.2.1","767341","","","","0"
"2017-11","Nova Scotia","2016A000212","Electricity producers, electric utilities","Hydraulic turbine","Megawatt hours","210","units","0","v44174727","4.2.2","24327","","","","0"
"2017-11","Nova Scotia","2016A000212","Electricity producers, electric utilities","Conventional steam turbine","Megawatt hours","210","units","0","v44174728","4.2.3","","..","","","0"
"2017-11","Nova Scotia","2016A000212","Electricity producers, electric utilities","Combustion turbine","Megawatt hours","210","units","0","v44174729","4.2.6","","..","","","0"
"2017-11","Nova Scotia","2016A000212","Electricity producers, electric utilities","Total electricity production from combustible fuels","Megawatt hours","210","units","0","v1059484842","4.2.11","607787","","","","0"
"2017-11","Nova Scotia","2016A000212","Electricity producers, electric utilities","Tidal power turbine","Megawatt hours","210","units","0","v44174730","4.2.7","0","","","","0"
"2017-11","Nova Scotia","2016A000212","Electricity producers, electric utilities","Wind power turbine","Megawatt hours","210","units","0","v44174731","4.2.8","135227","","","","0"
"2017-11","Nova Scotia","2016A000212","Electricity producers, electric utilities","Solar","Megawatt hours","210","units","0","v1059484915","4.2.9","0","","","","0"
"2017-11","Nova Scotia","2016A000212","Electricity producers, electric utilities","Other types of electricity generation","Megawatt hours","210","units","0","v1059484815","4.2.10","0","","","","0"
"2017-11","Nova Scotia","2016A000212","Electricity producers, industries","Total all types of electricity generation","Megawatt hours","210","units","0","v44174732","4.3.1","14797","","","","0"
"2017-11","Nova Scotia","2016A000212","Electricity producers, industries","Hydraulic turbine","Megawatt hours","210","units","0","v44174733","4.3.2","","..","","","0"
"2017-11","Nova Scotia","2016A000212","Electricity producers, industries","Conventional steam turbine","Megawatt hours","210","units","0","v44174734","4.3.3","","..","","","0"
"2017-11","Nova Scotia","2016A000212","Electricity producers, industries","Total electricity production from combustible fuels","Megawatt hours","210","units","0","v1059484843","4.3.11","8101","","","","0"
"2017-11","Nova Scotia","2016A000212","Electricity producers, industries","Tidal power turbine","Megawatt hours","210","units","0","v1059484884","4.3.7","0","","","","0"
"2017-11","Nova Scotia","2016A000212","Electricity producers, industries","Wind power turbine","Megawatt hours","210","units","0","v62460553","4.3.8","6696","","","","0"
"2017-11","Nova Scotia","2016A000212","Electricity producers, industries","Solar","Megawatt hours","210","units","0","v1059484916","4.3.9","0","","","","0"
"2017-11","Nova Scotia","2016A000212","Electricity producers, industries","Other types of electricity generation","Megawatt hours","210","units","0","v1059484816","4.3.10","0","","","","0"
"2017-12","Nova Scotia","2016A000212","Total all classes of electricity producer","Total all types of electricity generation","Megawatt hours","210","units","0","v44174720","4.1.1","1068376","","","","0"
"2017-12","Nova Scotia","2016A000212","Total all classes of electricity producer","Hydraulic turbine","Megawatt hours","210","units","0","v44174721","4.1.2","60210","","","","0"
"2017-12","Nova Scotia","2016A000212","Total all classes of electricity producer","Conventional steam turbine","Megawatt hours","210","units","0","v44174722","4.1.3","","..","","","0"
"2017-12","Nova Scotia","2016A000212","Total all classes of electricity producer","Combustion turbine","Megawatt hours","210","units","0","v44174723","4.1.6","","..","","","0"
"2017-12","Nova Scotia","2016A000212","Total all classes of electricity producer","Total electricity production from combustible fuels","Megawatt hours","210","units","0","v1059484841","4.1.11","867565","","","","0"
"2017-12","Nova Scotia","2016A000212","Total all classes of electricity producer","Tidal power turbine","Megawatt hours","210","units","0","v44174724","4.1.7","0","","","","0"
"2017-12","Nova Scotia","2016A000212","Total all classes of electricity producer","Wind power turbine","Megawatt hours","210","units","0","v44174725","4.1.8","140601","","","","0"
"2017-12","Nova Scotia","2016A000212","Total all classes of electricity producer","Solar","Megawatt hours","210","units","0","v1059484914","4.1.9","0","","","","0"
"2017-12","Nova Scotia","2016A000212","Total all classes of electricity producer","Other types of electricity generation","Megawatt hours","210","units","0","v1059484814","4.1.10","0","","","","0"
"2017-12","Nova Scotia","2016A000212","Electricity producers, electric utilities","Total all types of electricity generation","Megawatt hours","210","units","0","v44174726","4.2.1","1040888","","","","0"
"2017-12","Nova Scotia","2016A000212","Electricity producers, electric utilities","Hydraulic turbine","Megawatt hours","210","units","0","v44174727","4.2.2","60210","","","","0"
"2017-12","Nova Scotia","2016A000212","Electricity producers, electric utilities","Conventional steam turbine","Megawatt hours","210","units","0","v44174728","4.2.3","","..","","","0"
"2017-12","Nova Scotia","2016A000212","Electricity producers, electric utilities","Combustion turbine","Megawatt hours","210","units","0","v44174729","4.2.6","","..","","","0"
"2017-12","Nova Scotia","2016A000212","Electricity producers, electric utilities","Total electricity production from combustible fuels","Megawatt hours","210","units","0","v1059484842","4.2.11","852218","","","","0"
"2017-12","Nova Scotia","2016A000212","Electricity producers, electric utilities","Tidal power turbine","Megawatt hours","210","units","0","v44174730","4.2.7","0","","","","0"
"2017-12","Nova Scotia","2016A000212","Electricity producers, electric utilities","Wind power turbine","Megawatt hours","210","units","0","v44174731","4.2.8","128460","","","","0"
"2017-12","Nova Scotia","2016A000212","Electricity producers, electric utilities","Solar","Megawatt hours","210","units","0","v1059484915","4.2.9","0","","","","0"
"2017-12","Nova Scotia","2016A000212","Electricity producers, electric utilities","Other types of electricity generation","Megawatt hours","210","units","0","v1059484815","4.2.10","0","","","","0"
"2017-12","Nova Scotia","2016A000212","Electricity producers, industries","Total all types of electricity generation","Megawatt hours","210","units","0","v44174732","4.3.1","27488","","","","0"
"2017-12","Nova Scotia","2016A000212","Electricity producers, industries","Hydraulic turbine","Megawatt hours","210","units","0","v44174733","4.3.2","","..","","","0"
"2017-12","Nova Scotia","2016A000212","Electricity producers, industries","Conventional steam turbine","Megawatt hours","210","units","0","v44174734","4.3.3","","..","","","0"
"2017-12","Nova Scotia","2016A000212","Electricity producers, industries","Total electricity production from combustible fuels","Megawatt hours","210","units","0","v1059484843","4.3.11","15347","","","","0"
"2017-12","Nova Scotia","2016A000212","Electricity producers, industries","Tidal power turbine","Megawatt hours","210","units","0","v1059484884","4.3.7","0","","","","0"
"2017-12","Nova Scotia","2016A000212","Electricity producers, industries","Wind power turbine","Megawatt hours","210","units","0","v62460553","4.3.8","12141","","","","0"
"2017-12","Nova Scotia","2016A000212","Electricity producers, industries","Solar","Megawatt hours","210","units","0","v1059484916","4.3.9","0","","","","0"
"2017-12","Nova Scotia","2016A000212","Electricity producers, industries","Other types of electricity generation","Megawatt hours","210","units","0","v1059484816","4.3.10","0","","","","0"
"2018-01","Nova Scotia","2016A000212","Total all classes of electricity producer","Total all types of electricity generation","Megawatt hours","210","units","0","v44174720","4.1.1","1108134","","","","0"
"2018-01","Nova Scotia","2016A000212","Total all classes of electricity producer","Hydraulic turbine","Megawatt hours","210","units","0","v44174721","4.1.2","103246","","","","0"
"2018-01","Nova Scotia","2016A000212","Total all classes of electricity producer","Conventional steam turbine","Megawatt hours","210","units","0","v44174722","4.1.3","","..","","","0"
"2018-01","Nova Scotia","2016A000212","Total all classes of electricity producer","Combustion turbine","Megawatt hours","210","units","0","v44174723","4.1.6","","..","","","0"
"2018-01","Nova Scotia","2016A000212","Total all classes of electricity producer","Total electricity production from combustible fuels","Megawatt hours","210","units","0","v1059484841","4.1.11","881677","","","","0"
"2018-01","Nova Scotia","2016A000212","Total all classes of electricity producer","Tidal power turbine","Megawatt hours","210","units","0","v44174724","4.1.7","112","","","","0"
"2018-01","Nova Scotia","2016A000212","Total all classes of electricity producer","Wind power turbine","Megawatt hours","210","units","0","v44174725","4.1.8","123099","","","","0"
"2018-01","Nova Scotia","2016A000212","Total all classes of electricity producer","Solar","Megawatt hours","210","units","0","v1059484914","4.1.9","0","","","","0"
"2018-01","Nova Scotia","2016A000212","Total all classes of electricity producer","Other types of electricity generation","Megawatt hours","210","units","0","v1059484814","4.1.10","0","","","","0"
"2018-01","Nova Scotia","2016A000212","Electricity producers, electric utilities","Total all types of electricity generation","Megawatt hours","210","units","0","v44174726","4.2.1","1077975","","","","0"
"2018-01","Nova Scotia","2016A000212","Electricity producers, electric utilities","Hydraulic turbine","Megawatt hours","210","units","0","v44174727","4.2.2","103246","","","","0"
"2018-01","Nova Scotia","2016A000212","Electricity producers, electric utilities","Conventional steam turbine","Megawatt hours","210","units","0","v44174728","4.2.3","","..","","","0"
"2018-01","Nova Scotia","2016A000212","Electricity producers, electric utilities","Combustion turbine","Megawatt hours","210","units","0","v44174729","4.2.6","","..","","","0"
"2018-01","Nova Scotia","2016A000212","Electricity producers, electric utilities","Total electricity production from combustible fuels","Megawatt hours","210","units","0","v1059484842","4.2.11","864718","","","","0"
"2018-01","Nova Scotia","2016A000212","Electricity producers, electric utilities","Tidal power turbine","Megawatt hours","210","units","0","v44174730","4.2.7","112","","","","0"
"2018-01","Nova Scotia","2016A000212","Electricity producers, electric utilities","Wind power turbine","Megawatt hours","210","units","0","v44174731","4.2.8","109899","","","","0"
"2018-01","Nova Scotia","2016A000212","Electricity producers, electric utilities","Solar","Megawatt hours","210","units","0","v1059484915","4.2.9","0","","","","0"
"2018-01","Nova Scotia","2016A000212","Electricity producers, electric utilities","Other types of electricity generation","Megawatt hours","210","units","0","v1059484815","4.2.10","0","","","","0"
"2018-01","Nova Scotia","2016A000212","Electricity producers, industries","Total all types of electricity generation","Megawatt hours","210","units","0","v44174732","4.3.1","30159","","","","0"
"2018-01","Nova Scotia","2016A000212","Electricity producers, industries","Hydraulic turbine","Megawatt hours","210","units","0","v44174733","4.3.2","","..","","","0"
"2018-01","Nova Scotia","2016A000212","Electricity producers, industries","Conventional steam turbine","Megawatt hours","210","units","0","v44174734","4.3.3","","..","","","0"
"2018-01","Nova Scotia","2016A000212","Electricity producers, industries","Total electricity production from combustible fuels","Megawatt hours","210","units","0","v1059484843","4.3.11","16959","","","","0"
"2018-01","Nova Scotia","2016A000212","Electricity producers, industries","Tidal power turbine","Megawatt hours","210","units","0","v1059484884","4.3.7","0","","","","0"
"2018-01","Nova Scotia","2016A000212","Electricity producers, industries","Wind power turbine","Megawatt hours","210","units","0","v62460553","4.3.8","13200","","","","0"
"2018-01","Nova Scotia","2016A000212","Electricity producers, industries","Solar","Megawatt hours","210","units","0","v1059484916","4.3.9","0","","","","0"
"2018-01","Nova Scotia","2016A000212","Electricity producers, industries","Other types of electricity generation","Megawatt hours","210","units","0","v1059484816","4.3.10","0","","","","0"
"2018-02","Nova Scotia","2016A000212","Total all classes of electricity producer","Total all types of electricity generation","Megawatt hours","210","units","0","v44174720","4.1.1","971068","","","","0"
"2018-02","Nova Scotia","2016A000212","Total all classes of electricity producer","Hydraulic turbine","Megawatt hours","210","units","0","v44174721","4.1.2","106972","","","","0"
"2018-02","Nova Scotia","2016A000212","Total all classes of electricity producer","Conventional steam turbine","Megawatt hours","210","units","0","v44174722","4.1.3","","..","","","0"
"2018-02","Nova Scotia","2016A000212","Total all classes of electricity producer","Combustion turbine","Megawatt hours","210","units","0","v44174723","4.1.6","","..","","","0"
"2018-02","Nova Scotia","2016A000212","Total all classes of electricity producer","Total electricity production from combustible fuels","Megawatt hours","210","units","0","v1059484841","4.1.11","752654","","","","0"
"2018-02","Nova Scotia","2016A000212","Total all classes of electricity producer","Tidal power turbine","Megawatt hours","210","units","0","v44174724","4.1.7","1804","","","","0"
"2018-02","Nova Scotia","2016A000212","Total all classes of electricity producer","Wind power turbine","Megawatt hours","210","units","0","v44174725","4.1.8","109638","","","","0"
"2018-02","Nova Scotia","2016A000212","Total all classes of electricity producer","Solar","Megawatt hours","210","units","0","v1059484914","4.1.9","0","","","","0"
"2018-02","Nova Scotia","2016A000212","Total all classes of electricity producer","Other types of electricity generation","Megawatt hours","210","units","0","v1059484814","4.1.10","0","","","","0"
"2018-02","Nova Scotia","2016A000212","Electricity producers, electric utilities","Total all types of electricity generation","Megawatt hours","210","units","0","v44174726","4.2.1","945228","","","","0"
"2018-02","Nova Scotia","2016A000212","Electricity producers, electric utilities","Hydraulic turbine","Megawatt hours","210","units","0","v44174727","4.2.2","106972","","","","0"
"2018-02","Nova Scotia","2016A000212","Electricity producers, electric utilities","Conventional steam turbine","Megawatt hours","210","units","0","v44174728","4.2.3","","..","","","0"
"2018-02","Nova Scotia","2016A000212","Electricity producers, electric utilities","Combustion turbine","Megawatt hours","210","units","0","v44174729","4.2.6","","..","","","0"
"2018-02","Nova Scotia","2016A000212","Electricity producers, electric utilities","Total electricity production from combustible fuels","Megawatt hours","210","units","0","v1059484842","4.2.11","737398","","","","0"
"2018-02","Nova Scotia","2016A000212","Electricity producers, electric utilities","Tidal power turbine","Megawatt hours","210","units","0","v44174730","4.2.7","1804","","","","0"
"2018-02","Nova Scotia","2016A000212","Electricity producers, electric utilities","Wind power turbine","Megawatt hours","210","units","0","v44174731","4.2.8","99054","","","","0"
"2018-02","Nova Scotia","2016A000212","Electricity producers, electric utilities","Solar","Megawatt hours","210","units","0","v1059484915","4.2.9","0","","","","0"
"2018-02","Nova Scotia","2016A000212","Electricity producers, electric utilities","Other types of electricity generation","Megawatt hours","210","units","0","v1059484815","4.2.10","0","","","","0"
"2018-02","Nova Scotia","2016A000212","Electricity producers, industries","Total all types of electricity generation","Megawatt hours","210","units","0","v44174732","4.3.1","25840","","","","0"
"2018-02","Nova Scotia","2016A000212","Electricity producers, industries","Hydraulic turbine","Megawatt hours","210","units","0","v44174733","4.3.2","","..","","","0"
"2018-02","Nova Scotia","2016A000212","Electricity producers, industries","Conventional steam turbine","Megawatt hours","210","units","0","v44174734","4.3.3","","..","","","0"
"2018-02","Nova Scotia","2016A000212","Electricity producers, industries","Total electricity production from combustible fuels","Megawatt hours","210","units","0","v1059484843","4.3.11","15256","","","","0"
"2018-02","Nova Scotia","2016A000212","Electricity producers, industries","Tidal power turbine","Megawatt hours","210","units","0","v1059484884","4.3.7","0","","","","0"
"2018-02","Nova Scotia","2016A000212","Electricity producers, industries","Wind power turbine","Megawatt hours","210","units","0","v62460553","4.3.8","10584","","","","0"
"2018-02","Nova Scotia","2016A000212","Electricity producers, industries","Solar","Megawatt hours","210","units","0","v1059484916","4.3.9","0","","","","0"
"2018-02","Nova Scotia","2016A000212","Electricity producers, industries","Other types of electricity generation","Megawatt hours","210","units","0","v1059484816","4.3.10","0","","","","0"
"2018-03","Nova Scotia","2016A000212","Total all classes of electricity producer","Total all types of electricity generation","Megawatt hours","210","units","0","v44174720","4.1.1","963609","","","","0"
"2018-03","Nova Scotia","2016A000212","Total all classes of electricity producer","Hydraulic turbine","Megawatt hours","210","units","0","v44174721","4.1.2","94225","","","","0"
"2018-03","Nova Scotia","2016A000212","Total all classes of electricity producer","Conventional steam turbine","Megawatt hours","210","units","0","v44174722","4.1.3","","..","","","0"
"2018-03","Nova Scotia","2016A000212","Total all classes of electricity producer","Combustion turbine","Megawatt hours","210","units","0","v44174723","4.1.6","","..","","","0"
"2018-03","Nova Scotia","2016A000212","Total all classes of electricity producer","Total electricity production from combustible fuels","Megawatt hours","210","units","0","v1059484841","4.1.11","748951","","","","0"
"2018-03","Nova Scotia","2016A000212","Total all classes of electricity producer","Tidal power turbine","Megawatt hours","210","units","0","v44174724","4.1.7","1754","","","","0"
"2018-03","Nova Scotia","2016A000212","Total all classes of electricity producer","Wind power turbine","Megawatt hours","210","units","0","v44174725","4.1.8","118679","","","","0"
"2018-03","Nova Scotia","2016A000212","Total all classes of electricity producer","Solar","Megawatt hours","210","units","0","v1059484914","4.1.9","0","","","","0"
"2018-03","Nova Scotia","2016A000212","Total all classes of electricity producer","Other types of electricity generation","Megawatt hours","210","units","0","v1059484814","4.1.10","0","","","","0"
"2018-03","Nova Scotia","2016A000212","Electricity producers, electric utilities","Total all types of electricity generation","Megawatt hours","210","units","0","v44174726","4.2.1","935574","","","","0"
"2018-03","Nova Scotia","2016A000212","Electricity producers, electric utilities","Hydraulic turbine","Megawatt hours","210","units","0","v44174727","4.2.2","94225","","","","0"
"2018-03","Nova Scotia","2016A000212","Electricity producers, electric utilities","Conventional steam turbine","Megawatt hours","210","units","0","v44174728","4.2.3","","..","","","0"
"2018-03","Nova Scotia","2016A000212","Electricity producers, electric utilities","Combustion turbine","Megawatt hours","210","units","0","v44174729","4.2.6","","..","","","0"
"2018-03","Nova Scotia","2016A000212","Electricity producers, electric utilities","Total electricity production from combustible fuels","Megawatt hours","210","units","0","v1059484842","4.2.11","731327","","","","0"
"2018-03","Nova Scotia","2016A000212","Electricity producers, electric utilities","Tidal power turbine","Megawatt hours","210","units","0","v44174730","4.2.7","1754","","","","0"
"2018-03","Nova Scotia","2016A000212","Electricity producers, electric utilities","Wind power turbine","Megawatt hours","210","units","0","v44174731","4.2.8","108268","","","","0"
"2018-03","Nova Scotia","2016A000212","Electricity producers, electric utilities","Solar","Megawatt hours","210","units","0","v1059484915","4.2.9","0","","","","0"
"2018-03","Nova Scotia","2016A000212","Electricity producers, electric utilities","Other types of electricity generation","Megawatt hours","210","units","0","v1059484815","4.2.10","0","","","","0"
"2018-03","Nova Scotia","2016A000212","Electricity producers, industries","Total all types of electricity generation","Megawatt hours","210","units","0","v44174732","4.3.1","28035","","","","0"
"2018-03","Nova Scotia","2016A000212","Electricity producers, industries","Hydraulic turbine","Megawatt hours","210","units","0","v44174733","4.3.2","","..","","","0"
"2018-03","Nova Scotia","2016A000212","Electricity producers, industries","Conventional steam turbine","Megawatt hours","210","units","0","v44174734","4.3.3","","..","","","0"
"2018-03","Nova Scotia","2016A000212","Electricity producers, industries","Total electricity production from combustible fuels","Megawatt hours","210","units","0","v1059484843","4.3.11","17624","","","","0"
"2018-03","Nova Scotia","2016A000212","Electricity producers, industries","Tidal power turbine","Megawatt hours","210","units","0","v1059484884","4.3.7","0","","","","0"
"2018-03","Nova Scotia","2016A000212","Electricity producers, industries","Wind power turbine","Megawatt hours","210","units","0","v62460553","4.3.8","10411","","","","0"
"2018-03","Nova Scotia","2016A000212","Electricity producers, industries","Solar","Megawatt hours","210","units","0","v1059484916","4.3.9","0","","","","0"
"2018-03","Nova Scotia","2016A000212","Electricity producers, industries","Other types of electricity generation","Megawatt hours","210","units","0","v1059484816","4.3.10","0","","","","0"
"2018-04","Nova Scotia","2016A000212","Total all classes of electricity producer","Total all types of electricity generation","Megawatt hours","210","units","0","v44174720","4.1.1","853457","","","","0"
"2018-04","Nova Scotia","2016A000212","Total all classes of electricity producer","Hydraulic turbine","Megawatt hours","210","units","0","v44174721","4.1.2","110612","","","","0"
"2018-04","Nova Scotia","2016A000212","Total all classes of electricity producer","Conventional steam turbine","Megawatt hours","210","units","0","v44174722","4.1.3","","..","","","0"
"2018-04","Nova Scotia","2016A000212","Total all classes of electricity producer","Combustion turbine","Megawatt hours","210","units","0","v44174723","4.1.6","","..","","","0"
"2018-04","Nova Scotia","2016A000212","Total all classes of electricity producer","Total electricity production from combustible fuels","Megawatt hours","210","units","0","v1059484841","4.1.11","634249","","","","0"
"2018-04","Nova Scotia","2016A000212","Total all classes of electricity producer","Tidal power turbine","Megawatt hours","210","units","0","v44174724","4.1.7","2098","","","","0"
"2018-04","Nova Scotia","2016A000212","Total all classes of electricity producer","Wind power turbine","Megawatt hours","210","units","0","v44174725","4.1.8","106498","","","","0"
"2018-04","Nova Scotia","2016A000212","Total all classes of electricity producer","Solar","Megawatt hours","210","units","0","v1059484914","4.1.9","0","","","","0"
"2018-04","Nova Scotia","2016A000212","Total all classes of electricity producer","Other types of electricity generation","Megawatt hours","210","units","0","v1059484814","4.1.10","0","","","","0"
"2018-04","Nova Scotia","2016A000212","Electricity producers, electric utilities","Total all types of electricity generation","Megawatt hours","210","units","0","v44174726","4.2.1","829330","","","","0"
"2018-04","Nova Scotia","2016A000212","Electricity producers, electric utilities","Hydraulic turbine","Megawatt hours","210","units","0","v44174727","4.2.2","110612","","","","0"
"2018-04","Nova Scotia","2016A000212","Electricity producers, electric utilities","Conventional steam turbine","Megawatt hours","210","units","0","v44174728","4.2.3","","..","","","0"
"2018-04","Nova Scotia","2016A000212","Electricity producers, electric utilities","Combustion turbine","Megawatt hours","210","units","0","v44174729","4.2.6","","..","","","0"
"2018-04","Nova Scotia","2016A000212","Electricity producers, electric utilities","Total electricity production from combustible fuels","Megawatt hours","210","units","0","v1059484842","4.2.11","618570","","","","0"
"2018-04","Nova Scotia","2016A000212","Electricity producers, electric utilities","Tidal power turbine","Megawatt hours","210","units","0","v44174730","4.2.7","2098","","","","0"
"2018-04","Nova Scotia","2016A000212","Electricity producers, electric utilities","Wind power turbine","Megawatt hours","210","units","0","v44174731","4.2.8","98050","","","","0"
"2018-04","Nova Scotia","2016A000212","Electricity producers, electric utilities","Solar","Megawatt hours","210","units","0","v1059484915","4.2.9","0","","","","0"
"2018-04","Nova Scotia","2016A000212","Electricity producers, electric utilities","Other types of electricity generation","Megawatt hours","210","units","0","v1059484815","4.2.10","0","","","","0"
"2018-04","Nova Scotia","2016A000212","Electricity producers, industries","Total all types of electricity generation","Megawatt hours","210","units","0","v44174732","4.3.1","24127","","","","0"
"2018-04","Nova Scotia","2016A000212","Electricity producers, industries","Hydraulic turbine","Megawatt hours","210","units","0","v44174733","4.3.2","","..","","","0"
"2018-04","Nova Scotia","2016A000212","Electricity producers, industries","Conventional steam turbine","Megawatt hours","210","units","0","v44174734","4.3.3","","..","","","0"
"2018-04","Nova Scotia","2016A000212","Electricity producers, industries","Total electricity production from combustible fuels","Megawatt hours","210","units","0","v1059484843","4.3.11","15679","","","","0"
"2018-04","Nova Scotia","2016A000212","Electricity producers, industries","Tidal power turbine","Megawatt hours","210","units","0","v1059484884","4.3.7","0","","","","0"
"2018-04","Nova Scotia","2016A000212","Electricity producers, industries","Wind power turbine","Megawatt hours","210","units","0","v62460553","4.3.8","8448","","","","0"
"2018-04","Nova Scotia","2016A000212","Electricity producers, industries","Solar","Megawatt hours","210","units","0","v1059484916","4.3.9","0","","","","0"
"2018-04","Nova Scotia","2016A000212","Electricity producers, industries","Other types of electricity generation","Megawatt hours","210","units","0","v1059484816","4.3.10","0","","","","0"
"2018-05","Nova Scotia","2016A000212","Total all classes of electricity producer","Total all types of electricity generation","Megawatt hours","210","units","0","v44174720","4.1.1","768184","","","","0"
"2018-05","Nova Scotia","2016A000212","Total all classes of electricity producer","Hydraulic turbine","Megawatt hours","210","units","0","v44174721","4.1.2","106853","","","","0"
"2018-05","Nova Scotia","2016A000212","Total all classes of electricity producer","Conventional steam turbine","Megawatt hours","210","units","0","v44174722","4.1.3","","..","","","0"
"2018-05","Nova Scotia","2016A000212","Total all classes of electricity producer","Combustion turbine","Megawatt hours","210","units","0","v44174723","4.1.6","","..","","","0"
"2018-05","Nova Scotia","2016A000212","Total all classes of electricity producer","Total electricity production from combustible fuels","Megawatt hours","210","units","0","v1059484841","4.1.11","565732","","","","0"
"2018-05","Nova Scotia","2016A000212","Total all classes of electricity producer","Tidal power turbine","Megawatt hours","210","units","0","v44174724","4.1.7","1969","","","","0"
"2018-05","Nova Scotia","2016A000212","Total all classes of electricity producer","Wind power turbine","Megawatt hours","210","units","0","v44174725","4.1.8","93630","","","","0"
"2018-05","Nova Scotia","2016A000212","Total all classes of electricity producer","Solar","Megawatt hours","210","units","0","v1059484914","4.1.9","0","","","","0"
"2018-05","Nova Scotia","2016A000212","Total all classes of electricity producer","Other types of electricity generation","Megawatt hours","210","units","0","v1059484814","4.1.10","0","","","","0"
"2018-05","Nova Scotia","2016A000212","Electricity producers, electric utilities","Total all types of electricity generation","Megawatt hours","210","units","0","v44174726","4.2.1","742662","","","","0"
"2018-05","Nova Scotia","2016A000212","Electricity producers, electric utilities","Hydraulic turbine","Megawatt hours","210","units","0","v44174727","4.2.2","106853","","","","0"
"2018-05","Nova Scotia","2016A000212","Electricity producers, electric utilities","Conventional steam turbine","Megawatt hours","210","units","0","v44174728","4.2.3","","..","","","0"
"2018-05","Nova Scotia","2016A000212","Electricity producers, electric utilities","Combustion turbine","Megawatt hours","210","units","0","v44174729","4.2.6","","..","","","0"
"2018-05","Nova Scotia","2016A000212","Electricity producers, electric utilities","Total electricity production from combustible fuels","Megawatt hours","210","units","0","v1059484842","4.2.11","548085","","","","0"
"2018-05","Nova Scotia","2016A000212","Electricity producers, electric utilities","Tidal power turbine","Megawatt hours","210","units","0","v44174730","4.2.7","1969","","","","0"
"2018-05","Nova Scotia","2016A000212","Electricity producers, electric utilities","Wind power turbine","Megawatt hours","210","units","0","v44174731","4.2.8","85755","","","","0"
"2018-05","Nova Scotia","2016A000212","Electricity producers, electric utilities","Solar","Megawatt hours","210","units","0","v1059484915","4.2.9","0","","","","0"
"2018-05","Nova Scotia","2016A000212","Electricity producers, electric utilities","Other types of electricity generation","Megawatt hours","210","units","0","v1059484815","4.2.10","0","","","","0"
"2018-05","Nova Scotia","2016A000212","Electricity producers, industries","Total all types of electricity generation","Megawatt hours","210","units","0","v44174732","4.3.1","25522","","","","0"
"2018-05","Nova Scotia","2016A000212","Electricity producers, industries","Hydraulic turbine","Megawatt hours","210","units","0","v44174733","4.3.2","","..","","","0"
"2018-05","Nova Scotia","2016A000212","Electricity producers, industries","Conventional steam turbine","Megawatt hours","210","units","0","v44174734","4.3.3","","..","","","0"
"2018-05","Nova Scotia","2016A000212","Electricity producers, industries","Total electricity production from combustible fuels","Megawatt hours","210","units","0","v1059484843","4.3.11","17647","","","","0"
"2018-05","Nova Scotia","2016A000212","Electricity producers, industries","Tidal power turbine","Megawatt hours","210","units","0","v1059484884","4.3.7","0","","","","0"
"2018-05","Nova Scotia","2016A000212","Electricity producers, industries","Wind power turbine","Megawatt hours","210","units","0","v62460553","4.3.8","7875","","","","0"
"2018-05","Nova Scotia","2016A000212","Electricity producers, industries","Solar","Megawatt hours","210","units","0","v1059484916","4.3.9","0","","","","0"
"2018-05","Nova Scotia","2016A000212","Electricity producers, industries","Other types of electricity generation","Megawatt hours","210","units","0","v1059484816","4.3.10","0","","","","0"
"2018-06","Nova Scotia","2016A000212","Total all classes of electricity producer","Total all types of electricity generation","Megawatt hours","210","units","0","v44174720","4.1.1","692314","","","","0"
"2018-06","Nova Scotia","2016A000212","Total all classes of electricity producer","Hydraulic turbine","Megawatt hours","210","units","0","v44174721","4.1.2","60778","","","","0"
"2018-06","Nova Scotia","2016A000212","Total all classes of electricity producer","Conventional steam turbine","Megawatt hours","210","units","0","v44174722","4.1.3","","..","","","0"
"2018-06","Nova Scotia","2016A000212","Total all classes of electricity producer","Combustion turbine","Megawatt hours","210","units","0","v44174723","4.1.6","","..","","","0"
"2018-06","Nova Scotia","2016A000212","Total all classes of electricity producer","Total electricity production from combustible fuels","Megawatt hours","210","units","0","v1059484841","4.1.11","541156","","","","0"
"2018-06","Nova Scotia","2016A000212","Total all classes of electricity producer","Tidal power turbine","Megawatt hours","210","units","0","v44174724","4.1.7","1645","","","","0"
"2018-06","Nova Scotia","2016A000212","Total all classes of electricity producer","Wind power turbine","Megawatt hours","210","units","0","v44174725","4.1.8","88735","","","","0"
"2018-06","Nova Scotia","2016A000212","Total all classes of electricity producer","Solar","Megawatt hours","210","units","0","v1059484914","4.1.9","0","","","","0"
"2018-06","Nova Scotia","2016A000212","Total all classes of electricity producer","Other types of electricity generation","Megawatt hours","210","units","0","v1059484814","4.1.10","0","","","","0"
"2018-06","Nova Scotia","2016A000212","Electricity producers, electric utilities","Total all types of electricity generation","Megawatt hours","210","units","0","v44174726","4.2.1","666307","","","","0"
"2018-06","Nova Scotia","2016A000212","Electricity producers, electric utilities","Hydraulic turbine","Megawatt hours","210","units","0","v44174727","4.2.2","60778","","","","0"
"2018-06","Nova Scotia","2016A000212","Electricity producers, electric utilities","Conventional steam turbine","Megawatt hours","210","units","0","v44174728","4.2.3","","..","","","0"
"2018-06","Nova Scotia","2016A000212","Electricity producers, electric utilities","Combustion turbine","Megawatt hours","210","units","0","v44174729","4.2.6","","..","","","0"
"2018-06","Nova Scotia","2016A000212","Electricity producers, electric utilities","Total electricity production from combustible fuels","Megawatt hours","210","units","0","v1059484842","4.2.11","523752","","","","0"
"2018-06","Nova Scotia","2016A000212","Electricity producers, electric utilities","Tidal power turbine","Megawatt hours","210","units","0","v44174730","4.2.7","1645","","","","0"
"2018-06","Nova Scotia","2016A000212","Electricity producers, electric utilities","Wind power turbine","Megawatt hours","210","units","0","v44174731","4.2.8","80132","","","","0"
"2018-06","Nova Scotia","2016A000212","Electricity producers, electric utilities","Solar","Megawatt hours","210","units","0","v1059484915","4.2.9","0","","","","0"
"2018-06","Nova Scotia","2016A000212","Electricity producers, electric utilities","Other types of electricity generation","Megawatt hours","210","units","0","v1059484815","4.2.10","0","","","","0"
"2018-06","Nova Scotia","2016A000212","Electricity producers, industries","Total all types of electricity generation","Megawatt hours","210","units","0","v44174732","4.3.1","26007","","","","0"
"2018-06","Nova Scotia","2016A000212","Electricity producers, industries","Hydraulic turbine","Megawatt hours","210","units","0","v44174733","4.3.2","","..","","","0"
"2018-06","Nova Scotia","2016A000212","Electricity producers, industries","Conventional steam turbine","Megawatt hours","210","units","0","v44174734","4.3.3","","..","","","0"
"2018-06","Nova Scotia","2016A000212","Electricity producers, industries","Total electricity production from combustible fuels","Megawatt hours","210","units","0","v1059484843","4.3.11","17404","","","","0"
"2018-06","Nova Scotia","2016A000212","Electricity producers, industries","Tidal power turbine","Megawatt hours","210","units","0","v1059484884","4.3.7","0","","","","0"
"2018-06","Nova Scotia","2016A000212","Electricity producers, industries","Wind power turbine","Megawatt hours","210","units","0","v62460553","4.3.8","8603","","","","0"
"2018-06","Nova Scotia","2016A000212","Electricity producers, industries","Solar","Megawatt hours","210","units","0","v1059484916","4.3.9","0","","","","0"
"2018-06","Nova Scotia","2016A000212","Electricity producers, industries","Other types of electricity generation","Megawatt hours","210","units","0","v1059484816","4.3.10","0","","","","0"
"2018-07","Nova Scotia","2016A000212","Total all classes of electricity producer","Total all types of electricity generation","Megawatt hours","210","units","0","v44174720","4.1.1","723837","","","","0"
"2018-07","Nova Scotia","2016A000212","Total all classes of electricity producer","Hydraulic turbine","Megawatt hours","210","units","0","v44174721","4.1.2","55072","","","","0"
"2018-07","Nova Scotia","2016A000212","Total all classes of electricity producer","Conventional steam turbine","Megawatt hours","210","units","0","v44174722","4.1.3","","..","","","0"
"2018-07","Nova Scotia","2016A000212","Total all classes of electricity producer","Combustion turbine","Megawatt hours","210","units","0","v44174723","4.1.6","","..","","","0"
"2018-07","Nova Scotia","2016A000212","Total all classes of electricity producer","Total electricity production from combustible fuels","Megawatt hours","210","units","0","v1059484841","4.1.11","592452","","","","0"
"2018-07","Nova Scotia","2016A000212","Total all classes of electricity producer","Tidal power turbine","Megawatt hours","210","units","0","v44174724","4.1.7","1830","","","","0"
"2018-07","Nova Scotia","2016A000212","Total all classes of electricity producer","Wind power turbine","Megawatt hours","210","units","0","v44174725","4.1.8","74483","","","","0"
"2018-07","Nova Scotia","2016A000212","Total all classes of electricity producer","Solar","Megawatt hours","210","units","0","v1059484914","4.1.9","0","","","","0"
"2018-07","Nova Scotia","2016A000212","Total all classes of electricity producer","Other types of electricity generation","Megawatt hours","210","units","0","v1059484814","4.1.10","0","","","","0"
"2018-07","Nova Scotia","2016A000212","Electricity producers, electric utilities","Total all types of electricity generation","Megawatt hours","210","units","0","v44174726","4.2.1","700209","","","","0"
"2018-07","Nova Scotia","2016A000212","Electricity producers, electric utilities","Hydraulic turbine","Megawatt hours","210","units","0","v44174727","4.2.2","55072","","","","0"
"2018-07","Nova Scotia","2016A000212","Electricity producers, electric utilities","Conventional steam turbine","Megawatt hours","210","units","0","v44174728","4.2.3","","..","","","0"
"2018-07","Nova Scotia","2016A000212","Electricity producers, electric utilities","Combustion turbine","Megawatt hours","210","units","0","v44174729","4.2.6","","..","","","0"
"2018-07","Nova Scotia","2016A000212","Electricity producers, electric utilities","Total electricity production from combustible fuels","Megawatt hours","210","units","0","v1059484842","4.2.11","576363","","","","0"
"2018-07","Nova Scotia","2016A000212","Electricity producers, electric utilities","Tidal power turbine","Megawatt hours","210","units","0","v44174730","4.2.7","1830","","","","0"
"2018-07","Nova Scotia","2016A000212","Electricity producers, electric utilities","Wind power turbine","Megawatt hours","210","units","0","v44174731","4.2.8","66944","","","","0"
"2018-07","Nova Scotia","2016A000212","Electricity producers, electric utilities","Solar","Megawatt hours","210","units","0","v1059484915","4.2.9","0","","","","0"
"2018-07","Nova Scotia","2016A000212","Electricity producers, electric utilities","Other types of electricity generation","Megawatt hours","210","units","0","v1059484815","4.2.10","0","","","","0"
"2018-07","Nova Scotia","2016A000212","Electricity producers, industries","Total all types of electricity generation","Megawatt hours","210","units","0","v44174732","4.3.1","23628","","","","0"
"2018-07","Nova Scotia","2016A000212","Electricity producers, industries","Hydraulic turbine","Megawatt hours","210","units","0","v44174733","4.3.2","","..","","","0"
"2018-07","Nova Scotia","2016A000212","Electricity producers, industries","Conventional steam turbine","Megawatt hours","210","units","0","v44174734","4.3.3","","..","","","0"
"2018-07","Nova Scotia","2016A000212","Electricity producers, industries","Total electricity production from combustible fuels","Megawatt hours","210","units","0","v1059484843","4.3.11","16089","","","","0"
"2018-07","Nova Scotia","2016A000212","Electricity producers, industries","Tidal power turbine","Megawatt hours","210","units","0","v1059484884","4.3.7","0","","","","0"
"2018-07","Nova Scotia","2016A000212","Electricity producers, industries","Wind power turbine","Megawatt hours","210","units","0","v62460553","4.3.8","7539","","","","0"
"2018-07","Nova Scotia","2016A000212","Electricity producers, industries","Solar","Megawatt hours","210","units","0","v1059484916","4.3.9","0","","","","0"
"2018-07","Nova Scotia","2016A000212","Electricity producers, industries","Other types of electricity generation","Megawatt hours","210","units","0","v1059484816","4.3.10","0","","","","0"
"2018-08","Nova Scotia","2016A000212","Total all classes of electricity producer","Total all types of electricity generation","Megawatt hours","210","units","0","v44174720","4.1.1","741427","","","","0"
"2018-08","Nova Scotia","2016A000212","Total all classes of electricity producer","Hydraulic turbine","Megawatt hours","210","units","0","v44174721","4.1.2","22558","","","","0"
"2018-08","Nova Scotia","2016A000212","Total all classes of electricity producer","Conventional steam turbine","Megawatt hours","210","units","0","v44174722","4.1.3","","..","","","0"
"2018-08","Nova Scotia","2016A000212","Total all classes of electricity producer","Combustion turbine","Megawatt hours","210","units","0","v44174723","4.1.6","","..","","","0"
"2018-08","Nova Scotia","2016A000212","Total all classes of electricity producer","Total electricity production from combustible fuels","Megawatt hours","210","units","0","v1059484841","4.1.11","659069","","","","0"
"2018-08","Nova Scotia","2016A000212","Total all classes of electricity producer","Tidal power turbine","Megawatt hours","210","units","0","v44174724","4.1.7","1521","","","","0"
"2018-08","Nova Scotia","2016A000212","Total all classes of electricity producer","Wind power turbine","Megawatt hours","210","units","0","v44174725","4.1.8","58279","","","","0"
"2018-08","Nova Scotia","2016A000212","Total all classes of electricity producer","Solar","Megawatt hours","210","units","0","v1059484914","4.1.9","0","","","","0"
"2018-08","Nova Scotia","2016A000212","Total all classes of electricity producer","Other types of electricity generation","Megawatt hours","210","units","0","v1059484814","4.1.10","0","","","","0"
"2018-08","Nova Scotia","2016A000212","Electricity producers, electric utilities","Total all types of electricity generation","Megawatt hours","210","units","0","v44174726","4.2.1","719089","","","","0"
"2018-08","Nova Scotia","2016A000212","Electricity producers, electric utilities","Hydraulic turbine","Megawatt hours","210","units","0","v44174727","4.2.2","22558","","","","0"
"2018-08","Nova Scotia","2016A000212","Electricity producers, electric utilities","Conventional steam turbine","Megawatt hours","210","units","0","v44174728","4.2.3","","..","","","0"
"2018-08","Nova Scotia","2016A000212","Electricity producers, electric utilities","Combustion turbine","Megawatt hours","210","units","0","v44174729","4.2.6","","..","","","0"
"2018-08","Nova Scotia","2016A000212","Electricity producers, electric utilities","Total electricity production from combustible fuels","Megawatt hours","210","units","0","v1059484842","4.2.11","643230","","","","0"
"2018-08","Nova Scotia","2016A000212","Electricity producers, electric utilities","Tidal power turbine","Megawatt hours","210","units","0","v44174730","4.2.7","1521","","","","0"
"2018-08","Nova Scotia","2016A000212","Electricity producers, electric utilities","Wind power turbine","Megawatt hours","210","units","0","v44174731","4.2.8","51780","","","","0"
"2018-08","Nova Scotia","2016A000212","Electricity producers, electric utilities","Solar","Megawatt hours","210","units","0","v1059484915","4.2.9","0","","","","0"
"2018-08","Nova Scotia","2016A000212","Electricity producers, electric utilities","Other types of electricity generation","Megawatt hours","210","units","0","v1059484815","4.2.10","0","","","","0"
"2018-08","Nova Scotia","2016A000212","Electricity producers, industries","Total all types of electricity generation","Megawatt hours","210","units","0","v44174732","4.3.1","22338","","","","0"
"2018-08","Nova Scotia","2016A000212","Electricity producers, industries","Hydraulic turbine","Megawatt hours","210","units","0","v44174733","4.3.2","","..","","","0"
"2018-08","Nova Scotia","2016A000212","Electricity producers, industries","Conventional steam turbine","Megawatt hours","210","units","0","v44174734","4.3.3","","..","","","0"
"2018-08","Nova Scotia","2016A000212","Electricity producers, industries","Total electricity production from combustible fuels","Megawatt hours","210","units","0","v1059484843","4.3.11","15839","","","","0"
"2018-08","Nova Scotia","2016A000212","Electricity producers, industries","Tidal power turbine","Megawatt hours","210","units","0","v1059484884","4.3.7","0","","","","0"
"2018-08","Nova Scotia","2016A000212","Electricity producers, industries","Wind power turbine","Megawatt hours","210","units","0","v62460553","4.3.8","6499","","","","0"
"2018-08","Nova Scotia","2016A000212","Electricity producers, industries","Solar","Megawatt hours","210","units","0","v1059484916","4.3.9","0","","","","0"
"2018-08","Nova Scotia","2016A000212","Electricity producers, industries","Other types of electricity generation","Megawatt hours","210","units","0","v1059484816","4.3.10","0","","","","0"
"2018-09","Nova Scotia","2016A000212","Total all classes of electricity producer","Total all types of electricity generation","Megawatt hours","210","units","0","v44174720","4.1.1","687042","","","","0"
"2018-09","Nova Scotia","2016A000212","Total all classes of electricity producer","Hydraulic turbine","Megawatt hours","210","units","0","v44174721","4.1.2","19942","","","","0"
"2018-09","Nova Scotia","2016A000212","Total all classes of electricity producer","Conventional steam turbine","Megawatt hours","210","units","0","v44174722","4.1.3","","..","","","0"
"2018-09","Nova Scotia","2016A000212","Total all classes of electricity producer","Combustion turbine","Megawatt hours","210","units","0","v44174723","4.1.6","","..","","","0"
"2018-09","Nova Scotia","2016A000212","Total all classes of electricity producer","Total electricity production from combustible fuels","Megawatt hours","210","units","0","v1059484841","4.1.11","587495","","","","0"
"2018-09","Nova Scotia","2016A000212","Total all classes of electricity producer","Tidal power turbine","Megawatt hours","210","units","0","v44174724","4.1.7","1447","","","","0"
"2018-09","Nova Scotia","2016A000212","Total all classes of electricity producer","Wind power turbine","Megawatt hours","210","units","0","v44174725","4.1.8","78158","","","","0"
"2018-09","Nova Scotia","2016A000212","Total all classes of electricity producer","Solar","Megawatt hours","210","units","0","v1059484914","4.1.9","0","","","","0"
"2018-09","Nova Scotia","2016A000212","Total all classes of electricity producer","Other types of electricity generation","Megawatt hours","210","units","0","v1059484814","4.1.10","0","","","","0"
"2018-09","Nova Scotia","2016A000212","Electricity producers, electric utilities","Total all types of electricity generation","Megawatt hours","210","units","0","v44174726","4.2.1","662267","","","","0"
"2018-09","Nova Scotia","2016A000212","Electricity producers, electric utilities","Hydraulic turbine","Megawatt hours","210","units","0","v44174727","4.2.2","19942","","","","0"
"2018-09","Nova Scotia","2016A000212","Electricity producers, electric utilities","Conventional steam turbine","Megawatt hours","210","units","0","v44174728","4.2.3","","..","","","0"
"2018-09","Nova Scotia","2016A000212","Electricity producers, electric utilities","Combustion turbine","Megawatt hours","210","units","0","v44174729","4.2.6","","..","","","0"
"2018-09","Nova Scotia","2016A000212","Electricity producers, electric utilities","Total electricity production from combustible fuels","Megawatt hours","210","units","0","v1059484842","4.2.11","570721","","","","0"
"2018-09","Nova Scotia","2016A000212","Electricity producers, electric utilities","Tidal power turbine","Megawatt hours","210","units","0","v44174730","4.2.7","1447","","","","0"
"2018-09","Nova Scotia","2016A000212","Electricity producers, electric utilities","Wind power turbine","Megawatt hours","210","units","0","v44174731","4.2.8","70157","","","","0"
"2018-09","Nova Scotia","2016A000212","Electricity producers, electric utilities","Solar","Megawatt hours","210","units","0","v1059484915","4.2.9","0","","","","0"
"2018-09","Nova Scotia","2016A000212","Electricity producers, electric utilities","Other types of electricity generation","Megawatt hours","210","units","0","v1059484815","4.2.10","0","","","","0"
"2018-09","Nova Scotia","2016A000212","Electricity producers, industries","Total all types of electricity generation","Megawatt hours","210","units","0","v44174732","4.3.1","24775","","","","0"
"2018-09","Nova Scotia","2016A000212","Electricity producers, industries","Hydraulic turbine","Megawatt hours","210","units","0","v44174733","4.3.2","","..","","","0"
"2018-09","Nova Scotia","2016A000212","Electricity producers, industries","Conventional steam turbine","Megawatt hours","210","units","0","v44174734","4.3.3","","..","","","0"
"2018-09","Nova Scotia","2016A000212","Electricity producers, industries","Total electricity production from combustible fuels","Megawatt hours","210","units","0","v1059484843","4.3.11","16774","","","","0"
"2018-09","Nova Scotia","2016A000212","Electricity producers, industries","Tidal power turbine","Megawatt hours","210","units","0","v1059484884","4.3.7","0","","","","0"
"2018-09","Nova Scotia","2016A000212","Electricity producers, industries","Wind power turbine","Megawatt hours","210","units","0","v62460553","4.3.8","8001","","","","0"
"2018-09","Nova Scotia","2016A000212","Electricity producers, industries","Solar","Megawatt hours","210","units","0","v1059484916","4.3.9","0","","","","0"
"2018-09","Nova Scotia","2016A000212","Electricity producers, industries","Other types of electricity generation","Megawatt hours","210","units","0","v1059484816","4.3.10","0","","","","0"
"2018-10","Nova Scotia","2016A000212","Total all classes of electricity producer","Total all types of electricity generation","Megawatt hours","210","units","0","v44174720","4.1.1","769354","","","","0"
"2018-10","Nova Scotia","2016A000212","Total all classes of electricity producer","Hydraulic turbine","Megawatt hours","210","units","0","v44174721","4.1.2","40027","","","","0"
"2018-10","Nova Scotia","2016A000212","Total all classes of electricity producer","Conventional steam turbine","Megawatt hours","210","units","0","v44174722","4.1.3","","..","","","0"
"2018-10","Nova Scotia","2016A000212","Total all classes of electricity producer","Combustion turbine","Megawatt hours","210","units","0","v44174723","4.1.6","","..","","","0"
"2018-10","Nova Scotia","2016A000212","Total all classes of electricity producer","Total electricity production from combustible fuels","Megawatt hours","210","units","0","v1059484841","4.1.11","612964","","","","0"
"2018-10","Nova Scotia","2016A000212","Total all classes of electricity producer","Tidal power turbine","Megawatt hours","210","units","0","v44174724","4.1.7","2185","","","","0"
"2018-10","Nova Scotia","2016A000212","Total all classes of electricity producer","Wind power turbine","Megawatt hours","210","units","0","v44174725","4.1.8","114178","","","","0"
"2018-10","Nova Scotia","2016A000212","Total all classes of electricity producer","Solar","Megawatt hours","210","units","0","v1059484914","4.1.9","0","","","","0"
"2018-10","Nova Scotia","2016A000212","Total all classes of electricity producer","Other types of electricity generation","Megawatt hours","210","units","0","v1059484814","4.1.10","0","","","","0"
"2018-10","Nova Scotia","2016A000212","Electricity producers, electric utilities","Total all types of electricity generation","Megawatt hours","210","units","0","v44174726","4.2.1","748745","","","","0"
"2018-10","Nova Scotia","2016A000212","Electricity producers, electric utilities","Hydraulic turbine","Megawatt hours","210","units","0","v44174727","4.2.2","40027","","","","0"
"2018-10","Nova Scotia","2016A000212","Electricity producers, electric utilities","Conventional steam turbine","Megawatt hours","210","units","0","v44174728","4.2.3","","..","","","0"
"2018-10","Nova Scotia","2016A000212","Electricity producers, electric utilities","Combustion turbine","Megawatt hours","210","units","0","v44174729","4.2.6","","..","","","0"
"2018-10","Nova Scotia","2016A000212","Electricity producers, electric utilities","Total electricity production from combustible fuels","Megawatt hours","210","units","0","v1059484842","4.2.11","602181","","","","0"
"2018-10","Nova Scotia","2016A000212","Electricity producers, electric utilities","Tidal power turbine","Megawatt hours","210","units","0","v44174730","4.2.7","2185","","","","0"
"2018-10","Nova Scotia","2016A000212","Electricity producers, electric utilities","Wind power turbine","Megawatt hours","210","units","0","v44174731","4.2.8","104352","","","","0"
"2018-10","Nova Scotia","2016A000212","Electricity producers, electric utilities","Solar","Megawatt hours","210","units","0","v1059484915","4.2.9","0","","","","0"
"2018-10","Nova Scotia","2016A000212","Electricity producers, electric utilities","Other types of electricity generation","Megawatt hours","210","units","0","v1059484815","4.2.10","0","","","","0"
"2018-10","Nova Scotia","2016A000212","Electricity producers, industries","Total all types of electricity generation","Megawatt hours","210","units","0","v44174732","4.3.1","20609","","","","0"
"2018-10","Nova Scotia","2016A000212","Electricity producers, industries","Hydraulic turbine","Megawatt hours","210","units","0","v44174733","4.3.2","","..","","","0"
"2018-10","Nova Scotia","2016A000212","Electricity producers, industries","Conventional steam turbine","Megawatt hours","210","units","0","v44174734","4.3.3","","..","","","0"
"2018-10","Nova Scotia","2016A000212","Electricity producers, industries","Total electricity production from combustible fuels","Megawatt hours","210","units","0","v1059484843","4.3.11","10783","","","","0"
"2018-10","Nova Scotia","2016A000212","Electricity producers, industries","Tidal power turbine","Megawatt hours","210","units","0","v1059484884","4.3.7","0","","","","0"
"2018-10","Nova Scotia","2016A000212","Electricity producers, industries","Wind power turbine","Megawatt hours","210","units","0","v62460553","4.3.8","9826","","","","0"
"2018-10","Nova Scotia","2016A000212","Electricity producers, industries","Solar","Megawatt hours","210","units","0","v1059484916","4.3.9","0","","","","0"
"2018-10","Nova Scotia","2016A000212","Electricity producers, industries","Other types of electricity generation","Megawatt hours","210","units","0","v1059484816","4.3.10","0","","","","0"
"2018-11","Nova Scotia","2016A000212","Total all classes of electricity producer","Total all types of electricity generation","Megawatt hours","210","units","0","v44174720","4.1.1","875399","","","","0"
"2018-11","Nova Scotia","2016A000212","Total all classes of electricity producer","Hydraulic turbine","Megawatt hours","210","units","0","v44174721","4.1.2","92871","","","","0"
"2018-11","Nova Scotia","2016A000212","Total all classes of electricity producer","Conventional steam turbine","Megawatt hours","210","units","0","v44174722","4.1.3","","..","","","0"
"2018-11","Nova Scotia","2016A000212","Total all classes of electricity producer","Combustion turbine","Megawatt hours","210","units","0","v44174723","4.1.6","","..","","","0"
"2018-11","Nova Scotia","2016A000212","Total all classes of electricity producer","Total electricity production from combustible fuels","Megawatt hours","210","units","0","v1059484841","4.1.11","657608","","","","0"
"2018-11","Nova Scotia","2016A000212","Total all classes of electricity producer","Tidal power turbine","Megawatt hours","210","units","0","v44174724","4.1.7","1396","","","","0"
"2018-11","Nova Scotia","2016A000212","Total all classes of electricity producer","Wind power turbine","Megawatt hours","210","units","0","v44174725","4.1.8","123524","","","","0"
"2018-11","Nova Scotia","2016A000212","Total all classes of electricity producer","Solar","Megawatt hours","210","units","0","v1059484914","4.1.9","0","","","","0"
"2018-11","Nova Scotia","2016A000212","Total all classes of electricity producer","Other types of electricity generation","Megawatt hours","210","units","0","v1059484814","4.1.10","0","","","","0"
"2018-11","Nova Scotia","2016A000212","Electricity producers, electric utilities","Total all types of electricity generation","Megawatt hours","210","units","0","v44174726","4.2.1","853482","","","","0"
"2018-11","Nova Scotia","2016A000212","Electricity producers, electric utilities","Hydraulic turbine","Megawatt hours","210","units","0","v44174727","4.2.2","92871","","","","0"
"2018-11","Nova Scotia","2016A000212","Electricity producers, electric utilities","Conventional steam turbine","Megawatt hours","210","units","0","v44174728","4.2.3","","..","","","0"
"2018-11","Nova Scotia","2016A000212","Electricity producers, electric utilities","Combustion turbine","Megawatt hours","210","units","0","v44174729","4.2.6","","..","","","0"
"2018-11","Nova Scotia","2016A000212","Electricity producers, electric utilities","Total electricity production from combustible fuels","Megawatt hours","210","units","0","v1059484842","4.2.11","646717","","","","0"
"2018-11","Nova Scotia","2016A000212","Electricity producers, electric utilities","Tidal power turbine","Megawatt hours","210","units","0","v44174730","4.2.7","1396","","","","0"
"2018-11","Nova Scotia","2016A000212","Electricity producers, electric utilities","Wind power turbine","Megawatt hours","210","units","0","v44174731","4.2.8","112498","","","","0"
"2018-11","Nova Scotia","2016A000212","Electricity producers, electric utilities","Solar","Megawatt hours","210","units","0","v1059484915","4.2.9","0","","","","0"
"2018-11","Nova Scotia","2016A000212","Electricity producers, electric utilities","Other types of electricity generation","Megawatt hours","210","units","0","v1059484815","4.2.10","0","","","","0"
"2018-11","Nova Scotia","2016A000212","Electricity producers, industries","Total all types of electricity generation","Megawatt hours","210","units","0","v44174732","4.3.1","21917","","","","0"
"2018-11","Nova Scotia","2016A000212","Electricity producers, industries","Hydraulic turbine","Megawatt hours","210","units","0","v44174733","4.3.2","","..","","","0"
"2018-11","Nova Scotia","2016A000212","Electricity producers, industries","Conventional steam turbine","Megawatt hours","210","units","0","v44174734","4.3.3","","..","","","0"
"2018-11","Nova Scotia","2016A000212","Electricity producers, industries","Total electricity production from combustible fuels","Megawatt hours","210","units","0","v1059484843","4.3.11","10891","","","","0"
"2018-11","Nova Scotia","2016A000212","Electricity producers, industries","Tidal power turbine","Megawatt hours","210","units","0","v1059484884","4.3.7","0","","","","0"
"2018-11","Nova Scotia","2016A000212","Electricity producers, industries","Wind power turbine","Megawatt hours","210","units","0","v62460553","4.3.8","11026","","","","0"
"2018-11","Nova Scotia","2016A000212","Electricity producers, industries","Solar","Megawatt hours","210","units","0","v1059484916","4.3.9","0","","","","0"
"2018-11","Nova Scotia","2016A000212","Electricity producers, industries","Other types of electricity generation","Megawatt hours","210","units","0","v1059484816","4.3.10","0","","","","0"
"2018-12","Nova Scotia","2016A000212","Total all classes of electricity producer","Total all types of electricity generation","Megawatt hours","210","units","0","v44174720","4.1.1","1055270","","","","0"
"2018-12","Nova Scotia","2016A000212","Total all classes of electricity producer","Hydraulic turbine","Megawatt hours","210","units","0","v44174721","4.1.2","108709","","","","0"
"2018-12","Nova Scotia","2016A000212","Total all classes of electricity producer","Conventional steam turbine","Megawatt hours","210","units","0","v44174722","4.1.3","","..","","","0"
"2018-12","Nova Scotia","2016A000212","Total all classes of electricity producer","Combustion turbine","Megawatt hours","210","units","0","v44174723","4.1.6","","..","","","0"
"2018-12","Nova Scotia","2016A000212","Total all classes of electricity producer","Total electricity production from combustible fuels","Megawatt hours","210","units","0","v1059484841","4.1.11","841619","","","","0"
"2018-12","Nova Scotia","2016A000212","Total all classes of electricity producer","Tidal power turbine","Megawatt hours","210","units","0","v44174724","4.1.7","1764","","","","0"
"2018-12","Nova Scotia","2016A000212","Total all classes of electricity producer","Wind power turbine","Megawatt hours","210","units","0","v44174725","4.1.8","103178","","","","0"
"2018-12","Nova Scotia","2016A000212","Total all classes of electricity producer","Solar","Megawatt hours","210","units","0","v1059484914","4.1.9","0","","","","0"
"2018-12","Nova Scotia","2016A000212","Total all classes of electricity producer","Other types of electricity generation","Megawatt hours","210","units","0","v1059484814","4.1.10","0","","","","0"
"2018-12","Nova Scotia","2016A000212","Electricity producers, electric utilities","Total all types of electricity generation","Megawatt hours","210","units","0","v44174726","4.2.1","1038019","","","","0"
"2018-12","Nova Scotia","2016A000212","Electricity producers, electric utilities","Hydraulic turbine","Megawatt hours","210","units","0","v44174727","4.2.2","108709","","","","0"
"2018-12","Nova Scotia","2016A000212","Electricity producers, electric utilities","Conventional steam turbine","Megawatt hours","210","units","0","v44174728","4.2.3","","..","","","0"
"2018-12","Nova Scotia","2016A000212","Electricity producers, electric utilities","Combustion turbine","Megawatt hours","210","units","0","v44174729","4.2.6","","..","","","0"
"2018-12","Nova Scotia","2016A000212","Electricity producers, electric utilities","Total electricity production from combustible fuels","Megawatt hours","210","units","0","v1059484842","4.2.11","833654","","","","0"
"2018-12","Nova Scotia","2016A000212","Electricity producers, electric utilities","Tidal power turbine","Megawatt hours","210","units","0","v44174730","4.2.7","1764","","","","0"
"2018-12","Nova Scotia","2016A000212","Electricity producers, electric utilities","Wind power turbine","Megawatt hours","210","units","0","v44174731","4.2.8","93892","","","","0"
"2018-12","Nova Scotia","2016A000212","Electricity producers, electric utilities","Solar","Megawatt hours","210","units","0","v1059484915","4.2.9","0","","","","0"
"2018-12","Nova Scotia","2016A000212","Electricity producers, electric utilities","Other types of electricity generation","Megawatt hours","210","units","0","v1059484815","4.2.10","0","","","","0"
"2018-12","Nova Scotia","2016A000212","Electricity producers, industries","Total all types of electricity generation","Megawatt hours","210","units","0","v44174732","4.3.1","17251","","","","0"
"2018-12","Nova Scotia","2016A000212","Electricity producers, industries","Hydraulic turbine","Megawatt hours","210","units","0","v44174733","4.3.2","","..","","","0"
"2018-12","Nova Scotia","2016A000212","Electricity producers, industries","Conventional steam turbine","Megawatt hours","210","units","0","v44174734","4.3.3","","..","","","0"
"2018-12","Nova Scotia","2016A000212","Electricity producers, industries","Total electricity production from combustible fuels","Megawatt hours","210","units","0","v1059484843","4.3.11","7965","","","","0"
"2018-12","Nova Scotia","2016A000212","Electricity producers, industries","Tidal power turbine","Megawatt hours","210","units","0","v1059484884","4.3.7","0","","","","0"
"2018-12","Nova Scotia","2016A000212","Electricity producers, industries","Wind power turbine","Megawatt hours","210","units","0","v62460553","4.3.8","9286","","","","0"
"2018-12","Nova Scotia","2016A000212","Electricity producers, industries","Solar","Megawatt hours","210","units","0","v1059484916","4.3.9","0","","","","0"
"2018-12","Nova Scotia","2016A000212","Electricity producers, industries","Other types of electricity generation","Megawatt hours","210","units","0","v1059484816","4.3.10","0","","","","0"
"2019-01","Nova Scotia","2016A000212","Total all classes of electricity producer","Total all types of electricity generation","Megawatt hours","210","units","0","v44174720","4.1.1","1099806","","","","0"
"2019-01","Nova Scotia","2016A000212","Total all classes of electricity producer","Hydraulic turbine","Megawatt hours","210","units","0","v44174721","4.1.2","109408","","","","0"
"2019-01","Nova Scotia","2016A000212","Total all classes of electricity producer","Conventional steam turbine","Megawatt hours","210","units","0","v44174722","4.1.3","","..","","","0"
"2019-01","Nova Scotia","2016A000212","Total all classes of electricity producer","Combustion turbine","Megawatt hours","210","units","0","v44174723","4.1.6","","..","","","0"
"2019-01","Nova Scotia","2016A000212","Total all classes of electricity producer","Total electricity production from combustible fuels","Megawatt hours","210","units","0","v1059484841","4.1.11","890311","","","","0"
"2019-01","Nova Scotia","2016A000212","Total all classes of electricity producer","Tidal power turbine","Megawatt hours","210","units","0","v44174724","4.1.7","883","","","","0"
"2019-01","Nova Scotia","2016A000212","Total all classes of electricity producer","Wind power turbine","Megawatt hours","210","units","0","v44174725","4.1.8","99204","","","","0"
"2019-01","Nova Scotia","2016A000212","Total all classes of electricity producer","Solar","Megawatt hours","210","units","0","v1059484914","4.1.9","0","","","","0"
"2019-01","Nova Scotia","2016A000212","Total all classes of electricity producer","Other types of electricity generation","Megawatt hours","210","units","0","v1059484814","4.1.10","0","","","","0"
"2019-01","Nova Scotia","2016A000212","Electricity producers, electric utilities","Total all types of electricity generation","Megawatt hours","210","units","0","v44174726","4.2.1","1072803","","","","0"
"2019-01","Nova Scotia","2016A000212","Electricity producers, electric utilities","Hydraulic turbine","Megawatt hours","210","units","0","v44174727","4.2.2","109408","","","","0"
"2019-01","Nova Scotia","2016A000212","Electricity producers, electric utilities","Conventional steam turbine","Megawatt hours","210","units","0","v44174728","4.2.3","","..","","","0"
"2019-01","Nova Scotia","2016A000212","Electricity producers, electric utilities","Combustion turbine","Megawatt hours","210","units","0","v44174729","4.2.6","","..","","","0"
"2019-01","Nova Scotia","2016A000212","Electricity producers, electric utilities","Total electricity production from combustible fuels","Megawatt hours","210","units","0","v1059484842","4.2.11","874871","","","","0"
"2019-01","Nova Scotia","2016A000212","Electricity producers, electric utilities","Tidal power turbine","Megawatt hours","210","units","0","v44174730","4.2.7","883","","","","0"
"2019-01","Nova Scotia","2016A000212","Electricity producers, electric utilities","Wind power turbine","Megawatt hours","210","units","0","v44174731","4.2.8","87641","","","","0"
"2019-01","Nova Scotia","2016A000212","Electricity producers, electric utilities","Solar","Megawatt hours","210","units","0","v1059484915","4.2.9","0","","","","0"
"2019-01","Nova Scotia","2016A000212","Electricity producers, electric utilities","Other types of electricity generation","Megawatt hours","210","units","0","v1059484815","4.2.10","0","","","","0"
"2019-01","Nova Scotia","2016A000212","Electricity producers, industries","Total all types of electricity generation","Megawatt hours","210","units","0","v44174732","4.3.1","27003","","","","0"
"2019-01","Nova Scotia","2016A000212","Electricity producers, industries","Hydraulic turbine","Megawatt hours","210","units","0","v44174733","4.3.2","","..","","","0"
"2019-01","Nova Scotia","2016A000212","Electricity producers, industries","Conventional steam turbine","Megawatt hours","210","units","0","v44174734","4.3.3","","..","","","0"
"2019-01","Nova Scotia","2016A000212","Electricity producers, industries","Total electricity production from combustible fuels","Megawatt hours","210","units","0","v1059484843","4.3.11","15440","","","","0"
"2019-01","Nova Scotia","2016A000212","Electricity producers, industries","Tidal power turbine","Megawatt hours","210","units","0","v1059484884","4.3.7","0","","","","0"
"2019-01","Nova Scotia","2016A000212","Electricity producers, industries","Wind power turbine","Megawatt hours","210","units","0","v62460553","4.3.8","11563","","","","0"
"2019-01","Nova Scotia","2016A000212","Electricity producers, industries","Solar","Megawatt hours","210","units","0","v1059484916","4.3.9","0","","","","0"
"2019-01","Nova Scotia","2016A000212","Electricity producers, industries","Other types of electricity generation","Megawatt hours","210","units","0","v1059484816","4.3.10","0","","","","0"
"2019-02","Nova Scotia","2016A000212","Total all classes of electricity producer","Total all types of electricity generation","Megawatt hours","210","units","0","v44174720","4.1.1","1001097","","","","0"
"2019-02","Nova Scotia","2016A000212","Total all classes of electricity producer","Hydraulic turbine","Megawatt hours","210","units","0","v44174721","4.1.2","96675","","","","0"
"2019-02","Nova Scotia","2016A000212","Total all classes of electricity producer","Conventional steam turbine","Megawatt hours","210","units","0","v44174722","4.1.3","","..","","","0"
"2019-02","Nova Scotia","2016A000212","Total all classes of electricity producer","Combustion turbine","Megawatt hours","210","units","0","v44174723","4.1.6","","..","","","0"
"2019-02","Nova Scotia","2016A000212","Total all classes of electricity producer","Total electricity production from combustible fuels","Megawatt hours","210","units","0","v1059484841","4.1.11","798250","","","","0"
"2019-02","Nova Scotia","2016A000212","Total all classes of electricity producer","Tidal power turbine","Megawatt hours","210","units","0","v44174724","4.1.7","0","","","","0"
"2019-02","Nova Scotia","2016A000212","Total all classes of electricity producer","Wind power turbine","Megawatt hours","210","units","0","v44174725","4.1.8","106172","","","","0"
"2019-02","Nova Scotia","2016A000212","Total all classes of electricity producer","Solar","Megawatt hours","210","units","0","v1059484914","4.1.9","0","","","","0"
"2019-02","Nova Scotia","2016A000212","Total all classes of electricity producer","Other types of electricity generation","Megawatt hours","210","units","0","v1059484814","4.1.10","0","","","","0"
"2019-02","Nova Scotia","2016A000212","Electricity producers, electric utilities","Total all types of electricity generation","Megawatt hours","210","units","0","v44174726","4.2.1","973533","","","","0"
"2019-02","Nova Scotia","2016A000212","Electricity producers, electric utilities","Hydraulic turbine","Megawatt hours","210","units","0","v44174727","4.2.2","96675","","","","0"
"2019-02","Nova Scotia","2016A000212","Electricity producers, electric utilities","Conventional steam turbine","Megawatt hours","210","units","0","v44174728","4.2.3","","..","","","0"
"2019-02","Nova Scotia","2016A000212","Electricity producers, electric utilities","Combustion turbine","Megawatt hours","210","units","0","v44174729","4.2.6","","..","","","0"
"2019-02","Nova Scotia","2016A000212","Electricity producers, electric utilities","Total electricity production from combustible fuels","Megawatt hours","210","units","0","v1059484842","4.2.11","783103","","","","0"
"2019-02","Nova Scotia","2016A000212","Electricity producers, electric utilities","Tidal power turbine","Megawatt hours","210","units","0","v44174730","4.2.7","0","","","","0"
"2019-02","Nova Scotia","2016A000212","Electricity producers, electric utilities","Wind power turbine","Megawatt hours","210","units","0","v44174731","4.2.8","93755","","","","0"
"2019-02","Nova Scotia","2016A000212","Electricity producers, electric utilities","Solar","Megawatt hours","210","units","0","v1059484915","4.2.9","0","","","","0"
"2019-02","Nova Scotia","2016A000212","Electricity producers, electric utilities","Other types of electricity generation","Megawatt hours","210","units","0","v1059484815","4.2.10","0","","","","0"
"2019-02","Nova Scotia","2016A000212","Electricity producers, industries","Total all types of electricity generation","Megawatt hours","210","units","0","v44174732","4.3.1","27564","","","","0"
"2019-02","Nova Scotia","2016A000212","Electricity producers, industries","Hydraulic turbine","Megawatt hours","210","units","0","v44174733","4.3.2","","..","","","0"
"2019-02","Nova Scotia","2016A000212","Electricity producers, industries","Conventional steam turbine","Megawatt hours","210","units","0","v44174734","4.3.3","","..","","","0"
"2019-02","Nova Scotia","2016A000212","Electricity producers, industries","Total electricity production from combustible fuels","Megawatt hours","210","units","0","v1059484843","4.3.11","15147","","","","0"
"2019-02","Nova Scotia","2016A000212","Electricity producers, industries","Tidal power turbine","Megawatt hours","210","units","0","v1059484884","4.3.7","0","","","","0"
"2019-02","Nova Scotia","2016A000212","Electricity producers, industries","Wind power turbine","Megawatt hours","210","units","0","v62460553","4.3.8","12417","","","","0"
"2019-02","Nova Scotia","2016A000212","Electricity producers, industries","Solar","Megawatt hours","210","units","0","v1059484916","4.3.9","0","","","","0"
"2019-02","Nova Scotia","2016A000212","Electricity producers, industries","Other types of electricity generation","Megawatt hours","210","units","0","v1059484816","4.3.10","0","","","","0"
"2019-03","Nova Scotia","2016A000212","Total all classes of electricity producer","Total all types of electricity generation","Megawatt hours","210","units","0","v44174720","4.1.1","1005501","","","","0"
"2019-03","Nova Scotia","2016A000212","Total all classes of electricity producer","Hydraulic turbine","Megawatt hours","210","units","0","v44174721","4.1.2","87293","","","","0"
"2019-03","Nova Scotia","2016A000212","Total all classes of electricity producer","Conventional steam turbine","Megawatt hours","210","units","0","v44174722","4.1.3","","..","","","0"
"2019-03","Nova Scotia","2016A000212","Total all classes of electricity producer","Combustion turbine","Megawatt hours","210","units","0","v44174723","4.1.6","","..","","","0"
"2019-03","Nova Scotia","2016A000212","Total all classes of electricity producer","Total electricity production from combustible fuels","Megawatt hours","210","units","0","v1059484841","4.1.11","801075","","","","0"
"2019-03","Nova Scotia","2016A000212","Total all classes of electricity producer","Tidal power turbine","Megawatt hours","210","units","0","v44174724","4.1.7","37","","","","0"
"2019-03","Nova Scotia","2016A000212","Total all classes of electricity producer","Wind power turbine","Megawatt hours","210","units","0","v44174725","4.1.8","117096","","","","0"
"2019-03","Nova Scotia","2016A000212","Total all classes of electricity producer","Solar","Megawatt hours","210","units","0","v1059484914","4.1.9","0","","","","0"
"2019-03","Nova Scotia","2016A000212","Total all classes of electricity producer","Other types of electricity generation","Megawatt hours","210","units","0","v1059484814","4.1.10","0","","","","0"
"2019-03","Nova Scotia","2016A000212","Electricity producers, electric utilities","Total all types of electricity generation","Megawatt hours","210","units","0","v44174726","4.2.1","974480","","","","0"
"2019-03","Nova Scotia","2016A000212","Electricity producers, electric utilities","Hydraulic turbine","Megawatt hours","210","units","0","v44174727","4.2.2","87293","","","","0"
"2019-03","Nova Scotia","2016A000212","Electricity producers, electric utilities","Conventional steam turbine","Megawatt hours","210","units","0","v44174728","4.2.3","","..","","","0"
"2019-03","Nova Scotia","2016A000212","Electricity producers, electric utilities","Combustion turbine","Megawatt hours","210","units","0","v44174729","4.2.6","","..","","","0"
"2019-03","Nova Scotia","2016A000212","Electricity producers, electric utilities","Total electricity production from combustible fuels","Megawatt hours","210","units","0","v1059484842","4.2.11","783112","","","","0"
"2019-03","Nova Scotia","2016A000212","Electricity producers, electric utilities","Tidal power turbine","Megawatt hours","210","units","0","v44174730","4.2.7","37","","","","0"
"2019-03","Nova Scotia","2016A000212","Electricity producers, electric utilities","Wind power turbine","Megawatt hours","210","units","0","v44174731","4.2.8","104038","","","","0"
"2019-03","Nova Scotia","2016A000212","Electricity producers, electric utilities","Solar","Megawatt hours","210","units","0","v1059484915","4.2.9","0","","","","0"
"2019-03","Nova Scotia","2016A000212","Electricity producers, electric utilities","Other types of electricity generation","Megawatt hours","210","units","0","v1059484815","4.2.10","0","","","","0"
"2019-03","Nova Scotia","2016A000212","Electricity producers, industries","Total all types of electricity generation","Megawatt hours","210","units","0","v44174732","4.3.1","31021","","","","0"
"2019-03","Nova Scotia","2016A000212","Electricity producers, industries","Hydraulic turbine","Megawatt hours","210","units","0","v44174733","4.3.2","","..","","","0"
"2019-03","Nova Scotia","2016A000212","Electricity producers, industries","Conventional steam turbine","Megawatt hours","210","units","0","v44174734","4.3.3","","..","","","0"
"2019-03","Nova Scotia","2016A000212","Electricity producers, industries","Total electricity production from combustible fuels","Megawatt hours","210","units","0","v1059484843","4.3.11","17963","","","","0"
"2019-03","Nova Scotia","2016A000212","Electricity producers, industries","Tidal power turbine","Megawatt hours","210","units","0","v1059484884","4.3.7","0","","","","0"
"2019-03","Nova Scotia","2016A000212","Electricity producers, industries","Wind power turbine","Megawatt hours","210","units","0","v62460553","4.3.8","13058","","","","0"
"2019-03","Nova Scotia","2016A000212","Electricity producers, industries","Solar","Megawatt hours","210","units","0","v1059484916","4.3.9","0","","","","0"
"2019-03","Nova Scotia","2016A000212","Electricity producers, industries","Other types of electricity generation","Megawatt hours","210","units","0","v1059484816","4.3.10","0","","","","0"
"2019-04","Nova Scotia","2016A000212","Total all classes of electricity producer","Total all types of electricity generation","Megawatt hours","210","units","0","v44174720","4.1.1","819775","","","","0"
"2019-04","Nova Scotia","2016A000212","Total all classes of electricity producer","Hydraulic turbine","Megawatt hours","210","units","0","v44174721","4.1.2","128977","","","","0"
"2019-04","Nova Scotia","2016A000212","Total all classes of electricity producer","Conventional steam turbine","Megawatt hours","210","units","0","v44174722","4.1.3","","..","","","0"
"2019-04","Nova Scotia","2016A000212","Total all classes of electricity producer","Combustion turbine","Megawatt hours","210","units","0","v44174723","4.1.6","","..","","","0"
"2019-04","Nova Scotia","2016A000212","Total all classes of electricity producer","Total electricity production from combustible fuels","Megawatt hours","210","units","0","v1059484841","4.1.11","569245","","","","0"
"2019-04","Nova Scotia","2016A000212","Total all classes of electricity producer","Tidal power turbine","Megawatt hours","210","units","0","v44174724","4.1.7","0","","","","0"
"2019-04","Nova Scotia","2016A000212","Total all classes of electricity producer","Wind power turbine","Megawatt hours","210","units","0","v44174725","4.1.8","121553","","","","0"
"2019-04","Nova Scotia","2016A000212","Total all classes of electricity producer","Solar","Megawatt hours","210","units","0","v1059484914","4.1.9","0","","","","0"
"2019-04","Nova Scotia","2016A000212","Total all classes of electricity producer","Other types of electricity generation","Megawatt hours","210","units","0","v1059484814","4.1.10","0","","","","0"
"2019-04","Nova Scotia","2016A000212","Electricity producers, electric utilities","Total all types of electricity generation","Megawatt hours","210","units","0","v44174726","4.2.1","790936","","","","0"
"2019-04","Nova Scotia","2016A000212","Electricity producers, electric utilities","Hydraulic turbine","Megawatt hours","210","units","0","v44174727","4.2.2","128977","","","","0"
"2019-04","Nova Scotia","2016A000212","Electricity producers, electric utilities","Conventional steam turbine","Megawatt hours","210","units","0","v44174728","4.2.3","","..","","","0"
"2019-04","Nova Scotia","2016A000212","Electricity producers, electric utilities","Combustion turbine","Megawatt hours","210","units","0","v44174729","4.2.6","","..","","","0"
"2019-04","Nova Scotia","2016A000212","Electricity producers, electric utilities","Total electricity production from combustible fuels","Megawatt hours","210","units","0","v1059484842","4.2.11","554647","","","","0"
"2019-04","Nova Scotia","2016A000212","Electricity producers, electric utilities","Tidal power turbine","Megawatt hours","210","units","0","v44174730","4.2.7","0","","","","0"
"2019-04","Nova Scotia","2016A000212","Electricity producers, electric utilities","Wind power turbine","Megawatt hours","210","units","0","v44174731","4.2.8","107312","","","","0"
"2019-04","Nova Scotia","2016A000212","Electricity producers, electric utilities","Solar","Megawatt hours","210","units","0","v1059484915","4.2.9","0","","","","0"
"2019-04","Nova Scotia","2016A000212","Electricity producers, electric utilities","Other types of electricity generation","Megawatt hours","210","units","0","v1059484815","4.2.10","0","","","","0"
"2019-04","Nova Scotia","2016A000212","Electricity producers, industries","Total all types of electricity generation","Megawatt hours","210","units","0","v44174732","4.3.1","28839","","","","0"
"2019-04","Nova Scotia","2016A000212","Electricity producers, industries","Hydraulic turbine","Megawatt hours","210","units","0","v44174733","4.3.2","","..","","","0"
"2019-04","Nova Scotia","2016A000212","Electricity producers, industries","Conventional steam turbine","Megawatt hours","210","units","0","v44174734","4.3.3","","..","","","0"
"2019-04","Nova Scotia","2016A000212","Electricity producers, industries","Total electricity production from combustible fuels","Megawatt hours","210","units","0","v1059484843","4.3.11","14598","","","","0"
"2019-04","Nova Scotia","2016A000212","Electricity producers, industries","Tidal power turbine","Megawatt hours","210","units","0","v1059484884","4.3.7","0","","","","0"
"2019-04","Nova Scotia","2016A000212","Electricity producers, industries","Wind power turbine","Megawatt hours","210","units","0","v62460553","4.3.8","14241","","","","0"
"2019-04","Nova Scotia","2016A000212","Electricity producers, industries","Solar","Megawatt hours","210","units","0","v1059484916","4.3.9","0","","","","0"
"2019-04","Nova Scotia","2016A000212","Electricity producers, industries","Other types of electricity generation","Megawatt hours","210","units","0","v1059484816","4.3.10","0","","","","0"
"2019-05","Nova Scotia","2016A000212","Total all classes of electricity producer","Total all types of electricity generation","Megawatt hours","210","units","0","v44174720","4.1.1","716703","","","","0"
"2019-05","Nova Scotia","2016A000212","Total all classes of electricity producer","Hydraulic turbine","Megawatt hours","210","units","0","v44174721","4.1.2","121955","","","","0"
"2019-05","Nova Scotia","2016A000212","Total all classes of electricity producer","Conventional steam turbine","Megawatt hours","210","units","0","v44174722","4.1.3","","..","","","0"
"2019-05","Nova Scotia","2016A000212","Total all classes of electricity producer","Combustion turbine","Megawatt hours","210","units","0","v44174723","4.1.6","","..","","","0"
"2019-05","Nova Scotia","2016A000212","Total all classes of electricity producer","Total electricity production from combustible fuels","Megawatt hours","210","units","0","v1059484841","4.1.11","513588","","","","0"
"2019-05","Nova Scotia","2016A000212","Total all classes of electricity producer","Tidal power turbine","Megawatt hours","210","units","0","v44174724","4.1.7","0","","","","0"
"2019-05","Nova Scotia","2016A000212","Total all classes of electricity producer","Wind power turbine","Megawatt hours","210","units","0","v44174725","4.1.8","81160","","","","0"
"2019-05","Nova Scotia","2016A000212","Total all classes of electricity producer","Solar","Megawatt hours","210","units","0","v1059484914","4.1.9","0","","","","0"
"2019-05","Nova Scotia","2016A000212","Total all classes of electricity producer","Other types of electricity generation","Megawatt hours","210","units","0","v1059484814","4.1.10","0","","","","0"
"2019-05","Nova Scotia","2016A000212","Electricity producers, electric utilities","Total all types of electricity generation","Megawatt hours","210","units","0","v44174726","4.2.1","693226","","","","0"
"2019-05","Nova Scotia","2016A000212","Electricity producers, electric utilities","Hydraulic turbine","Megawatt hours","210","units","0","v44174727","4.2.2","121955","","","","0"
"2019-05","Nova Scotia","2016A000212","Electricity producers, electric utilities","Conventional steam turbine","Megawatt hours","210","units","0","v44174728","4.2.3","","..","","","0"
"2019-05","Nova Scotia","2016A000212","Electricity producers, electric utilities","Combustion turbine","Megawatt hours","210","units","0","v44174729","4.2.6","","..","","","0"
"2019-05","Nova Scotia","2016A000212","Electricity producers, electric utilities","Total electricity production from combustible fuels","Megawatt hours","210","units","0","v1059484842","4.2.11","500656","","","","0"
"2019-05","Nova Scotia","2016A000212","Electricity producers, electric utilities","Tidal power turbine","Megawatt hours","210","units","0","v44174730","4.2.7","0","","","","0"
"2019-05","Nova Scotia","2016A000212","Electricity producers, electric utilities","Wind power turbine","Megawatt hours","210","units","0","v44174731","4.2.8","70615","","","","0"
"2019-05","Nova Scotia","2016A000212","Electricity producers, electric utilities","Solar","Megawatt hours","210","units","0","v1059484915","4.2.9","0","","","","0"
"2019-05","Nova Scotia","2016A000212","Electricity producers, electric utilities","Other types of electricity generation","Megawatt hours","210","units","0","v1059484815","4.2.10","0","","","","0"
"2019-05","Nova Scotia","2016A000212","Electricity producers, industries","Total all types of electricity generation","Megawatt hours","210","units","0","v44174732","4.3.1","23477","","","","0"
"2019-05","Nova Scotia","2016A000212","Electricity producers, industries","Hydraulic turbine","Megawatt hours","210","units","0","v44174733","4.3.2","","..","","","0"
"2019-05","Nova Scotia","2016A000212","Electricity producers, industries","Conventional steam turbine","Megawatt hours","210","units","0","v44174734","4.3.3","","..","","","0"
"2019-05","Nova Scotia","2016A000212","Electricity producers, industries","Total electricity production from combustible fuels","Megawatt hours","210","units","0","v1059484843","4.3.11","12932","","","","0"
"2019-05","Nova Scotia","2016A000212","Electricity producers, industries","Tidal power turbine","Megawatt hours","210","units","0","v1059484884","4.3.7","0","","","","0"
"2019-05","Nova Scotia","2016A000212","Electricity producers, industries","Wind power turbine","Megawatt hours","210","units","0","v62460553","4.3.8","10545","","","","0"
"2019-05","Nova Scotia","2016A000212","Electricity producers, industries","Solar","Megawatt hours","210","units","0","v1059484916","4.3.9","0","","","","0"
"2019-05","Nova Scotia","2016A000212","Electricity producers, industries","Other types of electricity generation","Megawatt hours","210","units","0","v1059484816","4.3.10","0","","","","0"
"2019-06","Nova Scotia","2016A000212","Total all classes of electricity producer","Total all types of electricity generation","Megawatt hours","210","units","0","v44174720","4.1.1","614041","","","","0"
"2019-06","Nova Scotia","2016A000212","Total all classes of electricity producer","Hydraulic turbine","Megawatt hours","210","units","0","v44174721","4.1.2","99949","","","","0"
"2019-06","Nova Scotia","2016A000212","Total all classes of electricity producer","Conventional steam turbine","Megawatt hours","210","units","0","v44174722","4.1.3","","..","","","0"
"2019-06","Nova Scotia","2016A000212","Total all classes of electricity producer","Combustion turbine","Megawatt hours","210","units","0","v44174723","4.1.6","","..","","","0"
"2019-06","Nova Scotia","2016A000212","Total all classes of electricity producer","Total electricity production from combustible fuels","Megawatt hours","210","units","0","v1059484841","4.1.11","438773","","","","0"
"2019-06","Nova Scotia","2016A000212","Total all classes of electricity producer","Tidal power turbine","Megawatt hours","210","units","0","v44174724","4.1.7","0","","","","0"
"2019-06","Nova Scotia","2016A000212","Total all classes of electricity producer","Wind power turbine","Megawatt hours","210","units","0","v44174725","4.1.8","75319","","","","0"
"2019-06","Nova Scotia","2016A000212","Total all classes of electricity producer","Solar","Megawatt hours","210","units","0","v1059484914","4.1.9","0","","","","0"
"2019-06","Nova Scotia","2016A000212","Total all classes of electricity producer","Other types of electricity generation","Megawatt hours","210","units","0","v1059484814","4.1.10","0","","","","0"
"2019-06","Nova Scotia","2016A000212","Electricity producers, electric utilities","Total all types of electricity generation","Megawatt hours","210","units","0","v44174726","4.2.1","594665","","","","0"
"2019-06","Nova Scotia","2016A000212","Electricity producers, electric utilities","Hydraulic turbine","Megawatt hours","210","units","0","v44174727","4.2.2","99949","","","","0"
"2019-06","Nova Scotia","2016A000212","Electricity producers, electric utilities","Conventional steam turbine","Megawatt hours","210","units","0","v44174728","4.2.3","","..","","","0"
"2019-06","Nova Scotia","2016A000212","Electricity producers, electric utilities","Combustion turbine","Megawatt hours","210","units","0","v44174729","4.2.6","","..","","","0"
"2019-06","Nova Scotia","2016A000212","Electricity producers, electric utilities","Total electricity production from combustible fuels","Megawatt hours","210","units","0","v1059484842","4.2.11","429099","","","","0"
"2019-06","Nova Scotia","2016A000212","Electricity producers, electric utilities","Tidal power turbine","Megawatt hours","210","units","0","v44174730","4.2.7","0","","","","0"
"2019-06","Nova Scotia","2016A000212","Electricity producers, electric utilities","Wind power turbine","Megawatt hours","210","units","0","v44174731","4.2.8","65617","","","","0"
"2019-06","Nova Scotia","2016A000212","Electricity producers, electric utilities","Solar","Megawatt hours","210","units","0","v1059484915","4.2.9","0","","","","0"
"2019-06","Nova Scotia","2016A000212","Electricity producers, electric utilities","Other types of electricity generation","Megawatt hours","210","units","0","v1059484815","4.2.10","0","","","","0"
"2019-06","Nova Scotia","2016A000212","Electricity producers, industries","Total all types of electricity generation","Megawatt hours","210","units","0","v44174732","4.3.1","19376","","","","0"
"2019-06","Nova Scotia","2016A000212","Electricity producers, industries","Hydraulic turbine","Megawatt hours","210","units","0","v44174733","4.3.2","","..","","","0"
"2019-06","Nova Scotia","2016A000212","Electricity producers, industries","Conventional steam turbine","Megawatt hours","210","units","0","v44174734","4.3.3","","..","","","0"
"2019-06","Nova Scotia","2016A000212","Electricity producers, industries","Total electricity production from combustible fuels","Megawatt hours","210","units","0","v1059484843","4.3.11","9674","","","","0"
"2019-06","Nova Scotia","2016A000212","Electricity producers, industries","Tidal power turbine","Megawatt hours","210","units","0","v1059484884","4.3.7","0","","","","0"
"2019-06","Nova Scotia","2016A000212","Electricity producers, industries","Wind power turbine","Megawatt hours","210","units","0","v62460553","4.3.8","9702","","","","0"
"2019-06","Nova Scotia","2016A000212","Electricity producers, industries","Solar","Megawatt hours","210","units","0","v1059484916","4.3.9","0","","","","0"
"2019-06","Nova Scotia","2016A000212","Electricity producers, industries","Other types of electricity generation","Megawatt hours","210","units","0","v1059484816","4.3.10","0","","","","0"
"2019-07","Nova Scotia","2016A000212","Total all classes of electricity producer","Total all types of electricity generation","Megawatt hours","210","units","0","v44174720","4.1.1","701966","","","","0"
"2019-07","Nova Scotia","2016A000212","Total all classes of electricity producer","Hydraulic turbine","Megawatt hours","210","units","0","v44174721","4.1.2","87261","","","","0"
"2019-07","Nova Scotia","2016A000212","Total all classes of electricity producer","Conventional steam turbine","Megawatt hours","210","units","0","v44174722","4.1.3","","..","","","0"
"2019-07","Nova Scotia","2016A000212","Total all classes of electricity producer","Combustion turbine","Megawatt hours","210","units","0","v44174723","4.1.6","","..","","","0"
"2019-07","Nova Scotia","2016A000212","Total all classes of electricity producer","Total electricity production from combustible fuels","Megawatt hours","210","units","0","v1059484841","4.1.11","553174","","","","0"
"2019-07","Nova Scotia","2016A000212","Total all classes of electricity producer","Tidal power turbine","Megawatt hours","210","units","0","v44174724","4.1.7","0","","","","0"
"2019-07","Nova Scotia","2016A000212","Total all classes of electricity producer","Wind power turbine","Megawatt hours","210","units","0","v44174725","4.1.8","61531","","","","0"
"2019-07","Nova Scotia","2016A000212","Total all classes of electricity producer","Solar","Megawatt hours","210","units","0","v1059484914","4.1.9","0","","","","0"
"2019-07","Nova Scotia","2016A000212","Total all classes of electricity producer","Other types of electricity generation","Megawatt hours","210","units","0","v1059484814","4.1.10","0","","","","0"
"2019-07","Nova Scotia","2016A000212","Electricity producers, electric utilities","Total all types of electricity generation","Megawatt hours","210","units","0","v44174726","4.2.1","677935","","","","0"
"2019-07","Nova Scotia","2016A000212","Electricity producers, electric utilities","Hydraulic turbine","Megawatt hours","210","units","0","v44174727","4.2.2","87261","","","","0"
"2019-07","Nova Scotia","2016A000212","Electricity producers, electric utilities","Conventional steam turbine","Megawatt hours","210","units","0","v44174728","4.2.3","","..","","","0"
"2019-07","Nova Scotia","2016A000212","Electricity producers, electric utilities","Combustion turbine","Megawatt hours","210","units","0","v44174729","4.2.6","","..","","","0"
"2019-07","Nova Scotia","2016A000212","Electricity producers, electric utilities","Total electricity production from combustible fuels","Megawatt hours","210","units","0","v1059484842","4.2.11","536936","","","","0"
"2019-07","Nova Scotia","2016A000212","Electricity producers, electric utilities","Tidal power turbine","Megawatt hours","210","units","0","v44174730","4.2.7","0","","","","0"
"2019-07","Nova Scotia","2016A000212","Electricity producers, electric utilities","Wind power turbine","Megawatt hours","210","units","0","v44174731","4.2.8","53738","","","","0"
"2019-07","Nova Scotia","2016A000212","Electricity producers, electric utilities","Solar","Megawatt hours","210","units","0","v1059484915","4.2.9","0","","","","0"
"2019-07","Nova Scotia","2016A000212","Electricity producers, electric utilities","Other types of electricity generation","Megawatt hours","210","units","0","v1059484815","4.2.10","0","","","","0"
"2019-07","Nova Scotia","2016A000212","Electricity producers, industries","Total all types of electricity generation","Megawatt hours","210","units","0","v44174732","4.3.1","24031","","","","0"
"2019-07","Nova Scotia","2016A000212","Electricity producers, industries","Hydraulic turbine","Megawatt hours","210","units","0","v44174733","4.3.2","","..","","","0"
"2019-07","Nova Scotia","2016A000212","Electricity producers, industries","Conventional steam turbine","Megawatt hours","210","units","0","v44174734","4.3.3","","..","","","0"
"2019-07","Nova Scotia","2016A000212","Electricity producers, industries","Total electricity production from combustible fuels","Megawatt hours","210","units","0","v1059484843","4.3.11","16238","","","","0"
"2019-07","Nova Scotia","2016A000212","Electricity producers, industries","Tidal power turbine","Megawatt hours","210","units","0","v1059484884","4.3.7","0","","","","0"
"2019-07","Nova Scotia","2016A000212","Electricity producers, industries","Wind power turbine","Megawatt hours","210","units","0","v62460553","4.3.8","7793","","","","0"
"2019-07","Nova Scotia","2016A000212","Electricity producers, industries","Solar","Megawatt hours","210","units","0","v1059484916","4.3.9","0","","","","0"
"2019-07","Nova Scotia","2016A000212","Electricity producers, industries","Other types of electricity generation","Megawatt hours","210","units","0","v1059484816","4.3.10","0","","","","0"
"2019-08","Nova Scotia","2016A000212","Total all classes of electricity producer","Total all types of electricity generation","Megawatt hours","210","units","0","v44174720","4.1.1","705033","","","","0"
"2019-08","Nova Scotia","2016A000212","Total all classes of electricity producer","Hydraulic turbine","Megawatt hours","210","units","0","v44174721","4.1.2","30462","","","","0"
"2019-08","Nova Scotia","2016A000212","Total all classes of electricity producer","Conventional steam turbine","Megawatt hours","210","units","0","v44174722","4.1.3","","..","","","0"
"2019-08","Nova Scotia","2016A000212","Total all classes of electricity producer","Combustion turbine","Megawatt hours","210","units","0","v44174723","4.1.6","","..","","","0"
"2019-08","Nova Scotia","2016A000212","Total all classes of electricity producer","Total electricity production from combustible fuels","Megawatt hours","210","units","0","v1059484841","4.1.11","611571","","","","0"
"2019-08","Nova Scotia","2016A000212","Total all classes of electricity producer","Tidal power turbine","Megawatt hours","210","units","0","v44174724","4.1.7","0","","","","0"
"2019-08","Nova Scotia","2016A000212","Total all classes of electricity producer","Wind power turbine","Megawatt hours","210","units","0","v44174725","4.1.8","63000","","","","0"
"2019-08","Nova Scotia","2016A000212","Total all classes of electricity producer","Solar","Megawatt hours","210","units","0","v1059484914","4.1.9","0","","","","0"
"2019-08","Nova Scotia","2016A000212","Total all classes of electricity producer","Other types of electricity generation","Megawatt hours","210","units","0","v1059484814","4.1.10","0","","","","0"
"2019-08","Nova Scotia","2016A000212","Electricity producers, electric utilities","Total all types of electricity generation","Megawatt hours","210","units","0","v44174726","4.2.1","683429","","","","0"
"2019-08","Nova Scotia","2016A000212","Electricity producers, electric utilities","Hydraulic turbine","Megawatt hours","210","units","0","v44174727","4.2.2","30462","","","","0"
"2019-08","Nova Scotia","2016A000212","Electricity producers, electric utilities","Conventional steam turbine","Megawatt hours","210","units","0","v44174728","4.2.3","","..","","","0"
"2019-08","Nova Scotia","2016A000212","Electricity producers, electric utilities","Combustion turbine","Megawatt hours","210","units","0","v44174729","4.2.6","","..","","","0"
"2019-08","Nova Scotia","2016A000212","Electricity producers, electric utilities","Total electricity production from combustible fuels","Megawatt hours","210","units","0","v1059484842","4.2.11","595031","","","","0"
"2019-08","Nova Scotia","2016A000212","Electricity producers, electric utilities","Tidal power turbine","Megawatt hours","210","units","0","v44174730","4.2.7","0","","","","0"
"2019-08","Nova Scotia","2016A000212","Electricity producers, electric utilities","Wind power turbine","Megawatt hours","210","units","0","v44174731","4.2.8","57936","","","","0"
"2019-08","Nova Scotia","2016A000212","Electricity producers, electric utilities","Solar","Megawatt hours","210","units","0","v1059484915","4.2.9","0","","","","0"
"2019-08","Nova Scotia","2016A000212","Electricity producers, electric utilities","Other types of electricity generation","Megawatt hours","210","units","0","v1059484815","4.2.10","0","","","","0"
"2019-08","Nova Scotia","2016A000212","Electricity producers, industries","Total all types of electricity generation","Megawatt hours","210","units","0","v44174732","4.3.1","21604","","","","0"
"2019-08","Nova Scotia","2016A000212","Electricity producers, industries","Hydraulic turbine","Megawatt hours","210","units","0","v44174733","4.3.2","","..","","","0"
"2019-08","Nova Scotia","2016A000212","Electricity producers, industries","Conventional steam turbine","Megawatt hours","210","units","0","v44174734","4.3.3","","..","","","0"
"2019-08","Nova Scotia","2016A000212","Electricity producers, industries","Total electricity production from combustible fuels","Megawatt hours","210","units","0","v1059484843","4.3.11","16540","","","","0"
"2019-08","Nova Scotia","2016A000212","Electricity producers, industries","Tidal power turbine","Megawatt hours","210","units","0","v1059484884","4.3.7","0","","","","0"
"2019-08","Nova Scotia","2016A000212","Electricity producers, industries","Wind power turbine","Megawatt hours","210","units","0","v62460553","4.3.8","5064","","","","0"
"2019-08","Nova Scotia","2016A000212","Electricity producers, industries","Solar","Megawatt hours","210","units","0","v1059484916","4.3.9","0","","","","0"
"2019-08","Nova Scotia","2016A000212","Electricity producers, industries","Other types of electricity generation","Megawatt hours","210","units","0","v1059484816","4.3.10","0","","","","0"
"2019-09","Nova Scotia","2016A000212","Total all classes of electricity producer","Total all types of electricity generation","Megawatt hours","210","units","0","v44174720","4.1.1","591561","","","","0"
"2019-09","Nova Scotia","2016A000212","Total all classes of electricity producer","Hydraulic turbine","Megawatt hours","210","units","0","v44174721","4.1.2","39973","","","","0"
"2019-09","Nova Scotia","2016A000212","Total all classes of electricity producer","Conventional steam turbine","Megawatt hours","210","units","0","v44174722","4.1.3","","..","","","0"
"2019-09","Nova Scotia","2016A000212","Total all classes of electricity producer","Combustion turbine","Megawatt hours","210","units","0","v44174723","4.1.6","","..","","","0"
"2019-09","Nova Scotia","2016A000212","Total all classes of electricity producer","Total electricity production from combustible fuels","Megawatt hours","210","units","0","v1059484841","4.1.11","477968","","","","0"
"2019-09","Nova Scotia","2016A000212","Total all classes of electricity producer","Tidal power turbine","Megawatt hours","210","units","0","v44174724","4.1.7","0","","","","0"
"2019-09","Nova Scotia","2016A000212","Total all classes of electricity producer","Wind power turbine","Megawatt hours","210","units","0","v44174725","4.1.8","73620","","","","0"
"2019-09","Nova Scotia","2016A000212","Total all classes of electricity producer","Solar","Megawatt hours","210","units","0","v1059484914","4.1.9","0","","","","0"
"2019-09","Nova Scotia","2016A000212","Total all classes of electricity producer","Other types of electricity generation","Megawatt hours","210","units","0","v1059484814","4.1.10","0","","","","0"
"2019-09","Nova Scotia","2016A000212","Electricity producers, electric utilities","Total all types of electricity generation","Megawatt hours","210","units","0","v44174726","4.2.1","568860","","","","0"
"2019-09","Nova Scotia","2016A000212","Electricity producers, electric utilities","Hydraulic turbine","Megawatt hours","210","units","0","v44174727","4.2.2","39973","","","","0"
"2019-09","Nova Scotia","2016A000212","Electricity producers, electric utilities","Conventional steam turbine","Megawatt hours","210","units","0","v44174728","4.2.3","","..","","","0"
"2019-09","Nova Scotia","2016A000212","Electricity producers, electric utilities","Combustion turbine","Megawatt hours","210","units","0","v44174729","4.2.6","","..","","","0"
"2019-09","Nova Scotia","2016A000212","Electricity producers, electric utilities","Total electricity production from combustible fuels","Megawatt hours","210","units","0","v1059484842","4.2.11","460611","","","","0"
"2019-09","Nova Scotia","2016A000212","Electricity producers, electric utilities","Tidal power turbine","Megawatt hours","210","units","0","v44174730","4.2.7","0","","","","0"
"2019-09","Nova Scotia","2016A000212","Electricity producers, electric utilities","Wind power turbine","Megawatt hours","210","units","0","v44174731","4.2.8","68276","","","","0"
"2019-09","Nova Scotia","2016A000212","Electricity producers, electric utilities","Solar","Megawatt hours","210","units","0","v1059484915","4.2.9","0","","","","0"
"2019-09","Nova Scotia","2016A000212","Electricity producers, electric utilities","Other types of electricity generation","Megawatt hours","210","units","0","v1059484815","4.2.10","0","","","","0"
"2019-09","Nova Scotia","2016A000212","Electricity producers, industries","Total all types of electricity generation","Megawatt hours","210","units","0","v44174732","4.3.1","22701","","","","0"
"2019-09","Nova Scotia","2016A000212","Electricity producers, industries","Hydraulic turbine","Megawatt hours","210","units","0","v44174733","4.3.2","","..","","","0"
"2019-09","Nova Scotia","2016A000212","Electricity producers, industries","Conventional steam turbine","Megawatt hours","210","units","0","v44174734","4.3.3","","..","","","0"
"2019-09","Nova Scotia","2016A000212","Electricity producers, industries","Total electricity production from combustible fuels","Megawatt hours","210","units","0","v1059484843","4.3.11","17357","","","","0"
"2019-09","Nova Scotia","2016A000212","Electricity producers, industries","Tidal power turbine","Megawatt hours","210","units","0","v1059484884","4.3.7","0","","","","0"
"2019-09","Nova Scotia","2016A000212","Electricity producers, industries","Wind power turbine","Megawatt hours","210","units","0","v62460553","4.3.8","5344","","","","0"
"2019-09","Nova Scotia","2016A000212","Electricity producers, industries","Solar","Megawatt hours","210","units","0","v1059484916","4.3.9","0","","","","0"
"2019-09","Nova Scotia","2016A000212","Electricity producers, industries","Other types of electricity generation","Megawatt hours","210","units","0","v1059484816","4.3.10","0","","","","0"
"2019-10","Nova Scotia","2016A000212","Total all classes of electricity producer","Total all types of electricity generation","Megawatt hours","210","units","0","v44174720","4.1.1","687153","","","","0"
"2019-10","Nova Scotia","2016A000212","Total all classes of electricity producer","Hydraulic turbine","Megawatt hours","210","units","0","v44174721","4.1.2","38781","","","","0"
"2019-10","Nova Scotia","2016A000212","Total all classes of electricity producer","Conventional steam turbine","Megawatt hours","210","units","0","v44174722","4.1.3","","..","","","0"
"2019-10","Nova Scotia","2016A000212","Total all classes of electricity producer","Combustion turbine","Megawatt hours","210","units","0","v44174723","4.1.6","","..","","","0"
"2019-10","Nova Scotia","2016A000212","Total all classes of electricity producer","Total electricity production from combustible fuels","Megawatt hours","210","units","0","v1059484841","4.1.11","559825","","","","0"
"2019-10","Nova Scotia","2016A000212","Total all classes of electricity producer","Tidal power turbine","Megawatt hours","210","units","0","v44174724","4.1.7","0","","","","0"
"2019-10","Nova Scotia","2016A000212","Total all classes of electricity producer","Wind power turbine","Megawatt hours","210","units","0","v44174725","4.1.8","88547","","","","0"
"2019-10","Nova Scotia","2016A000212","Total all classes of electricity producer","Solar","Megawatt hours","210","units","0","v1059484914","4.1.9","0","","","","0"
"2019-10","Nova Scotia","2016A000212","Total all classes of electricity producer","Other types of electricity generation","Megawatt hours","210","units","0","v1059484814","4.1.10","0","","","","0"
"2019-10","Nova Scotia","2016A000212","Electricity producers, electric utilities","Total all types of electricity generation","Megawatt hours","210","units","0","v44174726","4.2.1","663741","","","","0"
"2019-10","Nova Scotia","2016A000212","Electricity producers, electric utilities","Hydraulic turbine","Megawatt hours","210","units","0","v44174727","4.2.2","38781","","","","0"
"2019-10","Nova Scotia","2016A000212","Electricity producers, electric utilities","Conventional steam turbine","Megawatt hours","210","units","0","v44174728","4.2.3","","..","","","0"
"2019-10","Nova Scotia","2016A000212","Electricity producers, electric utilities","Combustion turbine","Megawatt hours","210","units","0","v44174729","4.2.6","","..","","","0"
"2019-10","Nova Scotia","2016A000212","Electricity producers, electric utilities","Total electricity production from combustible fuels","Megawatt hours","210","units","0","v1059484842","4.2.11","544054","","","","0"
"2019-10","Nova Scotia","2016A000212","Electricity producers, electric utilities","Tidal power turbine","Megawatt hours","210","units","0","v44174730","4.2.7","0","","","","0"
"2019-10","Nova Scotia","2016A000212","Electricity producers, electric utilities","Wind power turbine","Megawatt hours","210","units","0","v44174731","4.2.8","80906","","","","0"
"2019-10","Nova Scotia","2016A000212","Electricity producers, electric utilities","Solar","Megawatt hours","210","units","0","v1059484915","4.2.9","0","","","","0"
"2019-10","Nova Scotia","2016A000212","Electricity producers, electric utilities","Other types of electricity generation","Megawatt hours","210","units","0","v1059484815","4.2.10","0","","","","0"
"2019-10","Nova Scotia","2016A000212","Electricity producers, industries","Total all types of electricity generation","Megawatt hours","210","units","0","v44174732","4.3.1","23412","","","","0"
"2019-10","Nova Scotia","2016A000212","Electricity producers, industries","Hydraulic turbine","Megawatt hours","210","units","0","v44174733","4.3.2","","..","","","0"
"2019-10","Nova Scotia","2016A000212","Electricity producers, industries","Conventional steam turbine","Megawatt hours","210","units","0","v44174734","4.3.3","","..","","","0"
"2019-10","Nova Scotia","2016A000212","Electricity producers, industries","Total electricity production from combustible fuels","Megawatt hours","210","units","0","v1059484843","4.3.11","15771","","","","0"
"2019-10","Nova Scotia","2016A000212","Electricity producers, industries","Tidal power turbine","Megawatt hours","210","units","0","v1059484884","4.3.7","0","","","","0"
"2019-10","Nova Scotia","2016A000212","Electricity producers, industries","Wind power turbine","Megawatt hours","210","units","0","v62460553","4.3.8","7641","","","","0"
"2019-10","Nova Scotia","2016A000212","Electricity producers, industries","Solar","Megawatt hours","210","units","0","v1059484916","4.3.9","0","","","","0"
"2019-10","Nova Scotia","2016A000212","Electricity producers, industries","Other types of electricity generation","Megawatt hours","210","units","0","v1059484816","4.3.10","0","","","","0"
"2019-11","Nova Scotia","2016A000212","Total all classes of electricity producer","Total all types of electricity generation","Megawatt hours","210","units","0","v44174720","4.1.1","793917","","","","0"
"2019-11","Nova Scotia","2016A000212","Total all classes of electricity producer","Hydraulic turbine","Megawatt hours","210","units","0","v44174721","4.1.2","60652","","","","0"
"2019-11","Nova Scotia","2016A000212","Total all classes of electricity producer","Conventional steam turbine","Megawatt hours","210","units","0","v44174722","4.1.3","","..","","","0"
"2019-11","Nova Scotia","2016A000212","Total all classes of electricity producer","Combustion turbine","Megawatt hours","210","units","0","v44174723","4.1.6","","..","","","0"
"2019-11","Nova Scotia","2016A000212","Total all classes of electricity producer","Total electricity production from combustible fuels","Megawatt hours","210","units","0","v1059484841","4.1.11","634074","","","","0"
"2019-11","Nova Scotia","2016A000212","Total all classes of electricity producer","Tidal power turbine","Megawatt hours","210","units","0","v44174724","4.1.7","0","","","","0"
"2019-11","Nova Scotia","2016A000212","Total all classes of electricity producer","Wind power turbine","Megawatt hours","210","units","0","v44174725","4.1.8","99191","","","","0"
"2019-11","Nova Scotia","2016A000212","Total all classes of electricity producer","Solar","Megawatt hours","210","units","0","v1059484914","4.1.9","0","","","","0"
"2019-11","Nova Scotia","2016A000212","Total all classes of electricity producer","Other types of electricity generation","Megawatt hours","210","units","0","v1059484814","4.1.10","0","","","","0"
"2019-11","Nova Scotia","2016A000212","Electricity producers, electric utilities","Total all types of electricity generation","Megawatt hours","210","units","0","v44174726","4.2.1","765974","","","","0"
"2019-11","Nova Scotia","2016A000212","Electricity producers, electric utilities","Hydraulic turbine","Megawatt hours","210","units","0","v44174727","4.2.2","60652","","","","0"
"2019-11","Nova Scotia","2016A000212","Electricity producers, electric utilities","Conventional steam turbine","Megawatt hours","210","units","0","v44174728","4.2.3","","..","","","0"
"2019-11","Nova Scotia","2016A000212","Electricity producers, electric utilities","Combustion turbine","Megawatt hours","210","units","0","v44174729","4.2.6","","..","","","0"
"2019-11","Nova Scotia","2016A000212","Electricity producers, electric utilities","Total electricity production from combustible fuels","Megawatt hours","210","units","0","v1059484842","4.2.11","617285","","","","0"
"2019-11","Nova Scotia","2016A000212","Electricity producers, electric utilities","Tidal power turbine","Megawatt hours","210","units","0","v44174730","4.2.7","0","","","","0"
"2019-11","Nova Scotia","2016A000212","Electricity producers, electric utilities","Wind power turbine","Megawatt hours","210","units","0","v44174731","4.2.8","88037","","","","0"
"2019-11","Nova Scotia","2016A000212","Electricity producers, electric utilities","Solar","Megawatt hours","210","units","0","v1059484915","4.2.9","0","","","","0"
"2019-11","Nova Scotia","2016A000212","Electricity producers, electric utilities","Other types of electricity generation","Megawatt hours","210","units","0","v1059484815","4.2.10","0","","","","0"
"2019-11","Nova Scotia","2016A000212","Electricity producers, industries","Total all types of electricity generation","Megawatt hours","210","units","0","v44174732","4.3.1","27943","","","","0"
"2019-11","Nova Scotia","2016A000212","Electricity producers, industries","Hydraulic turbine","Megawatt hours","210","units","0","v44174733","4.3.2","","..","","","0"
"2019-11","Nova Scotia","2016A000212","Electricity producers, industries","Conventional steam turbine","Megawatt hours","210","units","0","v44174734","4.3.3","","..","","","0"
"2019-11","Nova Scotia","2016A000212","Electricity producers, industries","Total electricity production from combustible fuels","Megawatt hours","210","units","0","v1059484843","4.3.11","16789","","","","0"
"2019-11","Nova Scotia","2016A000212","Electricity producers, industries","Tidal power turbine","Megawatt hours","210","units","0","v1059484884","4.3.7","0","","","","0"
"2019-11","Nova Scotia","2016A000212","Electricity producers, industries","Wind power turbine","Megawatt hours","210","units","0","v62460553","4.3.8","11154","","","","0"
"2019-11","Nova Scotia","2016A000212","Electricity producers, industries","Solar","Megawatt hours","210","units","0","v1059484916","4.3.9","0","","","","0"
"2019-11","Nova Scotia","2016A000212","Electricity producers, industries","Other types of electricity generation","Megawatt hours","210","units","0","v1059484816","4.3.10","0","","","","0"
"2019-12","Nova Scotia","2016A000212","Total all classes of electricity producer","Total all types of electricity generation","Megawatt hours","210","units","0","v44174720","4.1.1","1000746","","","","0"
"2019-12","Nova Scotia","2016A000212","Total all classes of electricity producer","Hydraulic turbine","Megawatt hours","210","units","0","v44174721","4.1.2","135697","","","","0"
"2019-12","Nova Scotia","2016A000212","Total all classes of electricity producer","Conventional steam turbine","Megawatt hours","210","units","0","v44174722","4.1.3","","..","","","0"
"2019-12","Nova Scotia","2016A000212","Total all classes of electricity producer","Combustion turbine","Megawatt hours","210","units","0","v44174723","4.1.6","","..","","","0"
"2019-12","Nova Scotia","2016A000212","Total all classes of electricity producer","Total electricity production from combustible fuels","Megawatt hours","210","units","0","v1059484841","4.1.11","760711","","","","0"
"2019-12","Nova Scotia","2016A000212","Total all classes of electricity producer","Tidal power turbine","Megawatt hours","210","units","0","v44174724","4.1.7","0","","","","0"
"2019-12","Nova Scotia","2016A000212","Total all classes of electricity producer","Wind power turbine","Megawatt hours","210","units","0","v44174725","4.1.8","104338","","","","0"
"2019-12","Nova Scotia","2016A000212","Total all classes of electricity producer","Solar","Megawatt hours","210","units","0","v1059484914","4.1.9","0","","","","0"
"2019-12","Nova Scotia","2016A000212","Total all classes of electricity producer","Other types of electricity generation","Megawatt hours","210","units","0","v1059484814","4.1.10","0","","","","0"
"2019-12","Nova Scotia","2016A000212","Electricity producers, electric utilities","Total all types of electricity generation","Megawatt hours","210","units","0","v44174726","4.2.1","971609","","","","0"
"2019-12","Nova Scotia","2016A000212","Electricity producers, electric utilities","Hydraulic turbine","Megawatt hours","210","units","0","v44174727","4.2.2","135697","","","","0"
"2019-12","Nova Scotia","2016A000212","Electricity producers, electric utilities","Conventional steam turbine","Megawatt hours","210","units","0","v44174728","4.2.3","","..","","","0"
"2019-12","Nova Scotia","2016A000212","Electricity producers, electric utilities","Combustion turbine","Megawatt hours","210","units","0","v44174729","4.2.6","","..","","","0"
"2019-12","Nova Scotia","2016A000212","Electricity producers, electric utilities","Total electricity production from combustible fuels","Megawatt hours","210","units","0","v1059484842","4.2.11","744423","","","","0"
"2019-12","Nova Scotia","2016A000212","Electricity producers, electric utilities","Tidal power turbine","Megawatt hours","210","units","0","v44174730","4.2.7","0","","","","0"
"2019-12","Nova Scotia","2016A000212","Electricity producers, electric utilities","Wind power turbine","Megawatt hours","210","units","0","v44174731","4.2.8","91489","","","","0"
"2019-12","Nova Scotia","2016A000212","Electricity producers, electric utilities","Solar","Megawatt hours","210","units","0","v1059484915","4.2.9","0","","","","0"
"2019-12","Nova Scotia","2016A000212","Electricity producers, electric utilities","Other types of electricity generation","Megawatt hours","210","units","0","v1059484815","4.2.10","0","","","","0"
"2019-12","Nova Scotia","2016A000212","Electricity producers, industries","Total all types of electricity generation","Megawatt hours","210","units","0","v44174732","4.3.1","29137","","","","0"
"2019-12","Nova Scotia","2016A000212","Electricity producers, industries","Hydraulic turbine","Megawatt hours","210","units","0","v44174733","4.3.2","","..","","","0"
"2019-12","Nova Scotia","2016A000212","Electricity producers, industries","Conventional steam turbine","Megawatt hours","210","units","0","v44174734","4.3.3","","..","","","0"
"2019-12","Nova Scotia","2016A000212","Electricity producers, industries","Total electricity production from combustible fuels","Megawatt hours","210","units","0","v1059484843","4.3.11","16288","","","","0"
"2019-12","Nova Scotia","2016A000212","Electricity producers, industries","Tidal power turbine","Megawatt hours","210","units","0","v1059484884","4.3.7","0","","","","0"
"2019-12","Nova Scotia","2016A000212","Electricity producers, industries","Wind power turbine","Megawatt hours","210","units","0","v62460553","4.3.8","12849","","","","0"
"2019-12","Nova Scotia","2016A000212","Electricity producers, industries","Solar","Megawatt hours","210","units","0","v1059484916","4.3.9","0","","","","0"
"2019-12","Nova Scotia","2016A000212","Electricity producers, industries","Other types of electricity generation","Megawatt hours","210","units","0","v1059484816","4.3.10","0","","","","0"
"2020-01","Nova Scotia","2016A000212","Total all classes of electricity producer","Total all types of electricity generation","Megawatt hours","210","units","0","v44174720","4.1.1","1068267","","","","0"
"2020-01","Nova Scotia","2016A000212","Total all classes of electricity producer","Hydraulic turbine","Megawatt hours","210","units","0","v44174721","4.1.2","105119","","","","0"
"2020-01","Nova Scotia","2016A000212","Total all classes of electricity producer","Conventional steam turbine","Megawatt hours","210","units","0","v44174722","4.1.3","","..","","","0"
"2020-01","Nova Scotia","2016A000212","Total all classes of electricity producer","Combustion turbine","Megawatt hours","210","units","0","v44174723","4.1.6","","..","","","0"
"2020-01","Nova Scotia","2016A000212","Total all classes of electricity producer","Total electricity production from combustible fuels","Megawatt hours","210","units","0","v1059484841","4.1.11","887783","","","","0"
"2020-01","Nova Scotia","2016A000212","Total all classes of electricity producer","Total electricity production from non-renewable combustible fuels","Megawatt hours","210","units","0","v1146006339","4.1.12","862446","","","","0"
"2020-01","Nova Scotia","2016A000212","Total all classes of electricity producer","Total electricity production from biomass","Megawatt hours","210","units","0","v1146006381","4.1.13","25337","","","","0"
"2020-01","Nova Scotia","2016A000212","Total all classes of electricity producer","Tidal power turbine","Megawatt hours","210","units","0","v44174724","4.1.7","0","","","","0"
"2020-01","Nova Scotia","2016A000212","Total all classes of electricity producer","Wind power turbine","Megawatt hours","210","units","0","v44174725","4.1.8","75365","","","","0"
"2020-01","Nova Scotia","2016A000212","Total all classes of electricity producer","Solar","Megawatt hours","210","units","0","v1059484914","4.1.9","0","","","","0"
"2020-01","Nova Scotia","2016A000212","Total all classes of electricity producer","Other types of electricity generation","Megawatt hours","210","units","0","v1059484814","4.1.10","0","","","","0"
"2020-01","Nova Scotia","2016A000212","Electricity producers, electric utilities","Total all types of electricity generation","Megawatt hours","210","units","0","v44174726","4.2.1","1050559","","","","0"
"2020-01","Nova Scotia","2016A000212","Electricity producers, electric utilities","Hydraulic turbine","Megawatt hours","210","units","0","v44174727","4.2.2","105119","","","","0"
"2020-01","Nova Scotia","2016A000212","Electricity producers, electric utilities","Conventional steam turbine","Megawatt hours","210","units","0","v44174728","4.2.3","","..","","","0"
"2020-01","Nova Scotia","2016A000212","Electricity producers, electric utilities","Combustion turbine","Megawatt hours","210","units","0","v44174729","4.2.6","","..","","","0"
"2020-01","Nova Scotia","2016A000212","Electricity producers, electric utilities","Total electricity production from combustible fuels","Megawatt hours","210","units","0","v1059484842","4.2.11","880300","","","","0"
"2020-01","Nova Scotia","2016A000212","Electricity producers, electric utilities","Total electricity production from non-renewable combustible fuels","Megawatt hours","210","units","0","v1146006340","4.2.12","862446","","","","0"
"2020-01","Nova Scotia","2016A000212","Electricity producers, electric utilities","Total electricity production from biomass","Megawatt hours","210","units","0","v1146006382","4.2.13","17854","","","","0"
"2020-01","Nova Scotia","2016A000212","Electricity producers, electric utilities","Tidal power turbine","Megawatt hours","210","units","0","v44174730","4.2.7","0","","","","0"
"2020-01","Nova Scotia","2016A000212","Electricity producers, electric utilities","Wind power turbine","Megawatt hours","210","units","0","v44174731","4.2.8","65140","","","","0"
"2020-01","Nova Scotia","2016A000212","Electricity producers, electric utilities","Solar","Megawatt hours","210","units","0","v1059484915","4.2.9","0","","","","0"
"2020-01","Nova Scotia","2016A000212","Electricity producers, electric utilities","Other types of electricity generation","Megawatt hours","210","units","0","v1059484815","4.2.10","0","","","","0"
"2020-01","Nova Scotia","2016A000212","Electricity producers, industries","Total all types of electricity generation","Megawatt hours","210","units","0","v44174732","4.3.1","17708","","","","0"
"2020-01","Nova Scotia","2016A000212","Electricity producers, industries","Hydraulic turbine","Megawatt hours","210","units","0","v44174733","4.3.2","","..","","","0"
"2020-01","Nova Scotia","2016A000212","Electricity producers, industries","Conventional steam turbine","Megawatt hours","210","units","0","v44174734","4.3.3","","..","","","0"
"2020-01","Nova Scotia","2016A000212","Electricity producers, industries","Total electricity production from combustible fuels","Megawatt hours","210","units","0","v1059484843","4.3.11","7483","","","","0"
"2020-01","Nova Scotia","2016A000212","Electricity producers, industries","Total electricity production from non-renewable combustible fuels","Megawatt hours","210","units","0","v1146006341","4.3.12","0","","","","0"
"2020-01","Nova Scotia","2016A000212","Electricity producers, industries","Total electricity production from biomass","Megawatt hours","210","units","0","v1146006383","4.3.13","7483","","","","0"
"2020-01","Nova Scotia","2016A000212","Electricity producers, industries","Tidal power turbine","Megawatt hours","210","units","0","v1059484884","4.3.7","0","","","","0"
"2020-01","Nova Scotia","2016A000212","Electricity producers, industries","Wind power turbine","Megawatt hours","210","units","0","v62460553","4.3.8","10225","","","","0"
"2020-01","Nova Scotia","2016A000212","Electricity producers, industries","Solar","Megawatt hours","210","units","0","v1059484916","4.3.9","0","","","","0"
"2020-01","Nova Scotia","2016A000212","Electricity producers, industries","Other types of electricity generation","Megawatt hours","210","units","0","v1059484816","4.3.10","0","","","","0"
"2020-02","Nova Scotia","2016A000212","Total all classes of electricity producer","Total all types of electricity generation","Megawatt hours","210","units","0","v44174720","4.1.1","954798","","","","0"
"2020-02","Nova Scotia","2016A000212","Total all classes of electricity producer","Hydraulic turbine","Megawatt hours","210","units","0","v44174721","4.1.2","89289","","","","0"
"2020-02","Nova Scotia","2016A000212","Total all classes of electricity producer","Conventional steam turbine","Megawatt hours","210","units","0","v44174722","4.1.3","","..","","","0"
"2020-02","Nova Scotia","2016A000212","Total all classes of electricity producer","Combustion turbine","Megawatt hours","210","units","0","v44174723","4.1.6","","..","","","0"
"2020-02","Nova Scotia","2016A000212","Total all classes of electricity producer","Total electricity production from combustible fuels","Megawatt hours","210","units","0","v1059484841","4.1.11","789291","","","","0"
"2020-02","Nova Scotia","2016A000212","Total all classes of electricity producer","Total electricity production from non-renewable combustible fuels","Megawatt hours","210","units","0","v1146006339","4.1.12","774151","","","","0"
"2020-02","Nova Scotia","2016A000212","Total all classes of electricity producer","Total electricity production from biomass","Megawatt hours","210","units","0","v1146006381","4.1.13","15140","","","","0"
"2020-02","Nova Scotia","2016A000212","Total all classes of electricity producer","Tidal power turbine","Megawatt hours","210","units","0","v44174724","4.1.7","0","","","","0"
"2020-02","Nova Scotia","2016A000212","Total all classes of electricity producer","Wind power turbine","Megawatt hours","210","units","0","v44174725","4.1.8","76218","","","","0"
"2020-02","Nova Scotia","2016A000212","Total all classes of electricity producer","Solar","Megawatt hours","210","units","0","v1059484914","4.1.9","0","","","","0"
"2020-02","Nova Scotia","2016A000212","Total all classes of electricity producer","Other types of electricity generation","Megawatt hours","210","units","0","v1059484814","4.1.10","0","","","","0"
"2020-02","Nova Scotia","2016A000212","Electricity producers, electric utilities","Total all types of electricity generation","Megawatt hours","210","units","0","v44174726","4.2.1","945476","","","","0"
"2020-02","Nova Scotia","2016A000212","Electricity producers, electric utilities","Hydraulic turbine","Megawatt hours","210","units","0","v44174727","4.2.2","89289","","","","0"
"2020-02","Nova Scotia","2016A000212","Electricity producers, electric utilities","Conventional steam turbine","Megawatt hours","210","units","0","v44174728","4.2.3","","..","","","0"
"2020-02","Nova Scotia","2016A000212","Electricity producers, electric utilities","Combustion turbine","Megawatt hours","210","units","0","v44174729","4.2.6","","..","","","0"
"2020-02","Nova Scotia","2016A000212","Electricity producers, electric utilities","Total electricity production from combustible fuels","Megawatt hours","210","units","0","v1059484842","4.2.11","785774","","","","0"
"2020-02","Nova Scotia","2016A000212","Electricity producers, electric utilities","Total electricity production from non-renewable combustible fuels","Megawatt hours","210","units","0","v1146006340","4.2.12","774151","","","","0"
"2020-02","Nova Scotia","2016A000212","Electricity producers, electric utilities","Total electricity production from biomass","Megawatt hours","210","units","0","v1146006382","4.2.13","11623","","","","0"
"2020-02","Nova Scotia","2016A000212","Electricity producers, electric utilities","Tidal power turbine","Megawatt hours","210","units","0","v44174730","4.2.7","0","","","","0"
"2020-02","Nova Scotia","2016A000212","Electricity producers, electric utilities","Wind power turbine","Megawatt hours","210","units","0","v44174731","4.2.8","70413","","","","0"
"2020-02","Nova Scotia","2016A000212","Electricity producers, electric utilities","Solar","Megawatt hours","210","units","0","v1059484915","4.2.9","0","","","","0"
"2020-02","Nova Scotia","2016A000212","Electricity producers, electric utilities","Other types of electricity generation","Megawatt hours","210","units","0","v1059484815","4.2.10","0","","","","0"
"2020-02","Nova Scotia","2016A000212","Electricity producers, industries","Total all types of electricity generation","Megawatt hours","210","units","0","v44174732","4.3.1","9322","","","","0"
"2020-02","Nova Scotia","2016A000212","Electricity producers, industries","Hydraulic turbine","Megawatt hours","210","units","0","v44174733","4.3.2","","..","","","0"
"2020-02","Nova Scotia","2016A000212","Electricity producers, industries","Conventional steam turbine","Megawatt hours","210","units","0","v44174734","4.3.3","","..","","","0"
"2020-02","Nova Scotia","2016A000212","Electricity producers, industries","Total electricity production from combustible fuels","Megawatt hours","210","units","0","v1059484843","4.3.11","3517","","","","0"
"2020-02","Nova Scotia","2016A000212","Electricity producers, industries","Total electricity production from non-renewable combustible fuels","Megawatt hours","210","units","0","v1146006341","4.3.12","0","","","","0"
"2020-02","Nova Scotia","2016A000212","Electricity producers, industries","Total electricity production from biomass","Megawatt hours","210","units","0","v1146006383","4.3.13","3517","","","","0"
"2020-02","Nova Scotia","2016A000212","Electricity producers, industries","Tidal power turbine","Megawatt hours","210","units","0","v1059484884","4.3.7","0","","","","0"
"2020-02","Nova Scotia","2016A000212","Electricity producers, industries","Wind power turbine","Megawatt hours","210","units","0","v62460553","4.3.8","5805","","","","0"
"2020-02","Nova Scotia","2016A000212","Electricity producers, industries","Solar","Megawatt hours","210","units","0","v1059484916","4.3.9","0","","","","0"
"2020-02","Nova Scotia","2016A000212","Electricity producers, industries","Other types of electricity generation","Megawatt hours","210","units","0","v1059484816","4.3.10","0","","","","0"
"2020-03","Nova Scotia","2016A000212","Total all classes of electricity producer","Total all types of electricity generation","Megawatt hours","210","units","0","v44174720","4.1.1","918320","","","","0"
"2020-03","Nova Scotia","2016A000212","Total all classes of electricity producer","Hydraulic turbine","Megawatt hours","210","units","0","v44174721","4.1.2","89935","","","","0"
"2020-03","Nova Scotia","2016A000212","Total all classes of electricity producer","Conventional steam turbine","Megawatt hours","210","units","0","v44174722","4.1.3","","..","","","0"
"2020-03","Nova Scotia","2016A000212","Total all classes of electricity producer","Combustion turbine","Megawatt hours","210","units","0","v44174723","4.1.6","","..","","","0"
"2020-03","Nova Scotia","2016A000212","Total all classes of electricity producer","Total electricity production from combustible fuels","Megawatt hours","210","units","0","v1059484841","4.1.11","734338","","","","0"
"2020-03","Nova Scotia","2016A000212","Total all classes of electricity producer","Total electricity production from non-renewable combustible fuels","Megawatt hours","210","units","0","v1146006339","4.1.12","713463","","","","0"
"2020-03","Nova Scotia","2016A000212","Total all classes of electricity producer","Total electricity production from biomass","Megawatt hours","210","units","0","v1146006381","4.1.13","20875","","","","0"
"2020-03","Nova Scotia","2016A000212","Total all classes of electricity producer","Tidal power turbine","Megawatt hours","210","units","0","v44174724","4.1.7","0","","","","0"
"2020-03","Nova Scotia","2016A000212","Total all classes of electricity producer","Wind power turbine","Megawatt hours","210","units","0","v44174725","4.1.8","94047","","","","0"
"2020-03","Nova Scotia","2016A000212","Total all classes of electricity producer","Solar","Megawatt hours","210","units","0","v1059484914","4.1.9","0","","","","0"
"2020-03","Nova Scotia","2016A000212","Total all classes of electricity producer","Other types of electricity generation","Megawatt hours","210","units","0","v1059484814","4.1.10","0","","","","0"
"2020-03","Nova Scotia","2016A000212","Electricity producers, electric utilities","Total all types of electricity generation","Megawatt hours","210","units","0","v44174726","4.2.1","907203","","","","0"
"2020-03","Nova Scotia","2016A000212","Electricity producers, electric utilities","Hydraulic turbine","Megawatt hours","210","units","0","v44174727","4.2.2","89935","","","","0"
"2020-03","Nova Scotia","2016A000212","Electricity producers, electric utilities","Conventional steam turbine","Megawatt hours","210","units","0","v44174728","4.2.3","","..","","","0"
"2020-03","Nova Scotia","2016A000212","Electricity producers, electric utilities","Combustion turbine","Megawatt hours","210","units","0","v44174729","4.2.6","","..","","","0"
"2020-03","Nova Scotia","2016A000212","Electricity producers, electric utilities","Total electricity production from combustible fuels","Megawatt hours","210","units","0","v1059484842","4.2.11","729817","","","","0"
"2020-03","Nova Scotia","2016A000212","Electricity producers, electric utilities","Total electricity production from non-renewable combustible fuels","Megawatt hours","210","units","0","v1146006340","4.2.12","713463","","","","0"
"2020-03","Nova Scotia","2016A000212","Electricity producers, electric utilities","Total electricity production from biomass","Megawatt hours","210","units","0","v1146006382","4.2.13","16354","","","","0"
"2020-03","Nova Scotia","2016A000212","Electricity producers, electric utilities","Tidal power turbine","Megawatt hours","210","units","0","v44174730","4.2.7","0","","","","0"
"2020-03","Nova Scotia","2016A000212","Electricity producers, electric utilities","Wind power turbine","Megawatt hours","210","units","0","v44174731","4.2.8","87451","","","","0"
"2020-03","Nova Scotia","2016A000212","Electricity producers, electric utilities","Solar","Megawatt hours","210","units","0","v1059484915","4.2.9","0","","","","0"
"2020-03","Nova Scotia","2016A000212","Electricity producers, electric utilities","Other types of electricity generation","Megawatt hours","210","units","0","v1059484815","4.2.10","0","","","","0"
"2020-03","Nova Scotia","2016A000212","Electricity producers, industries","Total all types of electricity generation","Megawatt hours","210","units","0","v44174732","4.3.1","11117","","","","0"
"2020-03","Nova Scotia","2016A000212","Electricity producers, industries","Hydraulic turbine","Megawatt hours","210","units","0","v44174733","4.3.2","","..","","","0"
"2020-03","Nova Scotia","2016A000212","Electricity producers, industries","Conventional steam turbine","Megawatt hours","210","units","0","v44174734","4.3.3","","..","","","0"
"2020-03","Nova Scotia","2016A000212","Electricity producers, industries","Total electricity production from combustible fuels","Megawatt hours","210","units","0","v1059484843","4.3.11","4521","","","","0"
"2020-03","Nova Scotia","2016A000212","Electricity producers, industries","Total electricity production from non-renewable combustible fuels","Megawatt hours","210","units","0","v1146006341","4.3.12","0","","","","0"
"2020-03","Nova Scotia","2016A000212","Electricity producers, industries","Total electricity production from biomass","Megawatt hours","210","units","0","v1146006383","4.3.13","4521","","","","0"
"2020-03","Nova Scotia","2016A000212","Electricity producers, industries","Tidal power turbine","Megawatt hours","210","units","0","v1059484884","4.3.7","0","","","","0"
"2020-03","Nova Scotia","2016A000212","Electricity producers, industries","Wind power turbine","Megawatt hours","210","units","0","v62460553","4.3.8","6596","","","","0"
"2020-03","Nova Scotia","2016A000212","Electricity producers, industries","Solar","Megawatt hours","210","units","0","v1059484916","4.3.9","0","","","","0"
"2020-03","Nova Scotia","2016A000212","Electricity producers, industries","Other types of electricity generation","Megawatt hours","210","units","0","v1059484816","4.3.10","0","","","","0"
"2020-04","Nova Scotia","2016A000212","Total all classes of electricity producer","Total all types of electricity generation","Megawatt hours","210","units","0","v44174720","4.1.1","686408","","","","0"
"2020-04","Nova Scotia","2016A000212","Total all classes of electricity producer","Hydraulic turbine","Megawatt hours","210","units","0","v44174721","4.1.2","104893","","","","0"
"2020-04","Nova Scotia","2016A000212","Total all classes of electricity producer","Conventional steam turbine","Megawatt hours","210","units","0","v44174722","4.1.3","","..","","","0"
"2020-04","Nova Scotia","2016A000212","Total all classes of electricity producer","Combustion turbine","Megawatt hours","210","units","0","v44174723","4.1.6","","..","","","0"
"2020-04","Nova Scotia","2016A000212","Total all classes of electricity producer","Total electricity production from combustible fuels","Megawatt hours","210","units","0","v1059484841","4.1.11","495056","","","","0"
"2020-04","Nova Scotia","2016A000212","Total all classes of electricity producer","Total electricity production from non-renewable combustible fuels","Megawatt hours","210","units","0","v1146006339","4.1.12","480276","","","","0"
"2020-04","Nova Scotia","2016A000212","Total all classes of electricity producer","Total electricity production from biomass","Megawatt hours","210","units","0","v1146006381","4.1.13","14780","","","","0"
"2020-04","Nova Scotia","2016A000212","Total all classes of electricity producer","Tidal power turbine","Megawatt hours","210","units","0","v44174724","4.1.7","0","","","","0"
"2020-04","Nova Scotia","2016A000212","Total all classes of electricity producer","Wind power turbine","Megawatt hours","210","units","0","v44174725","4.1.8","86459","","","","0"
"2020-04","Nova Scotia","2016A000212","Total all classes of electricity producer","Solar","Megawatt hours","210","units","0","v1059484914","4.1.9","0","","","","0"
"2020-04","Nova Scotia","2016A000212","Total all classes of electricity producer","Other types of electricity generation","Megawatt hours","210","units","0","v1059484814","4.1.10","0","","","","0"
"2020-04","Nova Scotia","2016A000212","Electricity producers, electric utilities","Total all types of electricity generation","Megawatt hours","210","units","0","v44174726","4.2.1","679330","","","","0"
"2020-04","Nova Scotia","2016A000212","Electricity producers, electric utilities","Hydraulic turbine","Megawatt hours","210","units","0","v44174727","4.2.2","104893","","","","0"
"2020-04","Nova Scotia","2016A000212","Electricity producers, electric utilities","Conventional steam turbine","Megawatt hours","210","units","0","v44174728","4.2.3","","..","","","0"
"2020-04","Nova Scotia","2016A000212","Electricity producers, electric utilities","Combustion turbine","Megawatt hours","210","units","0","v44174729","4.2.6","","..","","","0"
"2020-04","Nova Scotia","2016A000212","Electricity producers, electric utilities","Total electricity production from combustible fuels","Megawatt hours","210","units","0","v1059484842","4.2.11","494579","","","","0"
"2020-04","Nova Scotia","2016A000212","Electricity producers, electric utilities","Total electricity production from non-renewable combustible fuels","Megawatt hours","210","units","0","v1146006340","4.2.12","480276","","","","0"
"2020-04","Nova Scotia","2016A000212","Electricity producers, electric utilities","Total electricity production from biomass","Megawatt hours","210","units","0","v1146006382","4.2.13","14303","","","","0"
"2020-04","Nova Scotia","2016A000212","Electricity producers, electric utilities","Tidal power turbine","Megawatt hours","210","units","0","v44174730","4.2.7","0","","","","0"
"2020-04","Nova Scotia","2016A000212","Electricity producers, electric utilities","Wind power turbine","Megawatt hours","210","units","0","v44174731","4.2.8","79858","","","","0"
"2020-04","Nova Scotia","2016A000212","Electricity producers, electric utilities","Solar","Megawatt hours","210","units","0","v1059484915","4.2.9","0","","","","0"
"2020-04","Nova Scotia","2016A000212","Electricity producers, electric utilities","Other types of electricity generation","Megawatt hours","210","units","0","v1059484815","4.2.10","0","","","","0"
"2020-04","Nova Scotia","2016A000212","Electricity producers, industries","Total all types of electricity generation","Megawatt hours","210","units","0","v44174732","4.3.1","7078","","","","0"
"2020-04","Nova Scotia","2016A000212","Electricity producers, industries","Hydraulic turbine","Megawatt hours","210","units","0","v44174733","4.3.2","","..","","","0"
"2020-04","Nova Scotia","2016A000212","Electricity producers, industries","Conventional steam turbine","Megawatt hours","210","units","0","v44174734","4.3.3","","..","","","0"
"2020-04","Nova Scotia","2016A000212","Electricity producers, industries","Total electricity production from combustible fuels","Megawatt hours","210","units","0","v1059484843","4.3.11","477","","","","0"
"2020-04","Nova Scotia","2016A000212","Electricity producers, industries","Total electricity production from non-renewable combustible fuels","Megawatt hours","210","units","0","v1146006341","4.3.12","0","","","","0"
"2020-04","Nova Scotia","2016A000212","Electricity producers, industries","Total electricity production from biomass","Megawatt hours","210","units","0","v1146006383","4.3.13","477","","","","0"
"2020-04","Nova Scotia","2016A000212","Electricity producers, industries","Tidal power turbine","Megawatt hours","210","units","0","v1059484884","4.3.7","0","","","","0"
"2020-04","Nova Scotia","2016A000212","Electricity producers, industries","Wind power turbine","Megawatt hours","210","units","0","v62460553","4.3.8","6601","","","","0"
"2020-04","Nova Scotia","2016A000212","Electricity producers, industries","Solar","Megawatt hours","210","units","0","v1059484916","4.3.9","0","","","","0"
"2020-04","Nova Scotia","2016A000212","Electricity producers, industries","Other types of electricity generation","Megawatt hours","210","units","0","v1059484816","4.3.10","0","","","","0"
"2020-05","Nova Scotia","2016A000212","Total all classes of electricity producer","Total all types of electricity generation","Megawatt hours","210","units","0","v44174720","4.1.1","618704","","","","0"
"2020-05","Nova Scotia","2016A000212","Total all classes of electricity producer","Hydraulic turbine","Megawatt hours","210","units","0","v44174721","4.1.2","96091","","","","0"
"2020-05","Nova Scotia","2016A000212","Total all classes of electricity producer","Conventional steam turbine","Megawatt hours","210","units","0","v44174722","4.1.3","","..","","","0"
"2020-05","Nova Scotia","2016A000212","Total all classes of electricity producer","Combustion turbine","Megawatt hours","210","units","0","v44174723","4.1.6","","..","","","0"
"2020-05","Nova Scotia","2016A000212","Total all classes of electricity producer","Total electricity production from combustible fuels","Megawatt hours","210","units","0","v1059484841","4.1.11","432053","","","","0"
"2020-05","Nova Scotia","2016A000212","Total all classes of electricity producer","Total electricity production from non-renewable combustible fuels","Megawatt hours","210","units","0","v1146006339","4.1.12","427253","","","","0"
"2020-05","Nova Scotia","2016A000212","Total all classes of electricity producer","Total electricity production from biomass","Megawatt hours","210","units","0","v1146006381","4.1.13","4800","","","","0"
"2020-05","Nova Scotia","2016A000212","Total all classes of electricity producer","Tidal power turbine","Megawatt hours","210","units","0","v44174724","4.1.7","0","","","","0"
"2020-05","Nova Scotia","2016A000212","Total all classes of electricity producer","Wind power turbine","Megawatt hours","210","units","0","v44174725","4.1.8","90560","","","","0"
"2020-05","Nova Scotia","2016A000212","Total all classes of electricity producer","Solar","Megawatt hours","210","units","0","v1059484914","4.1.9","0","","","","0"
"2020-05","Nova Scotia","2016A000212","Total all classes of electricity producer","Other types of electricity generation","Megawatt hours","210","units","0","v1059484814","4.1.10","0","","","","0"
"2020-05","Nova Scotia","2016A000212","Electricity producers, electric utilities","Total all types of electricity generation","Megawatt hours","210","units","0","v44174726","4.2.1","611505","","","","0"
"2020-05","Nova Scotia","2016A000212","Electricity producers, electric utilities","Hydraulic turbine","Megawatt hours","210","units","0","v44174727","4.2.2","96091","","","","0"
"2020-05","Nova Scotia","2016A000212","Electricity producers, electric utilities","Conventional steam turbine","Megawatt hours","210","units","0","v44174728","4.2.3","","..","","","0"
"2020-05","Nova Scotia","2016A000212","Electricity producers, electric utilities","Combustion turbine","Megawatt hours","210","units","0","v44174729","4.2.6","","..","","","0"
"2020-05","Nova Scotia","2016A000212","Electricity producers, electric utilities","Total electricity production from combustible fuels","Megawatt hours","210","units","0","v1059484842","4.2.11","431577","","","","0"
"2020-05","Nova Scotia","2016A000212","Electricity producers, electric utilities","Total electricity production from non-renewable combustible fuels","Megawatt hours","210","units","0","v1146006340","4.2.12","427253","","","","0"
"2020-05","Nova Scotia","2016A000212","Electricity producers, electric utilities","Total electricity production from biomass","Megawatt hours","210","units","0","v1146006382","4.2.13","4324","","","","0"
"2020-05","Nova Scotia","2016A000212","Electricity producers, electric utilities","Tidal power turbine","Megawatt hours","210","units","0","v44174730","4.2.7","0","","","","0"
"2020-05","Nova Scotia","2016A000212","Electricity producers, electric utilities","Wind power turbine","Megawatt hours","210","units","0","v44174731","4.2.8","83837","","","","0"
"2020-05","Nova Scotia","2016A000212","Electricity producers, electric utilities","Solar","Megawatt hours","210","units","0","v1059484915","4.2.9","0","","","","0"
"2020-05","Nova Scotia","2016A000212","Electricity producers, electric utilities","Other types of electricity generation","Megawatt hours","210","units","0","v1059484815","4.2.10","0","","","","0"
"2020-05","Nova Scotia","2016A000212","Electricity producers, industries","Total all types of electricity generation","Megawatt hours","210","units","0","v44174732","4.3.1","7199","","","","0"
"2020-05","Nova Scotia","2016A000212","Electricity producers, industries","Hydraulic turbine","Megawatt hours","210","units","0","v44174733","4.3.2","","..","","","0"
"2020-05","Nova Scotia","2016A000212","Electricity producers, industries","Conventional steam turbine","Megawatt hours","210","units","0","v44174734","4.3.3","","..","","","0"
"2020-05","Nova Scotia","2016A000212","Electricity producers, industries","Total electricity production from combustible fuels","Megawatt hours","210","units","0","v1059484843","4.3.11","476","","","","0"
"2020-05","Nova Scotia","2016A000212","Electricity producers, industries","Total electricity production from non-renewable combustible fuels","Megawatt hours","210","units","0","v1146006341","4.3.12","0","","","","0"
"2020-05","Nova Scotia","2016A000212","Electricity producers, industries","Total electricity production from biomass","Megawatt hours","210","units","0","v1146006383","4.3.13","476","","","","0"
"2020-05","Nova Scotia","2016A000212","Electricity producers, industries","Tidal power turbine","Megawatt hours","210","units","0","v1059484884","4.3.7","0","","","","0"
"2020-05","Nova Scotia","2016A000212","Electricity producers, industries","Wind power turbine","Megawatt hours","210","units","0","v62460553","4.3.8","6723","","","","0"
"2020-05","Nova Scotia","2016A000212","Electricity producers, industries","Solar","Megawatt hours","210","units","0","v1059484916","4.3.9","0","","","","0"
"2020-05","Nova Scotia","2016A000212","Electricity producers, industries","Other types of electricity generation","Megawatt hours","210","units","0","v1059484816","4.3.10","0","","","","0"
"2020-06","Nova Scotia","2016A000212","Total all classes of electricity producer","Total all types of electricity generation","Megawatt hours","210","units","0","v44174720","4.1.1","595432","","","","0"
"2020-06","Nova Scotia","2016A000212","Total all classes of electricity producer","Hydraulic turbine","Megawatt hours","210","units","0","v44174721","4.1.2","50232","","","","0"
"2020-06","Nova Scotia","2016A000212","Total all classes of electricity producer","Conventional steam turbine","Megawatt hours","210","units","0","v44174722","4.1.3","","..","","","0"
"2020-06","Nova Scotia","2016A000212","Total all classes of electricity producer","Combustion turbine","Megawatt hours","210","units","0","v44174723","4.1.6","","..","","","0"
"2020-06","Nova Scotia","2016A000212","Total all classes of electricity producer","Total electricity production from combustible fuels","Megawatt hours","210","units","0","v1059484841","4.1.11","484883","","","","0"
"2020-06","Nova Scotia","2016A000212","Total all classes of electricity producer","Total electricity production from non-renewable combustible fuels","Megawatt hours","210","units","0","v1146006339","4.1.12","458149","","","","0"
"2020-06","Nova Scotia","2016A000212","Total all classes of electricity producer","Total electricity production from biomass","Megawatt hours","210","units","0","v1146006381","4.1.13","26734","","","","0"
"2020-06","Nova Scotia","2016A000212","Total all classes of electricity producer","Tidal power turbine","Megawatt hours","210","units","0","v44174724","4.1.7","0","","","","0"
"2020-06","Nova Scotia","2016A000212","Total all classes of electricity producer","Wind power turbine","Megawatt hours","210","units","0","v44174725","4.1.8","60317","","","","0"
"2020-06","Nova Scotia","2016A000212","Total all classes of electricity producer","Solar","Megawatt hours","210","units","0","v1059484914","4.1.9","0","","","","0"
"2020-06","Nova Scotia","2016A000212","Total all classes of electricity producer","Other types of electricity generation","Megawatt hours","210","units","0","v1059484814","4.1.10","0","","","","0"
"2020-06","Nova Scotia","2016A000212","Electricity producers, electric utilities","Total all types of electricity generation","Megawatt hours","210","units","0","v44174726","4.2.1","590214","","","","0"
"2020-06","Nova Scotia","2016A000212","Electricity producers, electric utilities","Hydraulic turbine","Megawatt hours","210","units","0","v44174727","4.2.2","50232","","","","0"
"2020-06","Nova Scotia","2016A000212","Electricity producers, electric utilities","Conventional steam turbine","Megawatt hours","210","units","0","v44174728","4.2.3","","..","","","0"
"2020-06","Nova Scotia","2016A000212","Electricity producers, electric utilities","Combustion turbine","Megawatt hours","210","units","0","v44174729","4.2.6","","..","","","0"
"2020-06","Nova Scotia","2016A000212","Electricity producers, electric utilities","Total electricity production from combustible fuels","Megawatt hours","210","units","0","v1059484842","4.2.11","484583","","","","0"
"2020-06","Nova Scotia","2016A000212","Electricity producers, electric utilities","Total electricity production from non-renewable combustible fuels","Megawatt hours","210","units","0","v1146006340","4.2.12","458149","","","","0"
"2020-06","Nova Scotia","2016A000212","Electricity producers, electric utilities","Total electricity production from biomass","Megawatt hours","210","units","0","v1146006382","4.2.13","26434","","","","0"
"2020-06","Nova Scotia","2016A000212","Electricity producers, electric utilities","Tidal power turbine","Megawatt hours","210","units","0","v44174730","4.2.7","0","","","","0"
"2020-06","Nova Scotia","2016A000212","Electricity producers, electric utilities","Wind power turbine","Megawatt hours","210","units","0","v44174731","4.2.8","55399","","","","0"
"2020-06","Nova Scotia","2016A000212","Electricity producers, electric utilities","Solar","Megawatt hours","210","units","0","v1059484915","4.2.9","0","","","","0"
"2020-06","Nova Scotia","2016A000212","Electricity producers, electric utilities","Other types of electricity generation","Megawatt hours","210","units","0","v1059484815","4.2.10","0","","","","0"
"2020-06","Nova Scotia","2016A000212","Electricity producers, industries","Total all types of electricity generation","Megawatt hours","210","units","0","v44174732","4.3.1","5218","","","","0"
"2020-06","Nova Scotia","2016A000212","Electricity producers, industries","Hydraulic turbine","Megawatt hours","210","units","0","v44174733","4.3.2","","..","","","0"
"2020-06","Nova Scotia","2016A000212","Electricity producers, industries","Conventional steam turbine","Megawatt hours","210","units","0","v44174734","4.3.3","","..","","","0"
"2020-06","Nova Scotia","2016A000212","Electricity producers, industries","Total electricity production from combustible fuels","Megawatt hours","210","units","0","v1059484843","4.3.11","300","","","","0"
"2020-06","Nova Scotia","2016A000212","Electricity producers, industries","Total electricity production from non-renewable combustible fuels","Megawatt hours","210","units","0","v1146006341","4.3.12","0","","","","0"
"2020-06","Nova Scotia","2016A000212","Electricity producers, industries","Total electricity production from biomass","Megawatt hours","210","units","0","v1146006383","4.3.13","300","","","","0"
"2020-06","Nova Scotia","2016A000212","Electricity producers, industries","Tidal power turbine","Megawatt hours","210","units","0","v1059484884","4.3.7","0","","","","0"
"2020-06","Nova Scotia","2016A000212","Electricity producers, industries","Wind power turbine","Megawatt hours","210","units","0","v62460553","4.3.8","4918","","","","0"
"2020-06","Nova Scotia","2016A000212","Electricity producers, industries","Solar","Megawatt hours","210","units","0","v1059484916","4.3.9","0","","","","0"
"2020-06","Nova Scotia","2016A000212","Electricity producers, industries","Other types of electricity generation","Megawatt hours","210","units","0","v1059484816","4.3.10","0","","","","0"
"2020-07","Nova Scotia","2016A000212","Total all classes of electricity producer","Total all types of electricity generation","Megawatt hours","210","units","0","v44174720","4.1.1","697538","","","","0"
"2020-07","Nova Scotia","2016A000212","Total all classes of electricity producer","Hydraulic turbine","Megawatt hours","210","units","0","v44174721","4.1.2","39126","","","","0"
"2020-07","Nova Scotia","2016A000212","Total all classes of electricity producer","Conventional steam turbine","Megawatt hours","210","units","0","v44174722","4.1.3","","..","","","0"
"2020-07","Nova Scotia","2016A000212","Total all classes of electricity producer","Combustion turbine","Megawatt hours","210","units","0","v44174723","4.1.6","","..","","","0"
"2020-07","Nova Scotia","2016A000212","Total all classes of electricity producer","Total electricity production from combustible fuels","Megawatt hours","210","units","0","v1059484841","4.1.11","616373","","","","0"
"2020-07","Nova Scotia","2016A000212","Total all classes of electricity producer","Total electricity production from non-renewable combustible fuels","Megawatt hours","210","units","0","v1146006339","4.1.12","585293","","","","0"
"2020-07","Nova Scotia","2016A000212","Total all classes of electricity producer","Total electricity production from biomass","Megawatt hours","210","units","0","v1146006381","4.1.13","31080","","","","0"
"2020-07","Nova Scotia","2016A000212","Total all classes of electricity producer","Tidal power turbine","Megawatt hours","210","units","0","v44174724","4.1.7","0","","","","0"
"2020-07","Nova Scotia","2016A000212","Total all classes of electricity producer","Wind power turbine","Megawatt hours","210","units","0","v44174725","4.1.8","42039","","","","0"
"2020-07","Nova Scotia","2016A000212","Total all classes of electricity producer","Solar","Megawatt hours","210","units","0","v1059484914","4.1.9","0","","","","0"
"2020-07","Nova Scotia","2016A000212","Total all classes of electricity producer","Other types of electricity generation","Megawatt hours","210","units","0","v1059484814","4.1.10","0","","","","0"
"2020-07","Nova Scotia","2016A000212","Electricity producers, electric utilities","Total all types of electricity generation","Megawatt hours","210","units","0","v44174726","4.2.1","693514","","","","0"
"2020-07","Nova Scotia","2016A000212","Electricity producers, electric utilities","Hydraulic turbine","Megawatt hours","210","units","0","v44174727","4.2.2","39126","","","","0"
"2020-07","Nova Scotia","2016A000212","Electricity producers, electric utilities","Conventional steam turbine","Megawatt hours","210","units","0","v44174728","4.2.3","","..","","","0"
"2020-07","Nova Scotia","2016A000212","Electricity producers, electric utilities","Combustion turbine","Megawatt hours","210","units","0","v44174729","4.2.6","","..","","","0"
"2020-07","Nova Scotia","2016A000212","Electricity producers, electric utilities","Total electricity production from combustible fuels","Megawatt hours","210","units","0","v1059484842","4.2.11","615889","","","","0"
"2020-07","Nova Scotia","2016A000212","Electricity producers, electric utilities","Total electricity production from non-renewable combustible fuels","Megawatt hours","210","units","0","v1146006340","4.2.12","585293","","","","0"
"2020-07","Nova Scotia","2016A000212","Electricity producers, electric utilities","Total electricity production from biomass","Megawatt hours","210","units","0","v1146006382","4.2.13","30596","","","","0"
"2020-07","Nova Scotia","2016A000212","Electricity producers, electric utilities","Tidal power turbine","Megawatt hours","210","units","0","v44174730","4.2.7","0","","","","0"
"2020-07","Nova Scotia","2016A000212","Electricity producers, electric utilities","Wind power turbine","Megawatt hours","210","units","0","v44174731","4.2.8","38499","","","","0"
"2020-07","Nova Scotia","2016A000212","Electricity producers, electric utilities","Solar","Megawatt hours","210","units","0","v1059484915","4.2.9","0","","","","0"
"2020-07","Nova Scotia","2016A000212","Electricity producers, electric utilities","Other types of electricity generation","Megawatt hours","210","units","0","v1059484815","4.2.10","0","","","","0"
"2020-07","Nova Scotia","2016A000212","Electricity producers, industries","Total all types of electricity generation","Megawatt hours","210","units","0","v44174732","4.3.1","4024","","","","0"
"2020-07","Nova Scotia","2016A000212","Electricity producers, industries","Hydraulic turbine","Megawatt hours","210","units","0","v44174733","4.3.2","","..","","","0"
"2020-07","Nova Scotia","2016A000212","Electricity producers, industries","Conventional steam turbine","Megawatt hours","210","units","0","v44174734","4.3.3","","..","","","0"
"2020-07","Nova Scotia","2016A000212","Electricity producers, industries","Total electricity production from combustible fuels","Megawatt hours","210","units","0","v1059484843","4.3.11","484","","","","0"
"2020-07","Nova Scotia","2016A000212","Electricity producers, industries","Total electricity production from non-renewable combustible fuels","Megawatt hours","210","units","0","v1146006341","4.3.12","0","","","","0"
"2020-07","Nova Scotia","2016A000212","Electricity producers, industries","Total electricity production from biomass","Megawatt hours","210","units","0","v1146006383","4.3.13","484","","","","0"
"2020-07","Nova Scotia","2016A000212","Electricity producers, industries","Tidal power turbine","Megawatt hours","210","units","0","v1059484884","4.3.7","0","","","","0"
"2020-07","Nova Scotia","2016A000212","Electricity producers, industries","Wind power turbine","Megawatt hours","210","units","0","v62460553","4.3.8","3540","","","","0"
"2020-07","Nova Scotia","2016A000212","Electricity producers, industries","Solar","Megawatt hours","210","units","0","v1059484916","4.3.9","0","","","","0"
"2020-07","Nova Scotia","2016A000212","Electricity producers, industries","Other types of electricity generation","Megawatt hours","210","units","0","v1059484816","4.3.10","0","","","","0"
"2020-08","Nova Scotia","2016A000212","Total all classes of electricity producer","Total all types of electricity generation","Megawatt hours","210","units","0","v44174720","4.1.1","681972","","","","0"
"2020-08","Nova Scotia","2016A000212","Total all classes of electricity producer","Hydraulic turbine","Megawatt hours","210","units","0","v44174721","4.1.2","15646","","","","0"
"2020-08","Nova Scotia","2016A000212","Total all classes of electricity producer","Conventional steam turbine","Megawatt hours","210","units","0","v44174722","4.1.3","","..","","","0"
"2020-08","Nova Scotia","2016A000212","Total all classes of electricity producer","Combustion turbine","Megawatt hours","210","units","0","v44174723","4.1.6","","..","","","0"
"2020-08","Nova Scotia","2016A000212","Total all classes of electricity producer","Total electricity production from combustible fuels","Megawatt hours","210","units","0","v1059484841","4.1.11","608645","","","","0"
"2020-08","Nova Scotia","2016A000212","Total all classes of electricity producer","Total electricity production from non-renewable combustible fuels","Megawatt hours","210","units","0","v1146006339","4.1.12","572555","","","","0"
"2020-08","Nova Scotia","2016A000212","Total all classes of electricity producer","Total electricity production from biomass","Megawatt hours","210","units","0","v1146006381","4.1.13","36090","","","","0"
"2020-08","Nova Scotia","2016A000212","Total all classes of electricity producer","Tidal power turbine","Megawatt hours","210","units","0","v44174724","4.1.7","0","","","","0"
"2020-08","Nova Scotia","2016A000212","Total all classes of electricity producer","Wind power turbine","Megawatt hours","210","units","0","v44174725","4.1.8","57681","","","","0"
"2020-08","Nova Scotia","2016A000212","Total all classes of electricity producer","Solar","Megawatt hours","210","units","0","v1059484914","4.1.9","0","","","","0"
"2020-08","Nova Scotia","2016A000212","Total all classes of electricity producer","Other types of electricity generation","Megawatt hours","210","units","0","v1059484814","4.1.10","0","","","","0"
"2020-08","Nova Scotia","2016A000212","Electricity producers, electric utilities","Total all types of electricity generation","Megawatt hours","210","units","0","v44174726","4.2.1","679337","","","","0"
"2020-08","Nova Scotia","2016A000212","Electricity producers, electric utilities","Hydraulic turbine","Megawatt hours","210","units","0","v44174727","4.2.2","15646","","","","0"
"2020-08","Nova Scotia","2016A000212","Electricity producers, electric utilities","Conventional steam turbine","Megawatt hours","210","units","0","v44174728","4.2.3","","..","","","0"
"2020-08","Nova Scotia","2016A000212","Electricity producers, electric utilities","Combustion turbine","Megawatt hours","210","units","0","v44174729","4.2.6","","..","","","0"
"2020-08","Nova Scotia","2016A000212","Electricity producers, electric utilities","Total electricity production from combustible fuels","Megawatt hours","210","units","0","v1059484842","4.2.11","608140","","","","0"
"2020-08","Nova Scotia","2016A000212","Electricity producers, electric utilities","Total electricity production from non-renewable combustible fuels","Megawatt hours","210","units","0","v1146006340","4.2.12","572555","","","","0"
"2020-08","Nova Scotia","2016A000212","Electricity producers, electric utilities","Total electricity production from biomass","Megawatt hours","210","units","0","v1146006382","4.2.13","35585","","","","0"
"2020-08","Nova Scotia","2016A000212","Electricity producers, electric utilities","Tidal power turbine","Megawatt hours","210","units","0","v44174730","4.2.7","0","","","","0"
"2020-08","Nova Scotia","2016A000212","Electricity producers, electric utilities","Wind power turbine","Megawatt hours","210","units","0","v44174731","4.2.8","55551","","","","0"
"2020-08","Nova Scotia","2016A000212","Electricity producers, electric utilities","Solar","Megawatt hours","210","units","0","v1059484915","4.2.9","0","","","","0"
"2020-08","Nova Scotia","2016A000212","Electricity producers, electric utilities","Other types of electricity generation","Megawatt hours","210","units","0","v1059484815","4.2.10","0","","","","0"
"2020-08","Nova Scotia","2016A000212","Electricity producers, industries","Total all types of electricity generation","Megawatt hours","210","units","0","v44174732","4.3.1","2635","","","","0"
"2020-08","Nova Scotia","2016A000212","Electricity producers, industries","Hydraulic turbine","Megawatt hours","210","units","0","v44174733","4.3.2","","..","","","0"
"2020-08","Nova Scotia","2016A000212","Electricity producers, industries","Conventional steam turbine","Megawatt hours","210","units","0","v44174734","4.3.3","","..","","","0"
"2020-08","Nova Scotia","2016A000212","Electricity producers, industries","Total electricity production from combustible fuels","Megawatt hours","210","units","0","v1059484843","4.3.11","505","","","","0"
"2020-08","Nova Scotia","2016A000212","Electricity producers, industries","Total electricity production from non-renewable combustible fuels","Megawatt hours","210","units","0","v1146006341","4.3.12","0","","","","0"
"2020-08","Nova Scotia","2016A000212","Electricity producers, industries","Total electricity production from biomass","Megawatt hours","210","units","0","v1146006383","4.3.13","505","","","","0"
"2020-08","Nova Scotia","2016A000212","Electricity producers, industries","Tidal power turbine","Megawatt hours","210","units","0","v1059484884","4.3.7","0","","","","0"
"2020-08","Nova Scotia","2016A000212","Electricity producers, industries","Wind power turbine","Megawatt hours","210","units","0","v62460553","4.3.8","2130","","","","0"
"2020-08","Nova Scotia","2016A000212","Electricity producers, industries","Solar","Megawatt hours","210","units","0","v1059484916","4.3.9","0","","","","0"
"2020-08","Nova Scotia","2016A000212","Electricity producers, industries","Other types of electricity generation","Megawatt hours","210","units","0","v1059484816","4.3.10","0","","","","0"
"2020-09","Nova Scotia","2016A000212","Total all classes of electricity producer","Total all types of electricity generation","Megawatt hours","210","units","0","v44174720","4.1.1","646301","","","","0"
"2020-09","Nova Scotia","2016A000212","Total all classes of electricity producer","Hydraulic turbine","Megawatt hours","210","units","0","v44174721","4.1.2","18318","","","","0"
"2020-09","Nova Scotia","2016A000212","Total all classes of electricity producer","Conventional steam turbine","Megawatt hours","210","units","0","v44174722","4.1.3","","..","","","0"
"2020-09","Nova Scotia","2016A000212","Total all classes of electricity producer","Combustion turbine","Megawatt hours","210","units","0","v44174723","4.1.6","","..","","","0"
"2020-09","Nova Scotia","2016A000212","Total all classes of electricity producer","Total electricity production from combustible fuels","Megawatt hours","210","units","0","v1059484841","4.1.11","555531","","","","0"
"2020-09","Nova Scotia","2016A000212","Total all classes of electricity producer","Total electricity production from non-renewable combustible fuels","Megawatt hours","210","units","0","v1146006339","4.1.12","524397","","","","0"
"2020-09","Nova Scotia","2016A000212","Total all classes of electricity producer","Total electricity production from biomass","Megawatt hours","210","units","0","v1146006381","4.1.13","31134","","","","0"
"2020-09","Nova Scotia","2016A000212","Total all classes of electricity producer","Tidal power turbine","Megawatt hours","210","units","0","v44174724","4.1.7","0","","","","0"
"2020-09","Nova Scotia","2016A000212","Total all classes of electricity producer","Wind power turbine","Megawatt hours","210","units","0","v44174725","4.1.8","72452","","","","0"
"2020-09","Nova Scotia","2016A000212","Total all classes of electricity producer","Solar","Megawatt hours","210","units","0","v1059484914","4.1.9","0","","","","0"
"2020-09","Nova Scotia","2016A000212","Total all classes of electricity producer","Other types of electricity generation","Megawatt hours","210","units","0","v1059484814","4.1.10","0","","","","0"
"2020-09","Nova Scotia","2016A000212","Electricity producers, electric utilities","Total all types of electricity generation","Megawatt hours","210","units","0","v44174726","4.2.1","642922","","","","0"
"2020-09","Nova Scotia","2016A000212","Electricity producers, electric utilities","Hydraulic turbine","Megawatt hours","210","units","0","v44174727","4.2.2","18318","","","","0"
"2020-09","Nova Scotia","2016A000212","Electricity producers, electric utilities","Conventional steam turbine","Megawatt hours","210","units","0","v44174728","4.2.3","","..","","","0"
"2020-09","Nova Scotia","2016A000212","Electricity producers, electric utilities","Combustion turbine","Megawatt hours","210","units","0","v44174729","4.2.6","","..","","","0"
"2020-09","Nova Scotia","2016A000212","Electricity producers, electric utilities","Total electricity production from combustible fuels","Megawatt hours","210","units","0","v1059484842","4.2.11","555046","","","","0"
"2020-09","Nova Scotia","2016A000212","Electricity producers, electric utilities","Total electricity production from non-renewable combustible fuels","Megawatt hours","210","units","0","v1146006340","4.2.12","524397","","","","0"
"2020-09","Nova Scotia","2016A000212","Electricity producers, electric utilities","Total electricity production from biomass","Megawatt hours","210","units","0","v1146006382","4.2.13","30649","","","","0"
"2020-09","Nova Scotia","2016A000212","Electricity producers, electric utilities","Tidal power turbine","Megawatt hours","210","units","0","v44174730","4.2.7","0","","","","0"
"2020-09","Nova Scotia","2016A000212","Electricity producers, electric utilities","Wind power turbine","Megawatt hours","210","units","0","v44174731","4.2.8","69558","","","","0"
"2020-09","Nova Scotia","2016A000212","Electricity producers, electric utilities","Solar","Megawatt hours","210","units","0","v1059484915","4.2.9","0","","","","0"
"2020-09","Nova Scotia","2016A000212","Electricity producers, electric utilities","Other types of electricity generation","Megawatt hours","210","units","0","v1059484815","4.2.10","0","","","","0"
"2020-09","Nova Scotia","2016A000212","Electricity producers, industries","Total all types of electricity generation","Megawatt hours","210","units","0","v44174732","4.3.1","3379","","","","0"
"2020-09","Nova Scotia","2016A000212","Electricity producers, industries","Hydraulic turbine","Megawatt hours","210","units","0","v44174733","4.3.2","","..","","","0"
"2020-09","Nova Scotia","2016A000212","Electricity producers, industries","Conventional steam turbine","Megawatt hours","210","units","0","v44174734","4.3.3","","..","","","0"
"2020-09","Nova Scotia","2016A000212","Electricity producers, industries","Total electricity production from combustible fuels","Megawatt hours","210","units","0","v1059484843","4.3.11","485","","","","0"
"2020-09","Nova Scotia","2016A000212","Electricity producers, industries","Total electricity production from non-renewable combustible fuels","Megawatt hours","210","units","0","v1146006341","4.3.12","0","","","","0"
"2020-09","Nova Scotia","2016A000212","Electricity producers, industries","Total electricity production from biomass","Megawatt hours","210","units","0","v1146006383","4.3.13","485","","","","0"
"2020-09","Nova Scotia","2016A000212","Electricity producers, industries","Tidal power turbine","Megawatt hours","210","units","0","v1059484884","4.3.7","0","","","","0"
"2020-09","Nova Scotia","2016A000212","Electricity producers, industries","Wind power turbine","Megawatt hours","210","units","0","v62460553","4.3.8","2894","","","","0"
"2020-09","Nova Scotia","2016A000212","Electricity producers, industries","Solar","Megawatt hours","210","units","0","v1059484916","4.3.9","0","","","","0"
"2020-09","Nova Scotia","2016A000212","Electricity producers, industries","Other types of electricity generation","Megawatt hours","210","units","0","v1059484816","4.3.10","0","","","","0"
"2020-10","Nova Scotia","2016A000212","Total all classes of electricity producer","Total all types of electricity generation","Megawatt hours","210","units","0","v44174720","4.1.1","671220","","","","0"
"2020-10","Nova Scotia","2016A000212","Total all classes of electricity producer","Hydraulic turbine","Megawatt hours","210","units","0","v44174721","4.1.2","23118","","","","0"
"2020-10","Nova Scotia","2016A000212","Total all classes of electricity producer","Conventional steam turbine","Megawatt hours","210","units","0","v44174722","4.1.3","","..","","","0"
"2020-10","Nova Scotia","2016A000212","Total all classes of electricity producer","Combustion turbine","Megawatt hours","210","units","0","v44174723","4.1.6","","..","","","0"
"2020-10","Nova Scotia","2016A000212","Total all classes of electricity producer","Total electricity production from combustible fuels","Megawatt hours","210","units","0","v1059484841","4.1.11","568161","","","","0"
"2020-10","Nova Scotia","2016A000212","Total all classes of electricity producer","Total electricity production from non-renewable combustible fuels","Megawatt hours","210","units","0","v1146006339","4.1.12","553151","","","","0"
"2020-10","Nova Scotia","2016A000212","Total all classes of electricity producer","Total electricity production from biomass","Megawatt hours","210","units","0","v1146006381","4.1.13","15010","","","","0"
"2020-10","Nova Scotia","2016A000212","Total all classes of electricity producer","Tidal power turbine","Megawatt hours","210","units","0","v44174724","4.1.7","0","","","","0"
"2020-10","Nova Scotia","2016A000212","Total all classes of electricity producer","Wind power turbine","Megawatt hours","210","units","0","v44174725","4.1.8","79941","","","","0"
"2020-10","Nova Scotia","2016A000212","Total all classes of electricity producer","Solar","Megawatt hours","210","units","0","v1059484914","4.1.9","0","","","","0"
"2020-10","Nova Scotia","2016A000212","Total all classes of electricity producer","Other types of electricity generation","Megawatt hours","210","units","0","v1059484814","4.1.10","0","","","","0"
"2020-10","Nova Scotia","2016A000212","Electricity producers, electric utilities","Total all types of electricity generation","Megawatt hours","210","units","0","v44174726","4.2.1","666837","","","","0"
"2020-10","Nova Scotia","2016A000212","Electricity producers, electric utilities","Hydraulic turbine","Megawatt hours","210","units","0","v44174727","4.2.2","23118","","","","0"
"2020-10","Nova Scotia","2016A000212","Electricity producers, electric utilities","Conventional steam turbine","Megawatt hours","210","units","0","v44174728","4.2.3","","..","","","0"
"2020-10","Nova Scotia","2016A000212","Electricity producers, electric utilities","Combustion turbine","Megawatt hours","210","units","0","v44174729","4.2.6","","..","","","0"
"2020-10","Nova Scotia","2016A000212","Electricity producers, electric utilities","Total electricity production from combustible fuels","Megawatt hours","210","units","0","v1059484842","4.2.11","567651","","","","0"
"2020-10","Nova Scotia","2016A000212","Electricity producers, electric utilities","Total electricity production from non-renewable combustible fuels","Megawatt hours","210","units","0","v1146006340","4.2.12","553151","","","","0"
"2020-10","Nova Scotia","2016A000212","Electricity producers, electric utilities","Total electricity production from biomass","Megawatt hours","210","units","0","v1146006382","4.2.13","14500","","","","0"
"2020-10","Nova Scotia","2016A000212","Electricity producers, electric utilities","Tidal power turbine","Megawatt hours","210","units","0","v44174730","4.2.7","0","","","","0"
"2020-10","Nova Scotia","2016A000212","Electricity producers, electric utilities","Wind power turbine","Megawatt hours","210","units","0","v44174731","4.2.8","76068","","","","0"
"2020-10","Nova Scotia","2016A000212","Electricity producers, electric utilities","Solar","Megawatt hours","210","units","0","v1059484915","4.2.9","0","","","","0"
"2020-10","Nova Scotia","2016A000212","Electricity producers, electric utilities","Other types of electricity generation","Megawatt hours","210","units","0","v1059484815","4.2.10","0","","","","0"
"2020-10","Nova Scotia","2016A000212","Electricity producers, industries","Total all types of electricity generation","Megawatt hours","210","units","0","v44174732","4.3.1","4383","","","","0"
"2020-10","Nova Scotia","2016A000212","Electricity producers, industries","Hydraulic turbine","Megawatt hours","210","units","0","v44174733","4.3.2","","..","","","0"
"2020-10","Nova Scotia","2016A000212","Electricity producers, industries","Conventional steam turbine","Megawatt hours","210","units","0","v44174734","4.3.3","","..","","","0"
"2020-10","Nova Scotia","2016A000212","Electricity producers, industries","Total electricity production from combustible fuels","Megawatt hours","210","units","0","v1059484843","4.3.11","510","","","","0"
"2020-10","Nova Scotia","2016A000212","Electricity producers, industries","Total electricity production from non-renewable combustible fuels","Megawatt hours","210","units","0","v1146006341","4.3.12","0","","","","0"
"2020-10","Nova Scotia","2016A000212","Electricity producers, industries","Total electricity production from biomass","Megawatt hours","210","units","0","v1146006383","4.3.13","510","","","","0"
"2020-10","Nova Scotia","2016A000212","Electricity producers, industries","Tidal power turbine","Megawatt hours","210","units","0","v1059484884","4.3.7","0","","","","0"
"2020-10","Nova Scotia","2016A000212","Electricity producers, industries","Wind power turbine","Megawatt hours","210","units","0","v62460553","4.3.8","3873","","","","0"
"2020-10","Nova Scotia","2016A000212","Electricity producers, industries","Solar","Megawatt hours","210","units","0","v1059484916","4.3.9","0","","","","0"
"2020-10","Nova Scotia","2016A000212","Electricity producers, industries","Other types of electricity generation","Megawatt hours","210","units","0","v1059484816","4.3.10","0","","","","0"
"2020-11","Nova Scotia","2016A000212","Total all classes of electricity producer","Total all types of electricity generation","Megawatt hours","210","units","0","v44174720","4.1.1","722094","","","","0"
"2020-11","Nova Scotia","2016A000212","Total all classes of electricity producer","Hydraulic turbine","Megawatt hours","210","units","0","v44174721","4.1.2","38000","","","","0"
"2020-11","Nova Scotia","2016A000212","Total all classes of electricity producer","Conventional steam turbine","Megawatt hours","210","units","0","v44174722","4.1.3","","..","","","0"
"2020-11","Nova Scotia","2016A000212","Total all classes of electricity producer","Combustion turbine","Megawatt hours","210","units","0","v44174723","4.1.6","","..","","","0"
"2020-11","Nova Scotia","2016A000212","Total all classes of electricity producer","Total electricity production from combustible fuels","Megawatt hours","210","units","0","v1059484841","4.1.11","596482","","","","0"
"2020-11","Nova Scotia","2016A000212","Total all classes of electricity producer","Total electricity production from non-renewable combustible fuels","Megawatt hours","210","units","0","v1146006339","4.1.12","588061","","","","0"
"2020-11","Nova Scotia","2016A000212","Total all classes of electricity producer","Total electricity production from biomass","Megawatt hours","210","units","0","v1146006381","4.1.13","8421","","","","0"
"2020-11","Nova Scotia","2016A000212","Total all classes of electricity producer","Tidal power turbine","Megawatt hours","210","units","0","v44174724","4.1.7","0","","","","0"
"2020-11","Nova Scotia","2016A000212","Total all classes of electricity producer","Wind power turbine","Megawatt hours","210","units","0","v44174725","4.1.8","87612","","","","0"
"2020-11","Nova Scotia","2016A000212","Total all classes of electricity producer","Solar","Megawatt hours","210","units","0","v1059484914","4.1.9","0","","","","0"
"2020-11","Nova Scotia","2016A000212","Total all classes of electricity producer","Other types of electricity generation","Megawatt hours","210","units","0","v1059484814","4.1.10","0","","","","0"
"2020-11","Nova Scotia","2016A000212","Electricity producers, electric utilities","Total all types of electricity generation","Megawatt hours","210","units","0","v44174726","4.2.1","717873","","","","0"
"2020-11","Nova Scotia","2016A000212","Electricity producers, electric utilities","Hydraulic turbine","Megawatt hours","210","units","0","v44174727","4.2.2","38000","","","","0"
"2020-11","Nova Scotia","2016A000212","Electricity producers, electric utilities","Conventional steam turbine","Megawatt hours","210","units","0","v44174728","4.2.3","","..","","","0"
"2020-11","Nova Scotia","2016A000212","Electricity producers, electric utilities","Combustion turbine","Megawatt hours","210","units","0","v44174729","4.2.6","","..","","","0"
"2020-11","Nova Scotia","2016A000212","Electricity producers, electric utilities","Total electricity production from combustible fuels","Megawatt hours","210","units","0","v1059484842","4.2.11","596134","","","","0"
"2020-11","Nova Scotia","2016A000212","Electricity producers, electric utilities","Total electricity production from non-renewable combustible fuels","Megawatt hours","210","units","0","v1146006340","4.2.12","588061","","","","0"
"2020-11","Nova Scotia","2016A000212","Electricity producers, electric utilities","Total electricity production from biomass","Megawatt hours","210","units","0","v1146006382","4.2.13","8073","","","","0"
"2020-11","Nova Scotia","2016A000212","Electricity producers, electric utilities","Tidal power turbine","Megawatt hours","210","units","0","v44174730","4.2.7","0","","","","0"
"2020-11","Nova Scotia","2016A000212","Electricity producers, electric utilities","Wind power turbine","Megawatt hours","210","units","0","v44174731","4.2.8","83739","","","","0"
"2020-11","Nova Scotia","2016A000212","Electricity producers, electric utilities","Solar","Megawatt hours","210","units","0","v1059484915","4.2.9","0","","","","0"
"2020-11","Nova Scotia","2016A000212","Electricity producers, electric utilities","Other types of electricity generation","Megawatt hours","210","units","0","v1059484815","4.2.10","0","","","","0"
"2020-11","Nova Scotia","2016A000212","Electricity producers, industries","Total all types of electricity generation","Megawatt hours","210","units","0","v44174732","4.3.1","4221","","","","0"
"2020-11","Nova Scotia","2016A000212","Electricity producers, industries","Hydraulic turbine","Megawatt hours","210","units","0","v44174733","4.3.2","","..","","","0"
"2020-11","Nova Scotia","2016A000212","Electricity producers, industries","Conventional steam turbine","Megawatt hours","210","units","0","v44174734","4.3.3","","..","","","0"
"2020-11","Nova Scotia","2016A000212","Electricity producers, industries","Total electricity production from combustible fuels","Megawatt hours","210","units","0","v1059484843","4.3.11","348","","","","0"
"2020-11","Nova Scotia","2016A000212","Electricity producers, industries","Total electricity production from non-renewable combustible fuels","Megawatt hours","210","units","0","v1146006341","4.3.12","0","","","","0"
"2020-11","Nova Scotia","2016A000212","Electricity producers, industries","Total electricity production from biomass","Megawatt hours","210","units","0","v1146006383","4.3.13","348","","","","0"
"2020-11","Nova Scotia","2016A000212","Electricity producers, industries","Tidal power turbine","Megawatt hours","210","units","0","v1059484884","4.3.7","0","","","","0"
"2020-11","Nova Scotia","2016A000212","Electricity producers, industries","Wind power turbine","Megawatt hours","210","units","0","v62460553","4.3.8","3873","","","","0"
"2020-11","Nova Scotia","2016A000212","Electricity producers, industries","Solar","Megawatt hours","210","units","0","v1059484916","4.3.9","0","","","","0"
"2020-11","Nova Scotia","2016A000212","Electricity producers, industries","Other types of electricity generation","Megawatt hours","210","units","0","v1059484816","4.3.10","0","","","","0"
"2020-12","Nova Scotia","2016A000212","Total all classes of electricity producer","Total all types of electricity generation","Megawatt hours","210","units","0","v44174720","4.1.1","829737","","","","0"
"2020-12","Nova Scotia","2016A000212","Total all classes of electricity producer","Hydraulic turbine","Megawatt hours","210","units","0","v44174721","4.1.2","84350","","","","0"
"2020-12","Nova Scotia","2016A000212","Total all classes of electricity producer","Conventional steam turbine","Megawatt hours","210","units","0","v44174722","4.1.3","","..","","","0"
"2020-12","Nova Scotia","2016A000212","Total all classes of electricity producer","Combustion turbine","Megawatt hours","210","units","0","v44174723","4.1.6","","..","","","0"
"2020-12","Nova Scotia","2016A000212","Total all classes of electricity producer","Total electricity production from combustible fuels","Megawatt hours","210","units","0","v1059484841","4.1.11","657691","","","","0"
"2020-12","Nova Scotia","2016A000212","Total all classes of electricity producer","Total electricity production from non-renewable combustible fuels","Megawatt hours","210","units","0","v1146006339","4.1.12","630594","","","","0"
"2020-12","Nova Scotia","2016A000212","Total all classes of electricity producer","Total electricity production from biomass","Megawatt hours","210","units","0","v1146006381","4.1.13","27097","","","","0"
"2020-12","Nova Scotia","2016A000212","Total all classes of electricity producer","Tidal power turbine","Megawatt hours","210","units","0","v44174724","4.1.7","0","","","","0"
"2020-12","Nova Scotia","2016A000212","Total all classes of electricity producer","Wind power turbine","Megawatt hours","210","units","0","v44174725","4.1.8","87696","","","","0"
"2020-12","Nova Scotia","2016A000212","Total all classes of electricity producer","Solar","Megawatt hours","210","units","0","v1059484914","4.1.9","0","","","","0"
"2020-12","Nova Scotia","2016A000212","Total all classes of electricity producer","Other types of electricity generation","Megawatt hours","210","units","0","v1059484814","4.1.10","0","","","","0"
"2020-12","Nova Scotia","2016A000212","Electricity producers, electric utilities","Total all types of electricity generation","Megawatt hours","210","units","0","v44174726","4.2.1","825766","","","","0"
"2020-12","Nova Scotia","2016A000212","Electricity producers, electric utilities","Hydraulic turbine","Megawatt hours","210","units","0","v44174727","4.2.2","84350","","","","0"
"2020-12","Nova Scotia","2016A000212","Electricity producers, electric utilities","Conventional steam turbine","Megawatt hours","210","units","0","v44174728","4.2.3","","..","","","0"
"2020-12","Nova Scotia","2016A000212","Electricity producers, electric utilities","Combustion turbine","Megawatt hours","210","units","0","v44174729","4.2.6","","..","","","0"
"2020-12","Nova Scotia","2016A000212","Electricity producers, electric utilities","Total electricity production from combustible fuels","Megawatt hours","210","units","0","v1059484842","4.2.11","657249","","","","0"
"2020-12","Nova Scotia","2016A000212","Electricity producers, electric utilities","Total electricity production from non-renewable combustible fuels","Megawatt hours","210","units","0","v1146006340","4.2.12","630594","","","","0"
"2020-12","Nova Scotia","2016A000212","Electricity producers, electric utilities","Total electricity production from biomass","Megawatt hours","210","units","0","v1146006382","4.2.13","26655","","","","0"
"2020-12","Nova Scotia","2016A000212","Electricity producers, electric utilities","Tidal power turbine","Megawatt hours","210","units","0","v44174730","4.2.7","0","","","","0"
"2020-12","Nova Scotia","2016A000212","Electricity producers, electric utilities","Wind power turbine","Megawatt hours","210","units","0","v44174731","4.2.8","84167","","","","0"
"2020-12","Nova Scotia","2016A000212","Electricity producers, electric utilities","Solar","Megawatt hours","210","units","0","v1059484915","4.2.9","0","","","","0"
"2020-12","Nova Scotia","2016A000212","Electricity producers, electric utilities","Other types of electricity generation","Megawatt hours","210","units","0","v1059484815","4.2.10","0","","","","0"
"2020-12","Nova Scotia","2016A000212","Electricity producers, industries","Total all types of electricity generation","Megawatt hours","210","units","0","v44174732","4.3.1","3971","","","","0"
"2020-12","Nova Scotia","2016A000212","Electricity producers, industries","Hydraulic turbine","Megawatt hours","210","units","0","v44174733","4.3.2","","..","","","0"
"2020-12","Nova Scotia","2016A000212","Electricity producers, industries","Conventional steam turbine","Megawatt hours","210","units","0","v44174734","4.3.3","","..","","","0"
"2020-12","Nova Scotia","2016A000212","Electricity producers, industries","Total electricity production from combustible fuels","Megawatt hours","210","units","0","v1059484843","4.3.11","442","","","","0"
"2020-12","Nova Scotia","2016A000212","Electricity producers, industries","Total electricity production from non-renewable combustible fuels","Megawatt hours","210","units","0","v1146006341","4.3.12","0","","","","0"
"2020-12","Nova Scotia","2016A000212","Electricity producers, industries","Total electricity production from biomass","Megawatt hours","210","units","0","v1146006383","4.3.13","442","","","","0"
"2020-12","Nova Scotia","2016A000212","Electricity producers, industries","Tidal power turbine","Megawatt hours","210","units","0","v1059484884","4.3.7","0","","","","0"
"2020-12","Nova Scotia","2016A000212","Electricity producers, industries","Wind power turbine","Megawatt hours","210","units","0","v62460553","4.3.8","3529","","","","0"
"2020-12","Nova Scotia","2016A000212","Electricity producers, industries","Solar","Megawatt hours","210","units","0","v1059484916","4.3.9","0","","","","0"
"2020-12","Nova Scotia","2016A000212","Electricity producers, industries","Other types of electricity generation","Megawatt hours","210","units","0","v1059484816","4.3.10","0","","","","0"
"2021-01","Nova Scotia","2016A000212","Total all classes of electricity producer","Total all types of electricity generation","Megawatt hours","210","units","0","v44174720","4.1.1","980708","","","","0"
"2021-01","Nova Scotia","2016A000212","Total all classes of electricity producer","Hydraulic turbine","Megawatt hours","210","units","0","v44174721","4.1.2","88301","","","","0"
"2021-01","Nova Scotia","2016A000212","Total all classes of electricity producer","Conventional steam turbine","Megawatt hours","210","units","0","v44174722","4.1.3","","..","","","0"
"2021-01","Nova Scotia","2016A000212","Total all classes of electricity producer","Combustion turbine","Megawatt hours","210","units","0","v44174723","4.1.6","","..","","","0"
"2021-01","Nova Scotia","2016A000212","Total all classes of electricity producer","Total electricity production from combustible fuels","Megawatt hours","210","units","0","v1059484841","4.1.11","819820","","","","0"
"2021-01","Nova Scotia","2016A000212","Total all classes of electricity producer","Total electricity production from non-renewable combustible fuels","Megawatt hours","210","units","0","v1146006339","4.1.12","787996","","","","0"
"2021-01","Nova Scotia","2016A000212","Total all classes of electricity producer","Total electricity production from biomass","Megawatt hours","210","units","0","v1146006381","4.1.13","31824","","","","0"
"2021-01","Nova Scotia","2016A000212","Total all classes of electricity producer","Tidal power turbine","Megawatt hours","210","units","0","v44174724","4.1.7","0","","","","0"
"2021-01","Nova Scotia","2016A000212","Total all classes of electricity producer","Wind power turbine","Megawatt hours","210","units","0","v44174725","4.1.8","72587","","","","0"
"2021-01","Nova Scotia","2016A000212","Total all classes of electricity producer","Solar","Megawatt hours","210","units","0","v1059484914","4.1.9","0","","","","0"
"2021-01","Nova Scotia","2016A000212","Total all classes of electricity producer","Other types of electricity generation","Megawatt hours","210","units","0","v1059484814","4.1.10","0","","","","0"
"2021-01","Nova Scotia","2016A000212","Electricity producers, electric utilities","Total all types of electricity generation","Megawatt hours","210","units","0","v44174726","4.2.1","977801","","","","0"
"2021-01","Nova Scotia","2016A000212","Electricity producers, electric utilities","Hydraulic turbine","Megawatt hours","210","units","0","v44174727","4.2.2","88301","","","","0"
"2021-01","Nova Scotia","2016A000212","Electricity producers, electric utilities","Conventional steam turbine","Megawatt hours","210","units","0","v44174728","4.2.3","","..","","","0"
"2021-01","Nova Scotia","2016A000212","Electricity producers, electric utilities","Combustion turbine","Megawatt hours","210","units","0","v44174729","4.2.6","","..","","","0"
"2021-01","Nova Scotia","2016A000212","Electricity producers, electric utilities","Total electricity production from combustible fuels","Megawatt hours","210","units","0","v1059484842","4.2.11","819382","","","","0"
"2021-01","Nova Scotia","2016A000212","Electricity producers, electric utilities","Total electricity production from non-renewable combustible fuels","Megawatt hours","210","units","0","v1146006340","4.2.12","787996","","","","0"
"2021-01","Nova Scotia","2016A000212","Electricity producers, electric utilities","Total electricity production from biomass","Megawatt hours","210","units","0","v1146006382","4.2.13","31386","","","","0"
"2021-01","Nova Scotia","2016A000212","Electricity producers, electric utilities","Tidal power turbine","Megawatt hours","210","units","0","v44174730","4.2.7","0","","","","0"
"2021-01","Nova Scotia","2016A000212","Electricity producers, electric utilities","Wind power turbine","Megawatt hours","210","units","0","v44174731","4.2.8","70118","","","","0"
"2021-01","Nova Scotia","2016A000212","Electricity producers, electric utilities","Solar","Megawatt hours","210","units","0","v1059484915","4.2.9","0","","","","0"
"2021-01","Nova Scotia","2016A000212","Electricity producers, electric utilities","Other types of electricity generation","Megawatt hours","210","units","0","v1059484815","4.2.10","0","","","","0"
"2021-01","Nova Scotia","2016A000212","Electricity producers, industries","Total all types of electricity generation","Megawatt hours","210","units","0","v44174732","4.3.1","2907","","","","0"
"2021-01","Nova Scotia","2016A000212","Electricity producers, industries","Hydraulic turbine","Megawatt hours","210","units","0","v44174733","4.3.2","","..","","","0"
"2021-01","Nova Scotia","2016A000212","Electricity producers, industries","Conventional steam turbine","Megawatt hours","210","units","0","v44174734","4.3.3","","..","","","0"
"2021-01","Nova Scotia","2016A000212","Electricity producers, industries","Total electricity production from combustible fuels","Megawatt hours","210","units","0","v1059484843","4.3.11","438","","","","0"
"2021-01","Nova Scotia","2016A000212","Electricity producers, industries","Total electricity production from non-renewable combustible fuels","Megawatt hours","210","units","0","v1146006341","4.3.12","0","","","","0"
"2021-01","Nova Scotia","2016A000212","Electricity producers, industries","Total electricity production from biomass","Megawatt hours","210","units","0","v1146006383","4.3.13","438","","","","0"
"2021-01","Nova Scotia","2016A000212","Electricity producers, industries","Tidal power turbine","Megawatt hours","210","units","0","v1059484884","4.3.7","0","","","","0"
"2021-01","Nova Scotia","2016A000212","Electricity producers, industries","Wind power turbine","Megawatt hours","210","units","0","v62460553","4.3.8","2469","","","","0"
"2021-01","Nova Scotia","2016A000212","Electricity producers, industries","Solar","Megawatt hours","210","units","0","v1059484916","4.3.9","0","","","","0"
"2021-01","Nova Scotia","2016A000212","Electricity producers, industries","Other types of electricity generation","Megawatt hours","210","units","0","v1059484816","4.3.10","0","","","","0"
"2021-02","Nova Scotia","2016A000212","Total all classes of electricity producer","Total all types of electricity generation","Megawatt hours","210","units","0","v44174720","4.1.1","925651","","","","0"
"2021-02","Nova Scotia","2016A000212","Total all classes of electricity producer","Hydraulic turbine","Megawatt hours","210","units","0","v44174721","4.1.2","75196","","","","0"
"2021-02","Nova Scotia","2016A000212","Total all classes of electricity producer","Conventional steam turbine","Megawatt hours","210","units","0","v44174722","4.1.3","","..","","","0"
"2021-02","Nova Scotia","2016A000212","Total all classes of electricity producer","Combustion turbine","Megawatt hours","210","units","0","v44174723","4.1.6","","..","","","0"
"2021-02","Nova Scotia","2016A000212","Total all classes of electricity producer","Total electricity production from combustible fuels","Megawatt hours","210","units","0","v1059484841","4.1.11","770566","","","","0"
"2021-02","Nova Scotia","2016A000212","Total all classes of electricity producer","Total electricity production from non-renewable combustible fuels","Megawatt hours","210","units","0","v1146006339","4.1.12","742920","","","","0"
"2021-02","Nova Scotia","2016A000212","Total all classes of electricity producer","Total electricity production from biomass","Megawatt hours","210","units","0","v1146006381","4.1.13","27646","","","","0"
"2021-02","Nova Scotia","2016A000212","Total all classes of electricity producer","Tidal power turbine","Megawatt hours","210","units","0","v44174724","4.1.7","0","","","","0"
"2021-02","Nova Scotia","2016A000212","Total all classes of electricity producer","Wind power turbine","Megawatt hours","210","units","0","v44174725","4.1.8","79889","","","","0"
"2021-02","Nova Scotia","2016A000212","Total all classes of electricity producer","Solar","Megawatt hours","210","units","0","v1059484914","4.1.9","0","","","","0"
"2021-02","Nova Scotia","2016A000212","Total all classes of electricity producer","Other types of electricity generation","Megawatt hours","210","units","0","v1059484814","4.1.10","0","","","","0"
"2021-02","Nova Scotia","2016A000212","Electricity producers, electric utilities","Total all types of electricity generation","Megawatt hours","210","units","0","v44174726","4.2.1","922297","","","","0"
"2021-02","Nova Scotia","2016A000212","Electricity producers, electric utilities","Hydraulic turbine","Megawatt hours","210","units","0","v44174727","4.2.2","75196","","","","0"
"2021-02","Nova Scotia","2016A000212","Electricity producers, electric utilities","Conventional steam turbine","Megawatt hours","210","units","0","v44174728","4.2.3","","..","","","0"
"2021-02","Nova Scotia","2016A000212","Electricity producers, electric utilities","Combustion turbine","Megawatt hours","210","units","0","v44174729","4.2.6","","..","","","0"
"2021-02","Nova Scotia","2016A000212","Electricity producers, electric utilities","Total electricity production from combustible fuels","Megawatt hours","210","units","0","v1059484842","4.2.11","770181","","","","0"
"2021-02","Nova Scotia","2016A000212","Electricity producers, electric utilities","Total electricity production from non-renewable combustible fuels","Megawatt hours","210","units","0","v1146006340","4.2.12","742920","","","","0"
"2021-02","Nova Scotia","2016A000212","Electricity producers, electric utilities","Total electricity production from biomass","Megawatt hours","210","units","0","v1146006382","4.2.13","27261","","","","0"
"2021-02","Nova Scotia","2016A000212","Electricity producers, electric utilities","Tidal power turbine","Megawatt hours","210","units","0","v44174730","4.2.7","0","","","","0"
"2021-02","Nova Scotia","2016A000212","Electricity producers, electric utilities","Wind power turbine","Megawatt hours","210","units","0","v44174731","4.2.8","76920","","","","0"
"2021-02","Nova Scotia","2016A000212","Electricity producers, electric utilities","Solar","Megawatt hours","210","units","0","v1059484915","4.2.9","0","","","","0"
"2021-02","Nova Scotia","2016A000212","Electricity producers, electric utilities","Other types of electricity generation","Megawatt hours","210","units","0","v1059484815","4.2.10","0","","","","0"
"2021-02","Nova Scotia","2016A000212","Electricity producers, industries","Total all types of electricity generation","Megawatt hours","210","units","0","v44174732","4.3.1","3354","","","","0"
"2021-02","Nova Scotia","2016A000212","Electricity producers, industries","Hydraulic turbine","Megawatt hours","210","units","0","v44174733","4.3.2","","..","","","0"
"2021-02","Nova Scotia","2016A000212","Electricity producers, industries","Conventional steam turbine","Megawatt hours","210","units","0","v44174734","4.3.3","","..","","","0"
"2021-02","Nova Scotia","2016A000212","Electricity producers, industries","Total electricity production from combustible fuels","Megawatt hours","210","units","0","v1059484843","4.3.11","385","","","","0"
"2021-02","Nova Scotia","2016A000212","Electricity producers, industries","Total electricity production from non-renewable combustible fuels","Megawatt hours","210","units","0","v1146006341","4.3.12","0","","","","0"
"2021-02","Nova Scotia","2016A000212","Electricity producers, industries","Total electricity production from biomass","Megawatt hours","210","units","0","v1146006383","4.3.13","385","","","","0"
"2021-02","Nova Scotia","2016A000212","Electricity producers, industries","Tidal power turbine","Megawatt hours","210","units","0","v1059484884","4.3.7","0","","","","0"
"2021-02","Nova Scotia","2016A000212","Electricity producers, industries","Wind power turbine","Megawatt hours","210","units","0","v62460553","4.3.8","2969","","","","0"
"2021-02","Nova Scotia","2016A000212","Electricity producers, industries","Solar","Megawatt hours","210","units","0","v1059484916","4.3.9","0","","","","0"
"2021-02","Nova Scotia","2016A000212","Electricity producers, industries","Other types of electricity generation","Megawatt hours","210","units","0","v1059484816","4.3.10","0","","","","0"
"2021-03","Nova Scotia","2016A000212","Total all classes of electricity producer","Total all types of electricity generation","Megawatt hours","210","units","0","v44174720","4.1.1","933791","","","","0"
"2021-03","Nova Scotia","2016A000212","Total all classes of electricity producer","Hydraulic turbine","Megawatt hours","210","units","0","v44174721","4.1.2","82365","","","","0"
"2021-03","Nova Scotia","2016A000212","Total all classes of electricity producer","Conventional steam turbine","Megawatt hours","210","units","0","v44174722","4.1.3","","..","","","0"
"2021-03","Nova Scotia","2016A000212","Total all classes of electricity producer","Combustion turbine","Megawatt hours","210","units","0","v44174723","4.1.6","","..","","","0"
"2021-03","Nova Scotia","2016A000212","Total all classes of electricity producer","Total electricity production from combustible fuels","Megawatt hours","210","units","0","v1059484841","4.1.11","717234","","","","0"
"2021-03","Nova Scotia","2016A000212","Total all classes of electricity producer","Total electricity production from non-renewable combustible fuels","Megawatt hours","210","units","0","v1146006339","4.1.12","690203","","","","0"
"2021-03","Nova Scotia","2016A000212","Total all classes of electricity producer","Total electricity production from biomass","Megawatt hours","210","units","0","v1146006381","4.1.13","27031","","","","0"
"2021-03","Nova Scotia","2016A000212","Total all classes of electricity producer","Tidal power turbine","Megawatt hours","210","units","0","v44174724","4.1.7","0","","","","0"
"2021-03","Nova Scotia","2016A000212","Total all classes of electricity producer","Wind power turbine","Megawatt hours","210","units","0","v44174725","4.1.8","134192","","","","0"
"2021-03","Nova Scotia","2016A000212","Total all classes of electricity producer","Solar","Megawatt hours","210","units","0","v1059484914","4.1.9","0","","","","0"
"2021-03","Nova Scotia","2016A000212","Total all classes of electricity producer","Other types of electricity generation","Megawatt hours","210","units","0","v1059484814","4.1.10","0","","","","0"
"2021-03","Nova Scotia","2016A000212","Electricity producers, electric utilities","Total all types of electricity generation","Megawatt hours","210","units","0","v44174726","4.2.1","929550","","","","0"
"2021-03","Nova Scotia","2016A000212","Electricity producers, electric utilities","Hydraulic turbine","Megawatt hours","210","units","0","v44174727","4.2.2","82365","","","","0"
"2021-03","Nova Scotia","2016A000212","Electricity producers, electric utilities","Conventional steam turbine","Megawatt hours","210","units","0","v44174728","4.2.3","","..","","","0"
"2021-03","Nova Scotia","2016A000212","Electricity producers, electric utilities","Combustion turbine","Megawatt hours","210","units","0","v44174729","4.2.6","","..","","","0"
"2021-03","Nova Scotia","2016A000212","Electricity producers, electric utilities","Total electricity production from combustible fuels","Megawatt hours","210","units","0","v1059484842","4.2.11","716815","","","","0"
"2021-03","Nova Scotia","2016A000212","Electricity producers, electric utilities","Total electricity production from non-renewable combustible fuels","Megawatt hours","210","units","0","v1146006340","4.2.12","690203","","","","0"
"2021-03","Nova Scotia","2016A000212","Electricity producers, electric utilities","Total electricity production from biomass","Megawatt hours","210","units","0","v1146006382","4.2.13","26612","","","","0"
"2021-03","Nova Scotia","2016A000212","Electricity producers, electric utilities","Tidal power turbine","Megawatt hours","210","units","0","v44174730","4.2.7","0","","","","0"
"2021-03","Nova Scotia","2016A000212","Electricity producers, electric utilities","Wind power turbine","Megawatt hours","210","units","0","v44174731","4.2.8","130370","","","","0"
"2021-03","Nova Scotia","2016A000212","Electricity producers, electric utilities","Solar","Megawatt hours","210","units","0","v1059484915","4.2.9","0","","","","0"
"2021-03","Nova Scotia","2016A000212","Electricity producers, electric utilities","Other types of electricity generation","Megawatt hours","210","units","0","v1059484815","4.2.10","0","","","","0"
"2021-03","Nova Scotia","2016A000212","Electricity producers, industries","Total all types of electricity generation","Megawatt hours","210","units","0","v44174732","4.3.1","4241","","","","0"
"2021-03","Nova Scotia","2016A000212","Electricity producers, industries","Hydraulic turbine","Megawatt hours","210","units","0","v44174733","4.3.2","","..","","","0"
"2021-03","Nova Scotia","2016A000212","Electricity producers, industries","Conventional steam turbine","Megawatt hours","210","units","0","v44174734","4.3.3","","..","","","0"
"2021-03","Nova Scotia","2016A000212","Electricity producers, industries","Total electricity production from combustible fuels","Megawatt hours","210","units","0","v1059484843","4.3.11","419","","","","0"
"2021-03","Nova Scotia","2016A000212","Electricity producers, industries","Total electricity production from non-renewable combustible fuels","Megawatt hours","210","units","0","v1146006341","4.3.12","0","","","","0"
"2021-03","Nova Scotia","2016A000212","Electricity producers, industries","Total electricity production from biomass","Megawatt hours","210","units","0","v1146006383","4.3.13","419","","","","0"
"2021-03","Nova Scotia","2016A000212","Electricity producers, industries","Tidal power turbine","Megawatt hours","210","units","0","v1059484884","4.3.7","0","","","","0"
"2021-03","Nova Scotia","2016A000212","Electricity producers, industries","Wind power turbine","Megawatt hours","210","units","0","v62460553","4.3.8","3822","","","","0"
"2021-03","Nova Scotia","2016A000212","Electricity producers, industries","Solar","Megawatt hours","210","units","0","v1059484916","4.3.9","0","","","","0"
"2021-03","Nova Scotia","2016A000212","Electricity producers, industries","Other types of electricity generation","Megawatt hours","210","units","0","v1059484816","4.3.10","0","","","","0"
"2021-04","Nova Scotia","2016A000212","Total all classes of electricity producer","Total all types of electricity generation","Megawatt hours","210","units","0","v44174720","4.1.1","681770","","","","0"
"2021-04","Nova Scotia","2016A000212","Total all classes of electricity producer","Hydraulic turbine","Megawatt hours","210","units","0","v44174721","4.1.2","120135","","","","0"
"2021-04","Nova Scotia","2016A000212","Total all classes of electricity producer","Conventional steam turbine","Megawatt hours","210","units","0","v44174722","4.1.3","","..","","","0"
"2021-04","Nova Scotia","2016A000212","Total all classes of electricity producer","Combustion turbine","Megawatt hours","210","units","0","v44174723","4.1.6","","..","","","0"
"2021-04","Nova Scotia","2016A000212","Total all classes of electricity producer","Total electricity production from combustible fuels","Megawatt hours","210","units","0","v1059484841","4.1.11","446157","","","","0"
"2021-04","Nova Scotia","2016A000212","Total all classes of electricity producer","Total electricity production from non-renewable combustible fuels","Megawatt hours","210","units","0","v1146006339","4.1.12","420154","","","","0"
"2021-04","Nova Scotia","2016A000212","Total all classes of electricity producer","Total electricity production from biomass","Megawatt hours","210","units","0","v1146006381","4.1.13","26003","","","","0"
"2021-04","Nova Scotia","2016A000212","Total all classes of electricity producer","Tidal power turbine","Megawatt hours","210","units","0","v44174724","4.1.7","0","","","","0"
"2021-04","Nova Scotia","2016A000212","Total all classes of electricity producer","Wind power turbine","Megawatt hours","210","units","0","v44174725","4.1.8","115478","","","","0"
"2021-04","Nova Scotia","2016A000212","Total all classes of electricity producer","Solar","Megawatt hours","210","units","0","v1059484914","4.1.9","0","","","","0"
"2021-04","Nova Scotia","2016A000212","Total all classes of electricity producer","Other types of electricity generation","Megawatt hours","210","units","0","v1059484814","4.1.10","0","","","","0"
"2021-04","Nova Scotia","2016A000212","Electricity producers, electric utilities","Total all types of electricity generation","Megawatt hours","210","units","0","v44174726","4.2.1","675875","","","","0"
"2021-04","Nova Scotia","2016A000212","Electricity producers, electric utilities","Hydraulic turbine","Megawatt hours","210","units","0","v44174727","4.2.2","120135","","","","0"
"2021-04","Nova Scotia","2016A000212","Electricity producers, electric utilities","Conventional steam turbine","Megawatt hours","210","units","0","v44174728","4.2.3","","..","","","0"
"2021-04","Nova Scotia","2016A000212","Electricity producers, electric utilities","Combustion turbine","Megawatt hours","210","units","0","v44174729","4.2.6","","..","","","0"
"2021-04","Nova Scotia","2016A000212","Electricity producers, electric utilities","Total electricity production from combustible fuels","Megawatt hours","210","units","0","v1059484842","4.2.11","445708","","","","0"
"2021-04","Nova Scotia","2016A000212","Electricity producers, electric utilities","Total electricity production from non-renewable combustible fuels","Megawatt hours","210","units","0","v1146006340","4.2.12","420154","","","","0"
"2021-04","Nova Scotia","2016A000212","Electricity producers, electric utilities","Total electricity production from biomass","Megawatt hours","210","units","0","v1146006382","4.2.13","25554","","","","0"
"2021-04","Nova Scotia","2016A000212","Electricity producers, electric utilities","Tidal power turbine","Megawatt hours","210","units","0","v44174730","4.2.7","0","","","","0"
"2021-04","Nova Scotia","2016A000212","Electricity producers, electric utilities","Wind power turbine","Megawatt hours","210","units","0","v44174731","4.2.8","110032","","","","0"
"2021-04","Nova Scotia","2016A000212","Electricity producers, electric utilities","Solar","Megawatt hours","210","units","0","v1059484915","4.2.9","0","","","","0"
"2021-04","Nova Scotia","2016A000212","Electricity producers, electric utilities","Other types of electricity generation","Megawatt hours","210","units","0","v1059484815","4.2.10","0","","","","0"
"2021-04","Nova Scotia","2016A000212","Electricity producers, industries","Total all types of electricity generation","Megawatt hours","210","units","0","v44174732","4.3.1","5895","","","","0"
"2021-04","Nova Scotia","2016A000212","Electricity producers, industries","Hydraulic turbine","Megawatt hours","210","units","0","v44174733","4.3.2","","..","","","0"
"2021-04","Nova Scotia","2016A000212","Electricity producers, industries","Conventional steam turbine","Megawatt hours","210","units","0","v44174734","4.3.3","","..","","","0"
"2021-04","Nova Scotia","2016A000212","Electricity producers, industries","Total electricity production from combustible fuels","Megawatt hours","210","units","0","v1059484843","4.3.11","449","","","","0"
"2021-04","Nova Scotia","2016A000212","Electricity producers, industries","Total electricity production from non-renewable combustible fuels","Megawatt hours","210","units","0","v1146006341","4.3.12","0","","","","0"
"2021-04","Nova Scotia","2016A000212","Electricity producers, industries","Total electricity production from biomass","Megawatt hours","210","units","0","v1146006383","4.3.13","449","","","","0"
"2021-04","Nova Scotia","2016A000212","Electricity producers, industries","Tidal power turbine","Megawatt hours","210","units","0","v1059484884","4.3.7","0","","","","0"
"2021-04","Nova Scotia","2016A000212","Electricity producers, industries","Wind power turbine","Megawatt hours","210","units","0","v62460553","4.3.8","5446","","","","0"
"2021-04","Nova Scotia","2016A000212","Electricity producers, industries","Solar","Megawatt hours","210","units","0","v1059484916","4.3.9","0","","","","0"
"2021-04","Nova Scotia","2016A000212","Electricity producers, industries","Other types of electricity generation","Megawatt hours","210","units","0","v1059484816","4.3.10","0","","","","0"
"2021-05","Nova Scotia","2016A000212","Total all classes of electricity producer","Total all types of electricity generation","Megawatt hours","210","units","0","v44174720","4.1.1","655406","","","","0"
"2021-05","Nova Scotia","2016A000212","Total all classes of electricity producer","Hydraulic turbine","Megawatt hours","210","units","0","v44174721","4.1.2","90151","","","","0"
"2021-05","Nova Scotia","2016A000212","Total all classes of electricity producer","Conventional steam turbine","Megawatt hours","210","units","0","v44174722","4.1.3","","..","","","0"
"2021-05","Nova Scotia","2016A000212","Total all classes of electricity producer","Combustion turbine","Megawatt hours","210","units","0","v44174723","4.1.6","","..","","","0"
"2021-05","Nova Scotia","2016A000212","Total all classes of electricity producer","Total electricity production from combustible fuels","Megawatt hours","210","units","0","v1059484841","4.1.11","468761","","","","0"
"2021-05","Nova Scotia","2016A000212","Total all classes of electricity producer","Total electricity production from non-renewable combustible fuels","Megawatt hours","210","units","0","v1146006339","4.1.12","440313","","","","0"
"2021-05","Nova Scotia","2016A000212","Total all classes of electricity producer","Total electricity production from biomass","Megawatt hours","210","units","0","v1146006381","4.1.13","28448","","","","0"
"2021-05","Nova Scotia","2016A000212","Total all classes of electricity producer","Tidal power turbine","Megawatt hours","210","units","0","v44174724","4.1.7","0","","","","0"
"2021-05","Nova Scotia","2016A000212","Total all classes of electricity producer","Wind power turbine","Megawatt hours","210","units","0","v44174725","4.1.8","96494","","","","0"
"2021-05","Nova Scotia","2016A000212","Total all classes of electricity producer","Solar","Megawatt hours","210","units","0","v1059484914","4.1.9","0","","","","0"
"2021-05","Nova Scotia","2016A000212","Total all classes of electricity producer","Other types of electricity generation","Megawatt hours","210","units","0","v1059484814","4.1.10","0","","","","0"
"2021-05","Nova Scotia","2016A000212","Electricity producers, electric utilities","Total all types of electricity generation","Megawatt hours","210","units","0","v44174726","4.2.1","652878","","","","0"
"2021-05","Nova Scotia","2016A000212","Electricity producers, electric utilities","Hydraulic turbine","Megawatt hours","210","units","0","v44174727","4.2.2","90151","","","","0"
"2021-05","Nova Scotia","2016A000212","Electricity producers, electric utilities","Conventional steam turbine","Megawatt hours","210","units","0","v44174728","4.2.3","","..","","","0"
"2021-05","Nova Scotia","2016A000212","Electricity producers, electric utilities","Combustion turbine","Megawatt hours","210","units","0","v44174729","4.2.6","","..","","","0"
"2021-05","Nova Scotia","2016A000212","Electricity producers, electric utilities","Total electricity production from combustible fuels","Megawatt hours","210","units","0","v1059484842","4.2.11","468396","","","","0"
"2021-05","Nova Scotia","2016A000212","Electricity producers, electric utilities","Total electricity production from non-renewable combustible fuels","Megawatt hours","210","units","0","v1146006340","4.2.12","440313","","","","0"
"2021-05","Nova Scotia","2016A000212","Electricity producers, electric utilities","Total electricity production from biomass","Megawatt hours","210","units","0","v1146006382","4.2.13","28083","","","","0"
"2021-05","Nova Scotia","2016A000212","Electricity producers, electric utilities","Tidal power turbine","Megawatt hours","210","units","0","v44174730","4.2.7","0","","","","0"
"2021-05","Nova Scotia","2016A000212","Electricity producers, electric utilities","Wind power turbine","Megawatt hours","210","units","0","v44174731","4.2.8","94331","","","","0"
"2021-05","Nova Scotia","2016A000212","Electricity producers, electric utilities","Solar","Megawatt hours","210","units","0","v1059484915","4.2.9","0","","","","0"
"2021-05","Nova Scotia","2016A000212","Electricity producers, electric utilities","Other types of electricity generation","Megawatt hours","210","units","0","v1059484815","4.2.10","0","","","","0"
"2021-05","Nova Scotia","2016A000212","Electricity producers, industries","Total all types of electricity generation","Megawatt hours","210","units","0","v44174732","4.3.1","2528","","","","0"
"2021-05","Nova Scotia","2016A000212","Electricity producers, industries","Hydraulic turbine","Megawatt hours","210","units","0","v44174733","4.3.2","","..","","","0"
"2021-05","Nova Scotia","2016A000212","Electricity producers, industries","Conventional steam turbine","Megawatt hours","210","units","0","v44174734","4.3.3","","..","","","0"
"2021-05","Nova Scotia","2016A000212","Electricity producers, industries","Total electricity production from combustible fuels","Megawatt hours","210","units","0","v1059484843","4.3.11","365","","","","0"
"2021-05","Nova Scotia","2016A000212","Electricity producers, industries","Total electricity production from non-renewable combustible fuels","Megawatt hours","210","units","0","v1146006341","4.3.12","0","","","","0"
"2021-05","Nova Scotia","2016A000212","Electricity producers, industries","Total electricity production from biomass","Megawatt hours","210","units","0","v1146006383","4.3.13","365","","","","0"
"2021-05","Nova Scotia","2016A000212","Electricity producers, industries","Tidal power turbine","Megawatt hours","210","units","0","v1059484884","4.3.7","0","","","","0"
"2021-05","Nova Scotia","2016A000212","Electricity producers, industries","Wind power turbine","Megawatt hours","210","units","0","v62460553","4.3.8","2163","","","","0"
"2021-05","Nova Scotia","2016A000212","Electricity producers, industries","Solar","Megawatt hours","210","units","0","v1059484916","4.3.9","0","","","","0"
"2021-05","Nova Scotia","2016A000212","Electricity producers, industries","Other types of electricity generation","Megawatt hours","210","units","0","v1059484816","4.3.10","0","","","","0"
"2021-06","Nova Scotia","2016A000212","Total all classes of electricity producer","Total all types of electricity generation","Megawatt hours","210","units","0","v44174720","4.1.1","595561","","","","0"
"2021-06","Nova Scotia","2016A000212","Total all classes of electricity producer","Hydraulic turbine","Megawatt hours","210","units","0","v44174721","4.1.2","63984","","","","0"
"2021-06","Nova Scotia","2016A000212","Total all classes of electricity producer","Conventional steam turbine","Megawatt hours","210","units","0","v44174722","4.1.3","","..","","","0"
"2021-06","Nova Scotia","2016A000212","Total all classes of electricity producer","Combustion turbine","Megawatt hours","210","units","0","v44174723","4.1.6","","..","","","0"
"2021-06","Nova Scotia","2016A000212","Total all classes of electricity producer","Total electricity production from combustible fuels","Megawatt hours","210","units","0","v1059484841","4.1.11","435282","","","","0"
"2021-06","Nova Scotia","2016A000212","Total all classes of electricity producer","Total electricity production from non-renewable combustible fuels","Megawatt hours","210","units","0","v1146006339","4.1.12","405778","","","","0"
"2021-06","Nova Scotia","2016A000212","Total all classes of electricity producer","Total electricity production from biomass","Megawatt hours","210","units","0","v1146006381","4.1.13","29504","","","","0"
"2021-06","Nova Scotia","2016A000212","Total all classes of electricity producer","Tidal power turbine","Megawatt hours","210","units","0","v44174724","4.1.7","0","","","","0"
"2021-06","Nova Scotia","2016A000212","Total all classes of electricity producer","Wind power turbine","Megawatt hours","210","units","0","v44174725","4.1.8","96295","","","","0"
"2021-06","Nova Scotia","2016A000212","Total all classes of electricity producer","Solar","Megawatt hours","210","units","0","v1059484914","4.1.9","0","","","","0"
"2021-06","Nova Scotia","2016A000212","Total all classes of electricity producer","Other types of electricity generation","Megawatt hours","210","units","0","v1059484814","4.1.10","0","","","","0"
"2021-06","Nova Scotia","2016A000212","Electricity producers, electric utilities","Total all types of electricity generation","Megawatt hours","210","units","0","v44174726","4.2.1","592017","","","","0"
"2021-06","Nova Scotia","2016A000212","Electricity producers, electric utilities","Hydraulic turbine","Megawatt hours","210","units","0","v44174727","4.2.2","63984","","","","0"
"2021-06","Nova Scotia","2016A000212","Electricity producers, electric utilities","Conventional steam turbine","Megawatt hours","210","units","0","v44174728","4.2.3","","..","","","0"
"2021-06","Nova Scotia","2016A000212","Electricity producers, electric utilities","Combustion turbine","Megawatt hours","210","units","0","v44174729","4.2.6","","..","","","0"
"2021-06","Nova Scotia","2016A000212","Electricity producers, electric utilities","Total electricity production from combustible fuels","Megawatt hours","210","units","0","v1059484842","4.2.11","434820","","","","0"
"2021-06","Nova Scotia","2016A000212","Electricity producers, electric utilities","Total electricity production from non-renewable combustible fuels","Megawatt hours","210","units","0","v1146006340","4.2.12","405778","","","","0"
"2021-06","Nova Scotia","2016A000212","Electricity producers, electric utilities","Total electricity production from biomass","Megawatt hours","210","units","0","v1146006382","4.2.13","29042","","","","0"
"2021-06","Nova Scotia","2016A000212","Electricity producers, electric utilities","Tidal power turbine","Megawatt hours","210","units","0","v44174730","4.2.7","0","","","","0"
"2021-06","Nova Scotia","2016A000212","Electricity producers, electric utilities","Wind power turbine","Megawatt hours","210","units","0","v44174731","4.2.8","93213","","","","0"
"2021-06","Nova Scotia","2016A000212","Electricity producers, electric utilities","Solar","Megawatt hours","210","units","0","v1059484915","4.2.9","0","","","","0"
"2021-06","Nova Scotia","2016A000212","Electricity producers, electric utilities","Other types of electricity generation","Megawatt hours","210","units","0","v1059484815","4.2.10","0","","","","0"
"2021-06","Nova Scotia","2016A000212","Electricity producers, industries","Total all types of electricity generation","Megawatt hours","210","units","0","v44174732","4.3.1","3544","","","","0"
"2021-06","Nova Scotia","2016A000212","Electricity producers, industries","Hydraulic turbine","Megawatt hours","210","units","0","v44174733","4.3.2","","..","","","0"
"2021-06","Nova Scotia","2016A000212","Electricity producers, industries","Conventional steam turbine","Megawatt hours","210","units","0","v44174734","4.3.3","","..","","","0"
"2021-06","Nova Scotia","2016A000212","Electricity producers, industries","Total electricity production from combustible fuels","Megawatt hours","210","units","0","v1059484843","4.3.11","462","","","","0"
"2021-06","Nova Scotia","2016A000212","Electricity producers, industries","Total electricity production from non-renewable combustible fuels","Megawatt hours","210","units","0","v1146006341","4.3.12","0","","","","0"
"2021-06","Nova Scotia","2016A000212","Electricity producers, industries","Total electricity production from biomass","Megawatt hours","210","units","0","v1146006383","4.3.13","462","","","","0"
"2021-06","Nova Scotia","2016A000212","Electricity producers, industries","Tidal power turbine","Megawatt hours","210","units","0","v1059484884","4.3.7","0","","","","0"
"2021-06","Nova Scotia","2016A000212","Electricity producers, industries","Wind power turbine","Megawatt hours","210","units","0","v62460553","4.3.8","3082","","","","0"
"2021-06","Nova Scotia","2016A000212","Electricity producers, industries","Solar","Megawatt hours","210","units","0","v1059484916","4.3.9","0","","","","0"
"2021-06","Nova Scotia","2016A000212","Electricity producers, industries","Other types of electricity generation","Megawatt hours","210","units","0","v1059484816","4.3.10","0","","","","0"
"2021-07","Nova Scotia","2016A000212","Total all classes of electricity producer","Total all types of electricity generation","Megawatt hours","210","units","0","v44174720","4.1.1","668025","","","","0"
"2021-07","Nova Scotia","2016A000212","Total all classes of electricity producer","Hydraulic turbine","Megawatt hours","210","units","0","v44174721","4.1.2","30310","","","","0"
"2021-07","Nova Scotia","2016A000212","Total all classes of electricity producer","Conventional steam turbine","Megawatt hours","210","units","0","v44174722","4.1.3","","..","","","0"
"2021-07","Nova Scotia","2016A000212","Total all classes of electricity producer","Combustion turbine","Megawatt hours","210","units","0","v44174723","4.1.6","","..","","","0"
"2021-07","Nova Scotia","2016A000212","Total all classes of electricity producer","Total electricity production from combustible fuels","Megawatt hours","210","units","0","v1059484841","4.1.11","569685","","","","0"
"2021-07","Nova Scotia","2016A000212","Total all classes of electricity producer","Total electricity production from non-renewable combustible fuels","Megawatt hours","210","units","0","v1146006339","4.1.12","535161","","","","0"
"2021-07","Nova Scotia","2016A000212","Total all classes of electricity producer","Total electricity production from biomass","Megawatt hours","210","units","0","v1146006381","4.1.13","34524","","","","0"
"2021-07","Nova Scotia","2016A000212","Total all classes of electricity producer","Tidal power turbine","Megawatt hours","210","units","0","v44174724","4.1.7","0","","","","0"
"2021-07","Nova Scotia","2016A000212","Total all classes of electricity producer","Wind power turbine","Megawatt hours","210","units","0","v44174725","4.1.8","68030","","","","0"
"2021-07","Nova Scotia","2016A000212","Total all classes of electricity producer","Solar","Megawatt hours","210","units","0","v1059484914","4.1.9","0","","","","0"
"2021-07","Nova Scotia","2016A000212","Total all classes of electricity producer","Other types of electricity generation","Megawatt hours","210","units","0","v1059484814","4.1.10","0","","","","0"
"2021-07","Nova Scotia","2016A000212","Electricity producers, electric utilities","Total all types of electricity generation","Megawatt hours","210","units","0","v44174726","4.2.1","665202","","","","0"
"2021-07","Nova Scotia","2016A000212","Electricity producers, electric utilities","Hydraulic turbine","Megawatt hours","210","units","0","v44174727","4.2.2","30310","","","","0"
"2021-07","Nova Scotia","2016A000212","Electricity producers, electric utilities","Conventional steam turbine","Megawatt hours","210","units","0","v44174728","4.2.3","","..","","","0"
"2021-07","Nova Scotia","2016A000212","Electricity producers, electric utilities","Combustion turbine","Megawatt hours","210","units","0","v44174729","4.2.6","","..","","","0"
"2021-07","Nova Scotia","2016A000212","Electricity producers, electric utilities","Total electricity production from combustible fuels","Megawatt hours","210","units","0","v1059484842","4.2.11","569189","","","","0"
"2021-07","Nova Scotia","2016A000212","Electricity producers, electric utilities","Total electricity production from non-renewable combustible fuels","Megawatt hours","210","units","0","v1146006340","4.2.12","535161","","","","0"
"2021-07","Nova Scotia","2016A000212","Electricity producers, electric utilities","Total electricity production from biomass","Megawatt hours","210","units","0","v1146006382","4.2.13","34028","","","","0"
"2021-07","Nova Scotia","2016A000212","Electricity producers, electric utilities","Tidal power turbine","Megawatt hours","210","units","0","v44174730","4.2.7","0","","","","0"
"2021-07","Nova Scotia","2016A000212","Electricity producers, electric utilities","Wind power turbine","Megawatt hours","210","units","0","v44174731","4.2.8","65703","","","","0"
"2021-07","Nova Scotia","2016A000212","Electricity producers, electric utilities","Solar","Megawatt hours","210","units","0","v1059484915","4.2.9","0","","","","0"
"2021-07","Nova Scotia","2016A000212","Electricity producers, electric utilities","Other types of electricity generation","Megawatt hours","210","units","0","v1059484815","4.2.10","0","","","","0"
"2021-07","Nova Scotia","2016A000212","Electricity producers, industries","Total all types of electricity generation","Megawatt hours","210","units","0","v44174732","4.3.1","2823","","","","0"
"2021-07","Nova Scotia","2016A000212","Electricity producers, industries","Hydraulic turbine","Megawatt hours","210","units","0","v44174733","4.3.2","","..","","","0"
"2021-07","Nova Scotia","2016A000212","Electricity producers, industries","Conventional steam turbine","Megawatt hours","210","units","0","v44174734","4.3.3","","..","","","0"
"2021-07","Nova Scotia","2016A000212","Electricity producers, industries","Total electricity production from combustible fuels","Megawatt hours","210","units","0","v1059484843","4.3.11","496","","","","0"
"2021-07","Nova Scotia","2016A000212","Electricity producers, industries","Total electricity production from non-renewable combustible fuels","Megawatt hours","210","units","0","v1146006341","4.3.12","0","","","","0"
"2021-07","Nova Scotia","2016A000212","Electricity producers, industries","Total electricity production from biomass","Megawatt hours","210","units","0","v1146006383","4.3.13","496","","","","0"
"2021-07","Nova Scotia","2016A000212","Electricity producers, industries","Tidal power turbine","Megawatt hours","210","units","0","v1059484884","4.3.7","0","","","","0"
"2021-07","Nova Scotia","2016A000212","Electricity producers, industries","Wind power turbine","Megawatt hours","210","units","0","v62460553","4.3.8","2327","","","","0"
"2021-07","Nova Scotia","2016A000212","Electricity producers, industries","Solar","Megawatt hours","210","units","0","v1059484916","4.3.9","0","","","","0"
"2021-07","Nova Scotia","2016A000212","Electricity producers, industries","Other types of electricity generation","Megawatt hours","210","units","0","v1059484816","4.3.10","0","","","","0"
"2021-08","Nova Scotia","2016A000212","Total all classes of electricity producer","Total all types of electricity generation","Megawatt hours","210","units","0","v44174720","4.1.1","699742","","","","0"
"2021-08","Nova Scotia","2016A000212","Total all classes of electricity producer","Hydraulic turbine","Megawatt hours","210","units","0","v44174721","4.1.2","17576","","","","0"
"2021-08","Nova Scotia","2016A000212","Total all classes of electricity producer","Conventional steam turbine","Megawatt hours","210","units","0","v44174722","4.1.3","","..","","","0"
"2021-08","Nova Scotia","2016A000212","Total all classes of electricity producer","Combustion turbine","Megawatt hours","210","units","0","v44174723","4.1.6","","..","","","0"
"2021-08","Nova Scotia","2016A000212","Total all classes of electricity producer","Total electricity production from combustible fuels","Megawatt hours","210","units","0","v1059484841","4.1.11","624835","","","","0"
"2021-08","Nova Scotia","2016A000212","Total all classes of electricity producer","Total electricity production from non-renewable combustible fuels","Megawatt hours","210","units","0","v1146006339","4.1.12","593988","","","","0"
"2021-08","Nova Scotia","2016A000212","Total all classes of electricity producer","Total electricity production from biomass","Megawatt hours","210","units","0","v1146006381","4.1.13","30847","","","","0"
"2021-08","Nova Scotia","2016A000212","Total all classes of electricity producer","Tidal power turbine","Megawatt hours","210","units","0","v44174724","4.1.7","0","","","","0"
"2021-08","Nova Scotia","2016A000212","Total all classes of electricity producer","Wind power turbine","Megawatt hours","210","units","0","v44174725","4.1.8","57331","","","","0"
"2021-08","Nova Scotia","2016A000212","Total all classes of electricity producer","Solar","Megawatt hours","210","units","0","v1059484914","4.1.9","0","","","","0"
"2021-08","Nova Scotia","2016A000212","Total all classes of electricity producer","Other types of electricity generation","Megawatt hours","210","units","0","v1059484814","4.1.10","0","","","","0"
"2021-08","Nova Scotia","2016A000212","Electricity producers, electric utilities","Total all types of electricity generation","Megawatt hours","210","units","0","v44174726","4.2.1","697726","","","","0"
"2021-08","Nova Scotia","2016A000212","Electricity producers, electric utilities","Hydraulic turbine","Megawatt hours","210","units","0","v44174727","4.2.2","17576","","","","0"
"2021-08","Nova Scotia","2016A000212","Electricity producers, electric utilities","Conventional steam turbine","Megawatt hours","210","units","0","v44174728","4.2.3","","..","","","0"
"2021-08","Nova Scotia","2016A000212","Electricity producers, electric utilities","Combustion turbine","Megawatt hours","210","units","0","v44174729","4.2.6","","..","","","0"
"2021-08","Nova Scotia","2016A000212","Electricity producers, electric utilities","Total electricity production from combustible fuels","Megawatt hours","210","units","0","v1059484842","4.2.11","624520","","","","0"
"2021-08","Nova Scotia","2016A000212","Electricity producers, electric utilities","Total electricity production from non-renewable combustible fuels","Megawatt hours","210","units","0","v1146006340","4.2.12","593988","","","","0"
"2021-08","Nova Scotia","2016A000212","Electricity producers, electric utilities","Total electricity production from biomass","Megawatt hours","210","units","0","v1146006382","4.2.13","30532","","","","0"
"2021-08","Nova Scotia","2016A000212","Electricity producers, electric utilities","Tidal power turbine","Megawatt hours","210","units","0","v44174730","4.2.7","0","","","","0"
"2021-08","Nova Scotia","2016A000212","Electricity producers, electric utilities","Wind power turbine","Megawatt hours","210","units","0","v44174731","4.2.8","55630","","","","0"
"2021-08","Nova Scotia","2016A000212","Electricity producers, electric utilities","Solar","Megawatt hours","210","units","0","v1059484915","4.2.9","0","","","","0"
"2021-08","Nova Scotia","2016A000212","Electricity producers, electric utilities","Other types of electricity generation","Megawatt hours","210","units","0","v1059484815","4.2.10","0","","","","0"
"2021-08","Nova Scotia","2016A000212","Electricity producers, industries","Total all types of electricity generation","Megawatt hours","210","units","0","v44174732","4.3.1","2016","","","","0"
"2021-08","Nova Scotia","2016A000212","Electricity producers, industries","Hydraulic turbine","Megawatt hours","210","units","0","v44174733","4.3.2","","..","","","0"
"2021-08","Nova Scotia","2016A000212","Electricity producers, industries","Conventional steam turbine","Megawatt hours","210","units","0","v44174734","4.3.3","","..","","","0"
"2021-08","Nova Scotia","2016A000212","Electricity producers, industries","Total electricity production from combustible fuels","Megawatt hours","210","units","0","v1059484843","4.3.11","315","","","","0"
"2021-08","Nova Scotia","2016A000212","Electricity producers, industries","Total electricity production from non-renewable combustible fuels","Megawatt hours","210","units","0","v1146006341","4.3.12","0","","","","0"
"2021-08","Nova Scotia","2016A000212","Electricity producers, industries","Total electricity production from biomass","Megawatt hours","210","units","0","v1146006383","4.3.13","315","","","","0"
"2021-08","Nova Scotia","2016A000212","Electricity producers, industries","Tidal power turbine","Megawatt hours","210","units","0","v1059484884","4.3.7","0","","","","0"
"2021-08","Nova Scotia","2016A000212","Electricity producers, industries","Wind power turbine","Megawatt hours","210","units","0","v62460553","4.3.8","1701","","","","0"
"2021-08","Nova Scotia","2016A000212","Electricity producers, industries","Solar","Megawatt hours","210","units","0","v1059484916","4.3.9","0","","","","0"
"2021-08","Nova Scotia","2016A000212","Electricity producers, industries","Other types of electricity generation","Megawatt hours","210","units","0","v1059484816","4.3.10","0","","","","0"
"2021-09","Nova Scotia","2016A000212","Total all classes of electricity producer","Total all types of electricity generation","Megawatt hours","210","units","0","v44174720","4.1.1","595063","","","","0"
"2021-09","Nova Scotia","2016A000212","Total all classes of electricity producer","Hydraulic turbine","Megawatt hours","210","units","0","v44174721","4.1.2","29449","","","","0"
"2021-09","Nova Scotia","2016A000212","Total all classes of electricity producer","Conventional steam turbine","Megawatt hours","210","units","0","v44174722","4.1.3","","..","","","0"
"2021-09","Nova Scotia","2016A000212","Total all classes of electricity producer","Combustion turbine","Megawatt hours","210","units","0","v44174723","4.1.6","","..","","","0"
"2021-09","Nova Scotia","2016A000212","Total all classes of electricity producer","Total electricity production from combustible fuels","Megawatt hours","210","units","0","v1059484841","4.1.11","480236","","","","0"
"2021-09","Nova Scotia","2016A000212","Total all classes of electricity producer","Total electricity production from non-renewable combustible fuels","Megawatt hours","210","units","0","v1146006339","4.1.12","445593","","","","0"
"2021-09","Nova Scotia","2016A000212","Total all classes of electricity producer","Total electricity production from biomass","Megawatt hours","210","units","0","v1146006381","4.1.13","34643","","","","0"
"2021-09","Nova Scotia","2016A000212","Total all classes of electricity producer","Tidal power turbine","Megawatt hours","210","units","0","v44174724","4.1.7","0","","","","0"
"2021-09","Nova Scotia","2016A000212","Total all classes of electricity producer","Wind power turbine","Megawatt hours","210","units","0","v44174725","4.1.8","85378","","","","0"
"2021-09","Nova Scotia","2016A000212","Total all classes of electricity producer","Solar","Megawatt hours","210","units","0","v1059484914","4.1.9","0","","","","0"
"2021-09","Nova Scotia","2016A000212","Total all classes of electricity producer","Other types of electricity generation","Megawatt hours","210","units","0","v1059484814","4.1.10","0","","","","0"
"2021-09","Nova Scotia","2016A000212","Electricity producers, electric utilities","Total all types of electricity generation","Megawatt hours","210","units","0","v44174726","4.2.1","592805","","","","0"
"2021-09","Nova Scotia","2016A000212","Electricity producers, electric utilities","Hydraulic turbine","Megawatt hours","210","units","0","v44174727","4.2.2","29449","","","","0"
"2021-09","Nova Scotia","2016A000212","Electricity producers, electric utilities","Conventional steam turbine","Megawatt hours","210","units","0","v44174728","4.2.3","","..","","","0"
"2021-09","Nova Scotia","2016A000212","Electricity producers, electric utilities","Combustion turbine","Megawatt hours","210","units","0","v44174729","4.2.6","","..","","","0"
"2021-09","Nova Scotia","2016A000212","Electricity producers, electric utilities","Total electricity production from combustible fuels","Megawatt hours","210","units","0","v1059484842","4.2.11","480212","","","","0"
"2021-09","Nova Scotia","2016A000212","Electricity producers, electric utilities","Total electricity production from non-renewable combustible fuels","Megawatt hours","210","units","0","v1146006340","4.2.12","445593","","","","0"
"2021-09","Nova Scotia","2016A000212","Electricity producers, electric utilities","Total electricity production from biomass","Megawatt hours","210","units","0","v1146006382","4.2.13","34619","","","","0"
"2021-09","Nova Scotia","2016A000212","Electricity producers, electric utilities","Tidal power turbine","Megawatt hours","210","units","0","v44174730","4.2.7","0","","","","0"
"2021-09","Nova Scotia","2016A000212","Electricity producers, electric utilities","Wind power turbine","Megawatt hours","210","units","0","v44174731","4.2.8","83144","","","","0"
"2021-09","Nova Scotia","2016A000212","Electricity producers, electric utilities","Solar","Megawatt hours","210","units","0","v1059484915","4.2.9","0","","","","0"
"2021-09","Nova Scotia","2016A000212","Electricity producers, electric utilities","Other types of electricity generation","Megawatt hours","210","units","0","v1059484815","4.2.10","0","","","","0"
"2021-09","Nova Scotia","2016A000212","Electricity producers, industries","Total all types of electricity generation","Megawatt hours","210","units","0","v44174732","4.3.1","2258","","","","0"
"2021-09","Nova Scotia","2016A000212","Electricity producers, industries","Hydraulic turbine","Megawatt hours","210","units","0","v44174733","4.3.2","","..","","","0"
"2021-09","Nova Scotia","2016A000212","Electricity producers, industries","Conventional steam turbine","Megawatt hours","210","units","0","v44174734","4.3.3","","..","","","0"
"2021-09","Nova Scotia","2016A000212","Electricity producers, industries","Total electricity production from combustible fuels","Megawatt hours","210","units","0","v1059484843","4.3.11","24","","","","0"
"2021-09","Nova Scotia","2016A000212","Electricity producers, industries","Total electricity production from non-renewable combustible fuels","Megawatt hours","210","units","0","v1146006341","4.3.12","0","","","","0"
"2021-09","Nova Scotia","2016A000212","Electricity producers, industries","Total electricity production from biomass","Megawatt hours","210","units","0","v1146006383","4.3.13","24","","","","0"
"2021-09","Nova Scotia","2016A000212","Electricity producers, industries","Tidal power turbine","Megawatt hours","210","units","0","v1059484884","4.3.7","0","","","","0"
"2021-09","Nova Scotia","2016A000212","Electricity producers, industries","Wind power turbine","Megawatt hours","210","units","0","v62460553","4.3.8","2234","","","","0"
"2021-09","Nova Scotia","2016A000212","Electricity producers, industries","Solar","Megawatt hours","210","units","0","v1059484916","4.3.9","0","","","","0"
"2021-09","Nova Scotia","2016A000212","Electricity producers, industries","Other types of electricity generation","Megawatt hours","210","units","0","v1059484816","4.3.10","0","","","","0"
"2021-10","Nova Scotia","2016A000212","Total all classes of electricity producer","Total all types of electricity generation","Megawatt hours","210","units","0","v44174720","4.1.1","713242","","","","0"
"2021-10","Nova Scotia","2016A000212","Total all classes of electricity producer","Hydraulic turbine","Megawatt hours","210","units","0","v44174721","4.1.2","27620","","","","0"
"2021-10","Nova Scotia","2016A000212","Total all classes of electricity producer","Conventional steam turbine","Megawatt hours","210","units","0","v44174722","4.1.3","","..","","","0"
"2021-10","Nova Scotia","2016A000212","Total all classes of electricity producer","Combustion turbine","Megawatt hours","210","units","0","v44174723","4.1.6","","..","","","0"
"2021-10","Nova Scotia","2016A000212","Total all classes of electricity producer","Total electricity production from combustible fuels","Megawatt hours","210","units","0","v1059484841","4.1.11","604993","","","","0"
"2021-10","Nova Scotia","2016A000212","Total all classes of electricity producer","Total electricity production from non-renewable combustible fuels","Megawatt hours","210","units","0","v1146006339","4.1.12","582624","","","","0"
"2021-10","Nova Scotia","2016A000212","Total all classes of electricity producer","Total electricity production from biomass","Megawatt hours","210","units","0","v1146006381","4.1.13","22369","","","","0"
"2021-10","Nova Scotia","2016A000212","Total all classes of electricity producer","Tidal power turbine","Megawatt hours","210","units","0","v44174724","4.1.7","0","","","","0"
"2021-10","Nova Scotia","2016A000212","Total all classes of electricity producer","Wind power turbine","Megawatt hours","210","units","0","v44174725","4.1.8","80629","","","","0"
"2021-10","Nova Scotia","2016A000212","Total all classes of electricity producer","Solar","Megawatt hours","210","units","0","v1059484914","4.1.9","0","","","","0"
"2021-10","Nova Scotia","2016A000212","Total all classes of electricity producer","Other types of electricity generation","Megawatt hours","210","units","0","v1059484814","4.1.10","0","","","","0"
"2021-10","Nova Scotia","2016A000212","Electricity producers, electric utilities","Total all types of electricity generation","Megawatt hours","210","units","0","v44174726","4.2.1","711265","","","","0"
"2021-10","Nova Scotia","2016A000212","Electricity producers, electric utilities","Hydraulic turbine","Megawatt hours","210","units","0","v44174727","4.2.2","27620","","","","0"
"2021-10","Nova Scotia","2016A000212","Electricity producers, electric utilities","Conventional steam turbine","Megawatt hours","210","units","0","v44174728","4.2.3","","..","","","0"
"2021-10","Nova Scotia","2016A000212","Electricity producers, electric utilities","Combustion turbine","Megawatt hours","210","units","0","v44174729","4.2.6","","..","","","0"
"2021-10","Nova Scotia","2016A000212","Electricity producers, electric utilities","Total electricity production from combustible fuels","Megawatt hours","210","units","0","v1059484842","4.2.11","604495","","","","0"
"2021-10","Nova Scotia","2016A000212","Electricity producers, electric utilities","Total electricity production from non-renewable combustible fuels","Megawatt hours","210","units","0","v1146006340","4.2.12","582624","","","","0"
"2021-10","Nova Scotia","2016A000212","Electricity producers, electric utilities","Total electricity production from biomass","Megawatt hours","210","units","0","v1146006382","4.2.13","21871","","","","0"
"2021-10","Nova Scotia","2016A000212","Electricity producers, electric utilities","Tidal power turbine","Megawatt hours","210","units","0","v44174730","4.2.7","0","","","","0"
"2021-10","Nova Scotia","2016A000212","Electricity producers, electric utilities","Wind power turbine","Megawatt hours","210","units","0","v44174731","4.2.8","79150","","","","0"
"2021-10","Nova Scotia","2016A000212","Electricity producers, electric utilities","Solar","Megawatt hours","210","units","0","v1059484915","4.2.9","0","","","","0"
"2021-10","Nova Scotia","2016A000212","Electricity producers, electric utilities","Other types of electricity generation","Megawatt hours","210","units","0","v1059484815","4.2.10","0","","","","0"
"2021-10","Nova Scotia","2016A000212","Electricity producers, industries","Total all types of electricity generation","Megawatt hours","210","units","0","v44174732","4.3.1","1977","","","","0"
"2021-10","Nova Scotia","2016A000212","Electricity producers, industries","Hydraulic turbine","Megawatt hours","210","units","0","v44174733","4.3.2","","..","","","0"
"2021-10","Nova Scotia","2016A000212","Electricity producers, industries","Conventional steam turbine","Megawatt hours","210","units","0","v44174734","4.3.3","","..","","","0"
"2021-10","Nova Scotia","2016A000212","Electricity producers, industries","Total electricity production from combustible fuels","Megawatt hours","210","units","0","v1059484843","4.3.11","498","","","","0"
"2021-10","Nova Scotia","2016A000212","Electricity producers, industries","Total electricity production from non-renewable combustible fuels","Megawatt hours","210","units","0","v1146006341","4.3.12","0","","","","0"
"2021-10","Nova Scotia","2016A000212","Electricity producers, industries","Total electricity production from biomass","Megawatt hours","210","units","0","v1146006383","4.3.13","498","","","","0"
"2021-10","Nova Scotia","2016A000212","Electricity producers, industries","Tidal power turbine","Megawatt hours","210","units","0","v1059484884","4.3.7","0","","","","0"
"2021-10","Nova Scotia","2016A000212","Electricity producers, industries","Wind power turbine","Megawatt hours","210","units","0","v62460553","4.3.8","1479","","","","0"
"2021-10","Nova Scotia","2016A000212","Electricity producers, industries","Solar","Megawatt hours","210","units","0","v1059484916","4.3.9","0","","","","0"
"2021-10","Nova Scotia","2016A000212","Electricity producers, industries","Other types of electricity generation","Megawatt hours","210","units","0","v1059484816","4.3.10","0","","","","0"
"2021-11","Nova Scotia","2016A000212","Total all classes of electricity producer","Total all types of electricity generation","Megawatt hours","210","units","0","v44174720","4.1.1","755955","","","","0"
"2021-11","Nova Scotia","2016A000212","Total all classes of electricity producer","Hydraulic turbine","Megawatt hours","210","units","0","v44174721","4.1.2","52023","","","","0"
"2021-11","Nova Scotia","2016A000212","Total all classes of electricity producer","Conventional steam turbine","Megawatt hours","210","units","0","v44174722","4.1.3","","..","","","0"
"2021-11","Nova Scotia","2016A000212","Total all classes of electricity producer","Combustion turbine","Megawatt hours","210","units","0","v44174723","4.1.6","","..","","","0"
"2021-11","Nova Scotia","2016A000212","Total all classes of electricity producer","Total electricity production from combustible fuels","Megawatt hours","210","units","0","v1059484841","4.1.11","598141","","","","0"
"2021-11","Nova Scotia","2016A000212","Total all classes of electricity producer","Total electricity production from non-renewable combustible fuels","Megawatt hours","210","units","0","v1146006339","4.1.12","589033","","","","0"
"2021-11","Nova Scotia","2016A000212","Total all classes of electricity producer","Total electricity production from biomass","Megawatt hours","210","units","0","v1146006381","4.1.13","9108","","","","0"
"2021-11","Nova Scotia","2016A000212","Total all classes of electricity producer","Tidal power turbine","Megawatt hours","210","units","0","v44174724","4.1.7","0","","","","0"
"2021-11","Nova Scotia","2016A000212","Total all classes of electricity producer","Wind power turbine","Megawatt hours","210","units","0","v44174725","4.1.8","105791","","","","0"
"2021-11","Nova Scotia","2016A000212","Total all classes of electricity producer","Solar","Megawatt hours","210","units","0","v1059484914","4.1.9","0","","","","0"
"2021-11","Nova Scotia","2016A000212","Total all classes of electricity producer","Other types of electricity generation","Megawatt hours","210","units","0","v1059484814","4.1.10","0","","","","0"
"2021-11","Nova Scotia","2016A000212","Electricity producers, electric utilities","Total all types of electricity generation","Megawatt hours","210","units","0","v44174726","4.2.1","753217","","","","0"
"2021-11","Nova Scotia","2016A000212","Electricity producers, electric utilities","Hydraulic turbine","Megawatt hours","210","units","0","v44174727","4.2.2","52023","","","","0"
"2021-11","Nova Scotia","2016A000212","Electricity producers, electric utilities","Conventional steam turbine","Megawatt hours","210","units","0","v44174728","4.2.3","","..","","","0"
"2021-11","Nova Scotia","2016A000212","Electricity producers, electric utilities","Combustion turbine","Megawatt hours","210","units","0","v44174729","4.2.6","","..","","","0"
"2021-11","Nova Scotia","2016A000212","Electricity producers, electric utilities","Total electricity production from combustible fuels","Megawatt hours","210","units","0","v1059484842","4.2.11","597728","","","","0"
"2021-11","Nova Scotia","2016A000212","Electricity producers, electric utilities","Total electricity production from non-renewable combustible fuels","Megawatt hours","210","units","0","v1146006340","4.2.12","589033","","","","0"
"2021-11","Nova Scotia","2016A000212","Electricity producers, electric utilities","Total electricity production from biomass","Megawatt hours","210","units","0","v1146006382","4.2.13","8695","","","","0"
"2021-11","Nova Scotia","2016A000212","Electricity producers, electric utilities","Tidal power turbine","Megawatt hours","210","units","0","v44174730","4.2.7","0","","","","0"
"2021-11","Nova Scotia","2016A000212","Electricity producers, electric utilities","Wind power turbine","Megawatt hours","210","units","0","v44174731","4.2.8","103466","","","","0"
"2021-11","Nova Scotia","2016A000212","Electricity producers, electric utilities","Solar","Megawatt hours","210","units","0","v1059484915","4.2.9","0","","","","0"
"2021-11","Nova Scotia","2016A000212","Electricity producers, electric utilities","Other types of electricity generation","Megawatt hours","210","units","0","v1059484815","4.2.10","0","","","","0"
"2021-11","Nova Scotia","2016A000212","Electricity producers, industries","Total all types of electricity generation","Megawatt hours","210","units","0","v44174732","4.3.1","2738","","","","0"
"2021-11","Nova Scotia","2016A000212","Electricity producers, industries","Hydraulic turbine","Megawatt hours","210","units","0","v44174733","4.3.2","","..","","","0"
"2021-11","Nova Scotia","2016A000212","Electricity producers, industries","Conventional steam turbine","Megawatt hours","210","units","0","v44174734","4.3.3","","..","","","0"
"2021-11","Nova Scotia","2016A000212","Electricity producers, industries","Total electricity production from combustible fuels","Megawatt hours","210","units","0","v1059484843","4.3.11","413","","","","0"
"2021-11","Nova Scotia","2016A000212","Electricity producers, industries","Total electricity production from non-renewable combustible fuels","Megawatt hours","210","units","0","v1146006341","4.3.12","0","","","","0"
"2021-11","Nova Scotia","2016A000212","Electricity producers, industries","Total electricity production from biomass","Megawatt hours","210","units","0","v1146006383","4.3.13","413","","","","0"
"2021-11","Nova Scotia","2016A000212","Electricity producers, industries","Tidal power turbine","Megawatt hours","210","units","0","v1059484884","4.3.7","0","","","","0"
"2021-11","Nova Scotia","2016A000212","Electricity producers, industries","Wind power turbine","Megawatt hours","210","units","0","v62460553","4.3.8","2325","","","","0"
"2021-11","Nova Scotia","2016A000212","Electricity producers, industries","Solar","Megawatt hours","210","units","0","v1059484916","4.3.9","0","","","","0"
"2021-11","Nova Scotia","2016A000212","Electricity producers, industries","Other types of electricity generation","Megawatt hours","210","units","0","v1059484816","4.3.10","0","","","","0"
"2021-12","Nova Scotia","2016A000212","Total all classes of electricity producer","Total all types of electricity generation","Megawatt hours","210","units","0","v44174720","4.1.1","909868","","","","0"
"2021-12","Nova Scotia","2016A000212","Total all classes of electricity producer","Hydraulic turbine","Megawatt hours","210","units","0","v44174721","4.1.2","102547","","","","0"
"2021-12","Nova Scotia","2016A000212","Total all classes of electricity producer","Conventional steam turbine","Megawatt hours","210","units","0","v44174722","4.1.3","","..","","","0"
"2021-12","Nova Scotia","2016A000212","Total all classes of electricity producer","Combustion turbine","Megawatt hours","210","units","0","v44174723","4.1.6","","..","","","0"
"2021-12","Nova Scotia","2016A000212","Total all classes of electricity producer","Total electricity production from combustible fuels","Megawatt hours","210","units","0","v1059484841","4.1.11","693691","","","","0"
"2021-12","Nova Scotia","2016A000212","Total all classes of electricity producer","Total electricity production from non-renewable combustible fuels","Megawatt hours","210","units","0","v1146006339","4.1.12","662019","","","","0"
"2021-12","Nova Scotia","2016A000212","Total all classes of electricity producer","Total electricity production from biomass","Megawatt hours","210","units","0","v1146006381","4.1.13","31672","","","","0"
"2021-12","Nova Scotia","2016A000212","Total all classes of electricity producer","Tidal power turbine","Megawatt hours","210","units","0","v44174724","4.1.7","0","","","","0"
"2021-12","Nova Scotia","2016A000212","Total all classes of electricity producer","Wind power turbine","Megawatt hours","210","units","0","v44174725","4.1.8","113630","","","","0"
"2021-12","Nova Scotia","2016A000212","Total all classes of electricity producer","Solar","Megawatt hours","210","units","0","v1059484914","4.1.9","0","","","","0"
"2021-12","Nova Scotia","2016A000212","Total all classes of electricity producer","Other types of electricity generation","Megawatt hours","210","units","0","v1059484814","4.1.10","0","","","","0"
"2021-12","Nova Scotia","2016A000212","Electricity producers, electric utilities","Total all types of electricity generation","Megawatt hours","210","units","0","v44174726","4.2.1","905955","","","","0"
"2021-12","Nova Scotia","2016A000212","Electricity producers, electric utilities","Hydraulic turbine","Megawatt hours","210","units","0","v44174727","4.2.2","102547","","","","0"
"2021-12","Nova Scotia","2016A000212","Electricity producers, electric utilities","Conventional steam turbine","Megawatt hours","210","units","0","v44174728","4.2.3","","..","","","0"
"2021-12","Nova Scotia","2016A000212","Electricity producers, electric utilities","Combustion turbine","Megawatt hours","210","units","0","v44174729","4.2.6","","..","","","0"
"2021-12","Nova Scotia","2016A000212","Electricity producers, electric utilities","Total electricity production from combustible fuels","Megawatt hours","210","units","0","v1059484842","4.2.11","693356","","","","0"
"2021-12","Nova Scotia","2016A000212","Electricity producers, electric utilities","Total electricity production from non-renewable combustible fuels","Megawatt hours","210","units","0","v1146006340","4.2.12","662019","","","","0"
"2021-12","Nova Scotia","2016A000212","Electricity producers, electric utilities","Total electricity production from biomass","Megawatt hours","210","units","0","v1146006382","4.2.13","31337","","","","0"
"2021-12","Nova Scotia","2016A000212","Electricity producers, electric utilities","Tidal power turbine","Megawatt hours","210","units","0","v44174730","4.2.7","0","","","","0"
"2021-12","Nova Scotia","2016A000212","Electricity producers, electric utilities","Wind power turbine","Megawatt hours","210","units","0","v44174731","4.2.8","110052","","","","0"
"2021-12","Nova Scotia","2016A000212","Electricity producers, electric utilities","Solar","Megawatt hours","210","units","0","v1059484915","4.2.9","0","","","","0"
"2021-12","Nova Scotia","2016A000212","Electricity producers, electric utilities","Other types of electricity generation","Megawatt hours","210","units","0","v1059484815","4.2.10","0","","","","0"
"2021-12","Nova Scotia","2016A000212","Electricity producers, industries","Total all types of electricity generation","Megawatt hours","210","units","0","v44174732","4.3.1","3913","","","","0"
"2021-12","Nova Scotia","2016A000212","Electricity producers, industries","Hydraulic turbine","Megawatt hours","210","units","0","v44174733","4.3.2","","..","","","0"
"2021-12","Nova Scotia","2016A000212","Electricity producers, industries","Conventional steam turbine","Megawatt hours","210","units","0","v44174734","4.3.3","","..","","","0"
"2021-12","Nova Scotia","2016A000212","Electricity producers, industries","Total electricity production from combustible fuels","Megawatt hours","210","units","0","v1059484843","4.3.11","335","","","","0"
"2021-12","Nova Scotia","2016A000212","Electricity producers, industries","Total electricity production from non-renewable combustible fuels","Megawatt hours","210","units","0","v1146006341","4.3.12","0","","","","0"
"2021-12","Nova Scotia","2016A000212","Electricity producers, industries","Total electricity production from biomass","Megawatt hours","210","units","0","v1146006383","4.3.13","335","","","","0"
"2021-12","Nova Scotia","2016A000212","Electricity producers, industries","Tidal power turbine","Megawatt hours","210","units","0","v1059484884","4.3.7","0","","","","0"
"2021-12","Nova Scotia","2016A000212","Electricity producers, industries","Wind power turbine","Megawatt hours","210","units","0","v62460553","4.3.8","3578","","","","0"
"2021-12","Nova Scotia","2016A000212","Electricity producers, industries","Solar","Megawatt hours","210","units","0","v1059484916","4.3.9","0","","","","0"
"2021-12","Nova Scotia","2016A000212","Electricity producers, industries","Other types of electricity generation","Megawatt hours","210","units","0","v1059484816","4.3.10","0","","","","0"
"2022-01","Nova Scotia","2016A000212","Total all classes of electricity producer","Total all types of electricity generation","Megawatt hours","210","units","0","v44174720","4.1.1","1061577","","","","0"
"2022-01","Nova Scotia","2016A000212","Total all classes of electricity producer","Hydraulic turbine","Megawatt hours","210","units","0","v44174721","4.1.2","138952","","","","0"
"2022-01","Nova Scotia","2016A000212","Total all classes of electricity producer","Conventional steam turbine","Megawatt hours","210","units","0","v44174722","4.1.3","","..","","","0"
"2022-01","Nova Scotia","2016A000212","Total all classes of electricity producer","Combustion turbine","Megawatt hours","210","units","0","v44174723","4.1.6","","..","","","0"
"2022-01","Nova Scotia","2016A000212","Total all classes of electricity producer","Total electricity production from combustible fuels","Megawatt hours","210","units","0","v1059484841","4.1.11","811889","","","","0"
"2022-01","Nova Scotia","2016A000212","Total all classes of electricity producer","Total electricity production from non-renewable combustible fuels","Megawatt hours","210","units","0","v1146006339","4.1.12","779864","","","","0"
"2022-01","Nova Scotia","2016A000212","Total all classes of electricity producer","Total electricity production from biomass","Megawatt hours","210","units","0","v1146006381","4.1.13","32025","","","","0"
"2022-01","Nova Scotia","2016A000212","Total all classes of electricity producer","Tidal power turbine","Megawatt hours","210","units","0","v44174724","4.1.7","0","","","","0"
"2022-01","Nova Scotia","2016A000212","Total all classes of electricity producer","Wind power turbine","Megawatt hours","210","units","0","v44174725","4.1.8","110736","","","","0"
"2022-01","Nova Scotia","2016A000212","Total all classes of electricity producer","Solar","Megawatt hours","210","units","0","v1059484914","4.1.9","0","","","","0"
"2022-01","Nova Scotia","2016A000212","Total all classes of electricity producer","Other types of electricity generation","Megawatt hours","210","units","0","v1059484814","4.1.10","0","","","","0"
"2022-01","Nova Scotia","2016A000212","Electricity producers, electric utilities","Total all types of electricity generation","Megawatt hours","210","units","0","v44174726","4.2.1","1061213","","","","0"
"2022-01","Nova Scotia","2016A000212","Electricity producers, electric utilities","Hydraulic turbine","Megawatt hours","210","units","0","v44174727","4.2.2","138952","","","","0"
"2022-01","Nova Scotia","2016A000212","Electricity producers, electric utilities","Conventional steam turbine","Megawatt hours","210","units","0","v44174728","4.2.3","","..","","","0"
"2022-01","Nova Scotia","2016A000212","Electricity producers, electric utilities","Combustion turbine","Megawatt hours","210","units","0","v44174729","4.2.6","","..","","","0"
"2022-01","Nova Scotia","2016A000212","Electricity producers, electric utilities","Total electricity production from combustible fuels","Megawatt hours","210","units","0","v1059484842","4.2.11","811525","","","","0"
"2022-01","Nova Scotia","2016A000212","Electricity producers, electric utilities","Total electricity production from non-renewable combustible fuels","Megawatt hours","210","units","0","v1146006340","4.2.12","779864","","","","0"
"2022-01","Nova Scotia","2016A000212","Electricity producers, electric utilities","Total electricity production from biomass","Megawatt hours","210","units","0","v1146006382","4.2.13","31661","","","","0"
"2022-01","Nova Scotia","2016A000212","Electricity producers, electric utilities","Tidal power turbine","Megawatt hours","210","units","0","v44174730","4.2.7","0","","","","0"
"2022-01","Nova Scotia","2016A000212","Electricity producers, electric utilities","Wind power turbine","Megawatt hours","210","units","0","v44174731","4.2.8","110736","","","","0"
"2022-01","Nova Scotia","2016A000212","Electricity producers, electric utilities","Solar","Megawatt hours","210","units","0","v1059484915","4.2.9","0","","","","0"
"2022-01","Nova Scotia","2016A000212","Electricity producers, electric utilities","Other types of electricity generation","Megawatt hours","210","units","0","v1059484815","4.2.10","0","","","","0"
"2022-01","Nova Scotia","2016A000212","Electricity producers, industries","Total all types of electricity generation","Megawatt hours","210","units","0","v44174732","4.3.1","364","","","","0"
"2022-01","Nova Scotia","2016A000212","Electricity producers, industries","Hydraulic turbine","Megawatt hours","210","units","0","v44174733","4.3.2","","..","","","0"
"2022-01","Nova Scotia","2016A000212","Electricity producers, industries","Conventional steam turbine","Megawatt hours","210","units","0","v44174734","4.3.3","","..","","","0"
"2022-01","Nova Scotia","2016A000212","Electricity producers, industries","Total electricity production from combustible fuels","Megawatt hours","210","units","0","v1059484843","4.3.11","364","","","","0"
"2022-01","Nova Scotia","2016A000212","Electricity producers, industries","Total electricity production from non-renewable combustible fuels","Megawatt hours","210","units","0","v1146006341","4.3.12","0","","","","0"
"2022-01","Nova Scotia","2016A000212","Electricity producers, industries","Total electricity production from biomass","Megawatt hours","210","units","0","v1146006383","4.3.13","364","","","","0"
"2022-01","Nova Scotia","2016A000212","Electricity producers, industries","Tidal power turbine","Megawatt hours","210","units","0","v1059484884","4.3.7","0","","","","0"
"2022-01","Nova Scotia","2016A000212","Electricity producers, industries","Wind power turbine","Megawatt hours","210","units","0","v62460553","4.3.8","0","","","","0"
"2022-01","Nova Scotia","2016A000212","Electricity producers, industries","Solar","Megawatt hours","210","units","0","v1059484916","4.3.9","0","","","","0"
"2022-01","Nova Scotia","2016A000212","Electricity producers, industries","Other types of electricity generation","Megawatt hours","210","units","0","v1059484816","4.3.10","0","","","","0"
"2022-02","Nova Scotia","2016A000212","Total all classes of electricity producer","Total all types of electricity generation","Megawatt hours","210","units","0","v44174720","4.1.1","913361","","","","0"
"2022-02","Nova Scotia","2016A000212","Total all classes of electricity producer","Hydraulic turbine","Megawatt hours","210","units","0","v44174721","4.1.2","107123","","","","0"
"2022-02","Nova Scotia","2016A000212","Total all classes of electricity producer","Conventional steam turbine","Megawatt hours","210","units","0","v44174722","4.1.3","","..","","","0"
"2022-02","Nova Scotia","2016A000212","Total all classes of electricity producer","Combustion turbine","Megawatt hours","210","units","0","v44174723","4.1.6","","..","","","0"
"2022-02","Nova Scotia","2016A000212","Total all classes of electricity producer","Total electricity production from combustible fuels","Megawatt hours","210","units","0","v1059484841","4.1.11","694070","","","","0"
"2022-02","Nova Scotia","2016A000212","Total all classes of electricity producer","Total electricity production from non-renewable combustible fuels","Megawatt hours","210","units","0","v1146006339","4.1.12","670591","","","","0"
"2022-02","Nova Scotia","2016A000212","Total all classes of electricity producer","Total electricity production from biomass","Megawatt hours","210","units","0","v1146006381","4.1.13","23479","","","","0"
"2022-02","Nova Scotia","2016A000212","Total all classes of electricity producer","Tidal power turbine","Megawatt hours","210","units","0","v44174724","4.1.7","0","","","","0"
"2022-02","Nova Scotia","2016A000212","Total all classes of electricity producer","Wind power turbine","Megawatt hours","210","units","0","v44174725","4.1.8","112168","","","","0"
"2022-02","Nova Scotia","2016A000212","Total all classes of electricity producer","Solar","Megawatt hours","210","units","0","v1059484914","4.1.9","0","","","","0"
"2022-02","Nova Scotia","2016A000212","Total all classes of electricity producer","Other types of electricity generation","Megawatt hours","210","units","0","v1059484814","4.1.10","0","","","","0"
"2022-02","Nova Scotia","2016A000212","Electricity producers, electric utilities","Total all types of electricity generation","Megawatt hours","210","units","0","v44174726","4.2.1","913059","","","","0"
"2022-02","Nova Scotia","2016A000212","Electricity producers, electric utilities","Hydraulic turbine","Megawatt hours","210","units","0","v44174727","4.2.2","107123","","","","0"
"2022-02","Nova Scotia","2016A000212","Electricity producers, electric utilities","Conventional steam turbine","Megawatt hours","210","units","0","v44174728","4.2.3","","..","","","0"
"2022-02","Nova Scotia","2016A000212","Electricity producers, electric utilities","Combustion turbine","Megawatt hours","210","units","0","v44174729","4.2.6","","..","","","0"
"2022-02","Nova Scotia","2016A000212","Electricity producers, electric utilities","Total electricity production from combustible fuels","Megawatt hours","210","units","0","v1059484842","4.2.11","693768","","","","0"
"2022-02","Nova Scotia","2016A000212","Electricity producers, electric utilities","Total electricity production from non-renewable combustible fuels","Megawatt hours","210","units","0","v1146006340","4.2.12","670591","","","","0"
"2022-02","Nova Scotia","2016A000212","Electricity producers, electric utilities","Total electricity production from biomass","Megawatt hours","210","units","0","v1146006382","4.2.13","23177","","","","0"
"2022-02","Nova Scotia","2016A000212","Electricity producers, electric utilities","Tidal power turbine","Megawatt hours","210","units","0","v44174730","4.2.7","0","","","","0"
"2022-02","Nova Scotia","2016A000212","Electricity producers, electric utilities","Wind power turbine","Megawatt hours","210","units","0","v44174731","4.2.8","112168","","","","0"
"2022-02","Nova Scotia","2016A000212","Electricity producers, electric utilities","Solar","Megawatt hours","210","units","0","v1059484915","4.2.9","0","","","","0"
"2022-02","Nova Scotia","2016A000212","Electricity producers, electric utilities","Other types of electricity generation","Megawatt hours","210","units","0","v1059484815","4.2.10","0","","","","0"
"2022-02","Nova Scotia","2016A000212","Electricity producers, industries","Total all types of electricity generation","Megawatt hours","210","units","0","v44174732","4.3.1","302","","","","0"
"2022-02","Nova Scotia","2016A000212","Electricity producers, industries","Hydraulic turbine","Megawatt hours","210","units","0","v44174733","4.3.2","","..","","","0"
"2022-02","Nova Scotia","2016A000212","Electricity producers, industries","Conventional steam turbine","Megawatt hours","210","units","0","v44174734","4.3.3","","..","","","0"
"2022-02","Nova Scotia","2016A000212","Electricity producers, industries","Total electricity production from combustible fuels","Megawatt hours","210","units","0","v1059484843","4.3.11","302","","","","0"
"2022-02","Nova Scotia","2016A000212","Electricity producers, industries","Total electricity production from non-renewable combustible fuels","Megawatt hours","210","units","0","v1146006341","4.3.12","0","","","","0"
"2022-02","Nova Scotia","2016A000212","Electricity producers, industries","Total electricity production from biomass","Megawatt hours","210","units","0","v1146006383","4.3.13","302","","","","0"
"2022-02","Nova Scotia","2016A000212","Electricity producers, industries","Tidal power turbine","Megawatt hours","210","units","0","v1059484884","4.3.7","0","","","","0"
"2022-02","Nova Scotia","2016A000212","Electricity producers, industries","Wind power turbine","Megawatt hours","210","units","0","v62460553","4.3.8","0","","","","0"
"2022-02","Nova Scotia","2016A000212","Electricity producers, industries","Solar","Megawatt hours","210","units","0","v1059484916","4.3.9","0","","","","0"
"2022-02","Nova Scotia","2016A000212","Electricity producers, industries","Other types of electricity generation","Megawatt hours","210","units","0","v1059484816","4.3.10","0","","","","0"
"2022-03","Nova Scotia","2016A000212","Total all classes of electricity producer","Total all types of electricity generation","Megawatt hours","210","units","0","v44174720","4.1.1","919351","","","","0"
"2022-03","Nova Scotia","2016A000212","Total all classes of electricity producer","Hydraulic turbine","Megawatt hours","210","units","0","v44174721","4.1.2","127359","","","","0"
"2022-03","Nova Scotia","2016A000212","Total all classes of electricity producer","Conventional steam turbine","Megawatt hours","210","units","0","v44174722","4.1.3","","..","","","0"
"2022-03","Nova Scotia","2016A000212","Total all classes of electricity producer","Combustion turbine","Megawatt hours","210","units","0","v44174723","4.1.6","","..","","","0"
"2022-03","Nova Scotia","2016A000212","Total all classes of electricity producer","Total electricity production from combustible fuels","Megawatt hours","210","units","0","v1059484841","4.1.11","655052","","","","0"
"2022-03","Nova Scotia","2016A000212","Total all classes of electricity producer","Total electricity production from non-renewable combustible fuels","Megawatt hours","210","units","0","v1146006339","4.1.12","635042","","","","0"
"2022-03","Nova Scotia","2016A000212","Total all classes of electricity producer","Total electricity production from biomass","Megawatt hours","210","units","0","v1146006381","4.1.13","20010","","","","0"
"2022-03","Nova Scotia","2016A000212","Total all classes of electricity producer","Tidal power turbine","Megawatt hours","210","units","0","v44174724","4.1.7","0","","","","0"
"2022-03","Nova Scotia","2016A000212","Total all classes of electricity producer","Wind power turbine","Megawatt hours","210","units","0","v44174725","4.1.8","136940","","","","0"
"2022-03","Nova Scotia","2016A000212","Total all classes of electricity producer","Solar","Megawatt hours","210","units","0","v1059484914","4.1.9","0","","","","0"
"2022-03","Nova Scotia","2016A000212","Total all classes of electricity producer","Other types of electricity generation","Megawatt hours","210","units","0","v1059484814","4.1.10","0","","","","0"
"2022-03","Nova Scotia","2016A000212","Electricity producers, electric utilities","Total all types of electricity generation","Megawatt hours","210","units","0","v44174726","4.2.1","918992","","","","0"
"2022-03","Nova Scotia","2016A000212","Electricity producers, electric utilities","Hydraulic turbine","Megawatt hours","210","units","0","v44174727","4.2.2","127359","","","","0"
"2022-03","Nova Scotia","2016A000212","Electricity producers, electric utilities","Conventional steam turbine","Megawatt hours","210","units","0","v44174728","4.2.3","","..","","","0"
"2022-03","Nova Scotia","2016A000212","Electricity producers, electric utilities","Combustion turbine","Megawatt hours","210","units","0","v44174729","4.2.6","","..","","","0"
"2022-03","Nova Scotia","2016A000212","Electricity producers, electric utilities","Total electricity production from combustible fuels","Megawatt hours","210","units","0","v1059484842","4.2.11","654693","","","","0"
"2022-03","Nova Scotia","2016A000212","Electricity producers, electric utilities","Total electricity production from non-renewable combustible fuels","Megawatt hours","210","units","0","v1146006340","4.2.12","635042","","","","0"
"2022-03","Nova Scotia","2016A000212","Electricity producers, electric utilities","Total electricity production from biomass","Megawatt hours","210","units","0","v1146006382","4.2.13","19651","","","","0"
"2022-03","Nova Scotia","2016A000212","Electricity producers, electric utilities","Tidal power turbine","Megawatt hours","210","units","0","v44174730","4.2.7","0","","","","0"
"2022-03","Nova Scotia","2016A000212","Electricity producers, electric utilities","Wind power turbine","Megawatt hours","210","units","0","v44174731","4.2.8","136940","","","","0"
"2022-03","Nova Scotia","2016A000212","Electricity producers, electric utilities","Solar","Megawatt hours","210","units","0","v1059484915","4.2.9","0","","","","0"
"2022-03","Nova Scotia","2016A000212","Electricity producers, electric utilities","Other types of electricity generation","Megawatt hours","210","units","0","v1059484815","4.2.10","0","","","","0"
"2022-03","Nova Scotia","2016A000212","Electricity producers, industries","Total all types of electricity generation","Megawatt hours","210","units","0","v44174732","4.3.1","359","","","","0"
"2022-03","Nova Scotia","2016A000212","Electricity producers, industries","Hydraulic turbine","Megawatt hours","210","units","0","v44174733","4.3.2","","..","","","0"
"2022-03","Nova Scotia","2016A000212","Electricity producers, industries","Conventional steam turbine","Megawatt hours","210","units","0","v44174734","4.3.3","","..","","","0"
"2022-03","Nova Scotia","2016A000212","Electricity producers, industries","Total electricity production from combustible fuels","Megawatt hours","210","units","0","v1059484843","4.3.11","359","","","","0"
"2022-03","Nova Scotia","2016A000212","Electricity producers, industries","Total electricity production from non-renewable combustible fuels","Megawatt hours","210","units","0","v1146006341","4.3.12","0","","","","0"
"2022-03","Nova Scotia","2016A000212","Electricity producers, industries","Total electricity production from biomass","Megawatt hours","210","units","0","v1146006383","4.3.13","359","","","","0"
"2022-03","Nova Scotia","2016A000212","Electricity producers, industries","Tidal power turbine","Megawatt hours","210","units","0","v1059484884","4.3.7","0","","","","0"
"2022-03","Nova Scotia","2016A000212","Electricity producers, industries","Wind power turbine","Megawatt hours","210","units","0","v62460553","4.3.8","0","","","","0"
"2022-03","Nova Scotia","2016A000212","Electricity producers, industries","Solar","Megawatt hours","210","units","0","v1059484916","4.3.9","0","","","","0"
"2022-03","Nova Scotia","2016A000212","Electricity producers, industries","Other types of electricity generation","Megawatt hours","210","units","0","v1059484816","4.3.10","0","","","","0"
"2022-04","Nova Scotia","2016A000212","Total all classes of electricity producer","Total all types of electricity generation","Megawatt hours","210","units","0","v44174720","4.1.1","716936","","","","0"
"2022-04","Nova Scotia","2016A000212","Total all classes of electricity producer","Hydraulic turbine","Megawatt hours","210","units","0","v44174721","4.1.2","122556","","","","0"
"2022-04","Nova Scotia","2016A000212","Total all classes of electricity producer","Conventional steam turbine","Megawatt hours","210","units","0","v44174722","4.1.3","","..","","","0"
"2022-04","Nova Scotia","2016A000212","Total all classes of electricity producer","Combustion turbine","Megawatt hours","210","units","0","v44174723","4.1.6","","..","","","0"
"2022-04","Nova Scotia","2016A000212","Total all classes of electricity producer","Total electricity production from combustible fuels","Megawatt hours","210","units","0","v1059484841","4.1.11","447767","","","","0"
"2022-04","Nova Scotia","2016A000212","Total all classes of electricity producer","Total electricity production from non-renewable combustible fuels","Megawatt hours","210","units","0","v1146006339","4.1.12","428546","","","","0"
"2022-04","Nova Scotia","2016A000212","Total all classes of electricity producer","Total electricity production from biomass","Megawatt hours","210","units","0","v1146006381","4.1.13","19221","","","","0"
"2022-04","Nova Scotia","2016A000212","Total all classes of electricity producer","Tidal power turbine","Megawatt hours","210","units","0","v44174724","4.1.7","0","","","","0"
"2022-04","Nova Scotia","2016A000212","Total all classes of electricity producer","Wind power turbine","Megawatt hours","210","units","0","v44174725","4.1.8","146613","","","","0"
"2022-04","Nova Scotia","2016A000212","Total all classes of electricity producer","Solar","Megawatt hours","210","units","0","v1059484914","4.1.9","0","","","","0"
"2022-04","Nova Scotia","2016A000212","Total all classes of electricity producer","Other types of electricity generation","Megawatt hours","210","units","0","v1059484814","4.1.10","0","","","","0"
"2022-04","Nova Scotia","2016A000212","Electricity producers, electric utilities","Total all types of electricity generation","Megawatt hours","210","units","0","v44174726","4.2.1","716669","","","","0"
"2022-04","Nova Scotia","2016A000212","Electricity producers, electric utilities","Hydraulic turbine","Megawatt hours","210","units","0","v44174727","4.2.2","122556","","","","0"
"2022-04","Nova Scotia","2016A000212","Electricity producers, electric utilities","Conventional steam turbine","Megawatt hours","210","units","0","v44174728","4.2.3","","..","","","0"
"2022-04","Nova Scotia","2016A000212","Electricity producers, electric utilities","Combustion turbine","Megawatt hours","210","units","0","v44174729","4.2.6","","..","","","0"
"2022-04","Nova Scotia","2016A000212","Electricity producers, electric utilities","Total electricity production from combustible fuels","Megawatt hours","210","units","0","v1059484842","4.2.11","447500","","","","0"
"2022-04","Nova Scotia","2016A000212","Electricity producers, electric utilities","Total electricity production from non-renewable combustible fuels","Megawatt hours","210","units","0","v1146006340","4.2.12","428546","","","","0"
"2022-04","Nova Scotia","2016A000212","Electricity producers, electric utilities","Total electricity production from biomass","Megawatt hours","210","units","0","v1146006382","4.2.13","18954","","","","0"
"2022-04","Nova Scotia","2016A000212","Electricity producers, electric utilities","Tidal power turbine","Megawatt hours","210","units","0","v44174730","4.2.7","0","","","","0"
"2022-04","Nova Scotia","2016A000212","Electricity producers, electric utilities","Wind power turbine","Megawatt hours","210","units","0","v44174731","4.2.8","146613","","","","0"
"2022-04","Nova Scotia","2016A000212","Electricity producers, electric utilities","Solar","Megawatt hours","210","units","0","v1059484915","4.2.9","0","","","","0"
"2022-04","Nova Scotia","2016A000212","Electricity producers, electric utilities","Other types of electricity generation","Megawatt hours","210","units","0","v1059484815","4.2.10","0","","","","0"
"2022-04","Nova Scotia","2016A000212","Electricity producers, industries","Total all types of electricity generation","Megawatt hours","210","units","0","v44174732","4.3.1","267","","","","0"
"2022-04","Nova Scotia","2016A000212","Electricity producers, industries","Hydraulic turbine","Megawatt hours","210","units","0","v44174733","4.3.2","","..","","","0"
"2022-04","Nova Scotia","2016A000212","Electricity producers, industries","Conventional steam turbine","Megawatt hours","210","units","0","v44174734","4.3.3","","..","","","0"
"2022-04","Nova Scotia","2016A000212","Electricity producers, industries","Total electricity production from combustible fuels","Megawatt hours","210","units","0","v1059484843","4.3.11","267","","","","0"
"2022-04","Nova Scotia","2016A000212","Electricity producers, industries","Total electricity production from non-renewable combustible fuels","Megawatt hours","210","units","0","v1146006341","4.3.12","0","","","","0"
"2022-04","Nova Scotia","2016A000212","Electricity producers, industries","Total electricity production from biomass","Megawatt hours","210","units","0","v1146006383","4.3.13","267","","","","0"
"2022-04","Nova Scotia","2016A000212","Electricity producers, industries","Tidal power turbine","Megawatt hours","210","units","0","v1059484884","4.3.7","0","","","","0"
"2022-04","Nova Scotia","2016A000212","Electricity producers, industries","Wind power turbine","Megawatt hours","210","units","0","v62460553","4.3.8","0","","","","0"
"2022-04","Nova Scotia","2016A000212","Electricity producers, industries","Solar","Megawatt hours","210","units","0","v1059484916","4.3.9","0","","","","0"
"2022-04","Nova Scotia","2016A000212","Electricity producers, industries","Other types of electricity generation","Megawatt hours","210","units","0","v1059484816","4.3.10","0","","","","0"
"2022-05","Nova Scotia","2016A000212","Total all classes of electricity producer","Total all types of electricity generation","Megawatt hours","210","units","0","v44174720","4.1.1","658776","","","","0"
"2022-05","Nova Scotia","2016A000212","Total all classes of electricity producer","Hydraulic turbine","Megawatt hours","210","units","0","v44174721","4.1.2","132798","","","","0"
"2022-05","Nova Scotia","2016A000212","Total all classes of electricity producer","Conventional steam turbine","Megawatt hours","210","units","0","v44174722","4.1.3","","..","","","0"
"2022-05","Nova Scotia","2016A000212","Total all classes of electricity producer","Combustion turbine","Megawatt hours","210","units","0","v44174723","4.1.6","","..","","","0"
"2022-05","Nova Scotia","2016A000212","Total all classes of electricity producer","Total electricity production from combustible fuels","Megawatt hours","210","units","0","v1059484841","4.1.11","413703","","","","0"
"2022-05","Nova Scotia","2016A000212","Total all classes of electricity producer","Total electricity production from non-renewable combustible fuels","Megawatt hours","210","units","0","v1146006339","4.1.12","400323","","","","0"
"2022-05","Nova Scotia","2016A000212","Total all classes of electricity producer","Total electricity production from biomass","Megawatt hours","210","units","0","v1146006381","4.1.13","13380","","","","0"
"2022-05","Nova Scotia","2016A000212","Total all classes of electricity producer","Tidal power turbine","Megawatt hours","210","units","0","v44174724","4.1.7","0","","","","0"
"2022-05","Nova Scotia","2016A000212","Total all classes of electricity producer","Wind power turbine","Megawatt hours","210","units","0","v44174725","4.1.8","112275","","","","0"
"2022-05","Nova Scotia","2016A000212","Total all classes of electricity producer","Solar","Megawatt hours","210","units","0","v1059484914","4.1.9","0","","","","0"
"2022-05","Nova Scotia","2016A000212","Total all classes of electricity producer","Other types of electricity generation","Megawatt hours","210","units","0","v1059484814","4.1.10","0","","","","0"
"2022-05","Nova Scotia","2016A000212","Electricity producers, electric utilities","Total all types of electricity generation","Megawatt hours","210","units","0","v44174726","4.2.1","658365","","","","0"
"2022-05","Nova Scotia","2016A000212","Electricity producers, electric utilities","Hydraulic turbine","Megawatt hours","210","units","0","v44174727","4.2.2","132798","","","","0"
"2022-05","Nova Scotia","2016A000212","Electricity producers, electric utilities","Conventional steam turbine","Megawatt hours","210","units","0","v44174728","4.2.3","","..","","","0"
"2022-05","Nova Scotia","2016A000212","Electricity producers, electric utilities","Combustion turbine","Megawatt hours","210","units","0","v44174729","4.2.6","","..","","","0"
"2022-05","Nova Scotia","2016A000212","Electricity producers, electric utilities","Total electricity production from combustible fuels","Megawatt hours","210","units","0","v1059484842","4.2.11","413292","","","","0"
"2022-05","Nova Scotia","2016A000212","Electricity producers, electric utilities","Total electricity production from non-renewable combustible fuels","Megawatt hours","210","units","0","v1146006340","4.2.12","400323","","","","0"
"2022-05","Nova Scotia","2016A000212","Electricity producers, electric utilities","Total electricity production from biomass","Megawatt hours","210","units","0","v1146006382","4.2.13","12969","","","","0"
"2022-05","Nova Scotia","2016A000212","Electricity producers, electric utilities","Tidal power turbine","Megawatt hours","210","units","0","v44174730","4.2.7","0","","","","0"
"2022-05","Nova Scotia","2016A000212","Electricity producers, electric utilities","Wind power turbine","Megawatt hours","210","units","0","v44174731","4.2.8","112275","","","","0"
"2022-05","Nova Scotia","2016A000212","Electricity producers, electric utilities","Solar","Megawatt hours","210","units","0","v1059484915","4.2.9","0","","","","0"
"2022-05","Nova Scotia","2016A000212","Electricity producers, electric utilities","Other types of electricity generation","Megawatt hours","210","units","0","v1059484815","4.2.10","0","","","","0"
"2022-05","Nova Scotia","2016A000212","Electricity producers, industries","Total all types of electricity generation","Megawatt hours","210","units","0","v44174732","4.3.1","411","","","","0"
"2022-05","Nova Scotia","2016A000212","Electricity producers, industries","Hydraulic turbine","Megawatt hours","210","units","0","v44174733","4.3.2","","..","","","0"
"2022-05","Nova Scotia","2016A000212","Electricity producers, industries","Conventional steam turbine","Megawatt hours","210","units","0","v44174734","4.3.3","","..","","","0"
"2022-05","Nova Scotia","2016A000212","Electricity producers, industries","Total electricity production from combustible fuels","Megawatt hours","210","units","0","v1059484843","4.3.11","411","","","","0"
"2022-05","Nova Scotia","2016A000212","Electricity producers, industries","Total electricity production from non-renewable combustible fuels","Megawatt hours","210","units","0","v1146006341","4.3.12","0","","","","0"
"2022-05","Nova Scotia","2016A000212","Electricity producers, industries","Total electricity production from biomass","Megawatt hours","210","units","0","v1146006383","4.3.13","411","","","","0"
"2022-05","Nova Scotia","2016A000212","Electricity producers, industries","Tidal power turbine","Megawatt hours","210","units","0","v1059484884","4.3.7","0","","","","0"
"2022-05","Nova Scotia","2016A000212","Electricity producers, industries","Wind power turbine","Megawatt hours","210","units","0","v62460553","4.3.8","0","","","","0"
"2022-05","Nova Scotia","2016A000212","Electricity producers, industries","Solar","Megawatt hours","210","units","0","v1059484916","4.3.9","0","","","","0"
"2022-05","Nova Scotia","2016A000212","Electricity producers, industries","Other types of electricity generation","Megawatt hours","210","units","0","v1059484816","4.3.10","0","","","","0"
"2022-06","Nova Scotia","2016A000212","Total all classes of electricity producer","Total all types of electricity generation","Megawatt hours","210","units","0","v44174720","4.1.1","611797","","","","0"
"2022-06","Nova Scotia","2016A000212","Total all classes of electricity producer","Hydraulic turbine","Megawatt hours","210","units","0","v44174721","4.1.2","29128","","","","0"
"2022-06","Nova Scotia","2016A000212","Total all classes of electricity producer","Conventional steam turbine","Megawatt hours","210","units","0","v44174722","4.1.3","","..","","","0"
"2022-06","Nova Scotia","2016A000212","Total all classes of electricity producer","Combustion turbine","Megawatt hours","210","units","0","v44174723","4.1.6","","..","","","0"
"2022-06","Nova Scotia","2016A000212","Total all classes of electricity producer","Total electricity production from combustible fuels","Megawatt hours","210","units","0","v1059484841","4.1.11","500199","","","","0"
"2022-06","Nova Scotia","2016A000212","Total all classes of electricity producer","Total electricity production from non-renewable combustible fuels","Megawatt hours","210","units","0","v1146006339","4.1.12","482457","","","","0"
"2022-06","Nova Scotia","2016A000212","Total all classes of electricity producer","Total electricity production from biomass","Megawatt hours","210","units","0","v1146006381","4.1.13","17742","","","","0"
"2022-06","Nova Scotia","2016A000212","Total all classes of electricity producer","Tidal power turbine","Megawatt hours","210","units","0","v44174724","4.1.7","0","","","","0"
"2022-06","Nova Scotia","2016A000212","Total all classes of electricity producer","Wind power turbine","Megawatt hours","210","units","0","v44174725","4.1.8","82470","","","","0"
"2022-06","Nova Scotia","2016A000212","Total all classes of electricity producer","Solar","Megawatt hours","210","units","0","v1059484914","4.1.9","0","","","","0"
"2022-06","Nova Scotia","2016A000212","Total all classes of electricity producer","Other types of electricity generation","Megawatt hours","210","units","0","v1059484814","4.1.10","0","","","","0"
"2022-06","Nova Scotia","2016A000212","Electricity producers, electric utilities","Total all types of electricity generation","Megawatt hours","210","units","0","v44174726","4.2.1","611422","","","","0"
"2022-06","Nova Scotia","2016A000212","Electricity producers, electric utilities","Hydraulic turbine","Megawatt hours","210","units","0","v44174727","4.2.2","29128","","","","0"
"2022-06","Nova Scotia","2016A000212","Electricity producers, electric utilities","Conventional steam turbine","Megawatt hours","210","units","0","v44174728","4.2.3","","..","","","0"
"2022-06","Nova Scotia","2016A000212","Electricity producers, electric utilities","Combustion turbine","Megawatt hours","210","units","0","v44174729","4.2.6","","..","","","0"
"2022-06","Nova Scotia","2016A000212","Electricity producers, electric utilities","Total electricity production from combustible fuels","Megawatt hours","210","units","0","v1059484842","4.2.11","499824","","","","0"
"2022-06","Nova Scotia","2016A000212","Electricity producers, electric utilities","Total electricity production from non-renewable combustible fuels","Megawatt hours","210","units","0","v1146006340","4.2.12","482457","","","","0"
"2022-06","Nova Scotia","2016A000212","Electricity producers, electric utilities","Total electricity production from biomass","Megawatt hours","210","units","0","v1146006382","4.2.13","17367","","","","0"
"2022-06","Nova Scotia","2016A000212","Electricity producers, electric utilities","Tidal power turbine","Megawatt hours","210","units","0","v44174730","4.2.7","0","","","","0"
"2022-06","Nova Scotia","2016A000212","Electricity producers, electric utilities","Wind power turbine","Megawatt hours","210","units","0","v44174731","4.2.8","82470","","","","0"
"2022-06","Nova Scotia","2016A000212","Electricity producers, electric utilities","Solar","Megawatt hours","210","units","0","v1059484915","4.2.9","0","","","","0"
"2022-06","Nova Scotia","2016A000212","Electricity producers, electric utilities","Other types of electricity generation","Megawatt hours","210","units","0","v1059484815","4.2.10","0","","","","0"
"2022-06","Nova Scotia","2016A000212","Electricity producers, industries","Total all types of electricity generation","Megawatt hours","210","units","0","v44174732","4.3.1","375","","","","0"
"2022-06","Nova Scotia","2016A000212","Electricity producers, industries","Hydraulic turbine","Megawatt hours","210","units","0","v44174733","4.3.2","","..","","","0"
"2022-06","Nova Scotia","2016A000212","Electricity producers, industries","Conventional steam turbine","Megawatt hours","210","units","0","v44174734","4.3.3","","..","","","0"
"2022-06","Nova Scotia","2016A000212","Electricity producers, industries","Total electricity production from combustible fuels","Megawatt hours","210","units","0","v1059484843","4.3.11","375","","","","0"
"2022-06","Nova Scotia","2016A000212","Electricity producers, industries","Total electricity production from non-renewable combustible fuels","Megawatt hours","210","units","0","v1146006341","4.3.12","0","","","","0"
"2022-06","Nova Scotia","2016A000212","Electricity producers, industries","Total electricity production from biomass","Megawatt hours","210","units","0","v1146006383","4.3.13","375","","","","0"
"2022-06","Nova Scotia","2016A000212","Electricity producers, industries","Tidal power turbine","Megawatt hours","210","units","0","v1059484884","4.3.7","0","","","","0"
"2022-06","Nova Scotia","2016A000212","Electricity producers, industries","Wind power turbine","Megawatt hours","210","units","0","v62460553","4.3.8","0","","","","0"
"2022-06","Nova Scotia","2016A000212","Electricity producers, industries","Solar","Megawatt hours","210","units","0","v1059484916","4.3.9","0","","","","0"
"2022-06","Nova Scotia","2016A000212","Electricity producers, industries","Other types of electricity generation","Megawatt hours","210","units","0","v1059484816","4.3.10","0","","","","0"
"2022-07","Nova Scotia","2016A000212","Total all classes of electricity producer","Total all types of electricity generation","Megawatt hours","210","units","0","v44174720","4.1.1","667861","","","","0"
"2022-07","Nova Scotia","2016A000212","Total all classes of electricity producer","Hydraulic turbine","Megawatt hours","210","units","0","v44174721","4.1.2","26805","","","","0"
"2022-07","Nova Scotia","2016A000212","Total all classes of electricity producer","Conventional steam turbine","Megawatt hours","210","units","0","v44174722","4.1.3","","..","","","0"
"2022-07","Nova Scotia","2016A000212","Total all classes of electricity producer","Combustion turbine","Megawatt hours","210","units","0","v44174723","4.1.6","","..","","","0"
"2022-07","Nova Scotia","2016A000212","Total all classes of electricity producer","Total electricity production from combustible fuels","Megawatt hours","210","units","0","v1059484841","4.1.11","535813","","","","0"
"2022-07","Nova Scotia","2016A000212","Total all classes of electricity producer","Total electricity production from non-renewable combustible fuels","Megawatt hours","210","units","0","v1146006339","4.1.12","516849","","","","0"
"2022-07","Nova Scotia","2016A000212","Total all classes of electricity producer","Total electricity production from biomass","Megawatt hours","210","units","0","v1146006381","4.1.13","18964","","","","0"
"2022-07","Nova Scotia","2016A000212","Total all classes of electricity producer","Tidal power turbine","Megawatt hours","210","units","0","v44174724","4.1.7","0","","","","0"
"2022-07","Nova Scotia","2016A000212","Total all classes of electricity producer","Wind power turbine","Megawatt hours","210","units","0","v44174725","4.1.8","105243","","","","0"
"2022-07","Nova Scotia","2016A000212","Total all classes of electricity producer","Solar","Megawatt hours","210","units","0","v1059484914","4.1.9","0","","","","0"
"2022-07","Nova Scotia","2016A000212","Total all classes of electricity producer","Other types of electricity generation","Megawatt hours","210","units","0","v1059484814","4.1.10","0","","","","0"
"2022-07","Nova Scotia","2016A000212","Electricity producers, electric utilities","Total all types of electricity generation","Megawatt hours","210","units","0","v44174726","4.2.1","667448","","","","0"
"2022-07","Nova Scotia","2016A000212","Electricity producers, electric utilities","Hydraulic turbine","Megawatt hours","210","units","0","v44174727","4.2.2","26805","","","","0"
"2022-07","Nova Scotia","2016A000212","Electricity producers, electric utilities","Conventional steam turbine","Megawatt hours","210","units","0","v44174728","4.2.3","","..","","","0"
"2022-07","Nova Scotia","2016A000212","Electricity producers, electric utilities","Combustion turbine","Megawatt hours","210","units","0","v44174729","4.2.6","","..","","","0"
"2022-07","Nova Scotia","2016A000212","Electricity producers, electric utilities","Total electricity production from combustible fuels","Megawatt hours","210","units","0","v1059484842","4.2.11","535400","","","","0"
"2022-07","Nova Scotia","2016A000212","Electricity producers, electric utilities","Total electricity production from non-renewable combustible fuels","Megawatt hours","210","units","0","v1146006340","4.2.12","516849","","","","0"
"2022-07","Nova Scotia","2016A000212","Electricity producers, electric utilities","Total electricity production from biomass","Megawatt hours","210","units","0","v1146006382","4.2.13","18551","","","","0"
"2022-07","Nova Scotia","2016A000212","Electricity producers, electric utilities","Tidal power turbine","Megawatt hours","210","units","0","v44174730","4.2.7","0","","","","0"
"2022-07","Nova Scotia","2016A000212","Electricity producers, electric utilities","Wind power turbine","Megawatt hours","210","units","0","v44174731","4.2.8","105243","","","","0"
"2022-07","Nova Scotia","2016A000212","Electricity producers, electric utilities","Solar","Megawatt hours","210","units","0","v1059484915","4.2.9","0","","","","0"
"2022-07","Nova Scotia","2016A000212","Electricity producers, electric utilities","Other types of electricity generation","Megawatt hours","210","units","0","v1059484815","4.2.10","0","","","","0"
"2022-07","Nova Scotia","2016A000212","Electricity producers, industries","Total all types of electricity generation","Megawatt hours","210","units","0","v44174732","4.3.1","413","","","","0"
"2022-07","Nova Scotia","2016A000212","Electricity producers, industries","Hydraulic turbine","Megawatt hours","210","units","0","v44174733","4.3.2","","..","","","0"
"2022-07","Nova Scotia","2016A000212","Electricity producers, industries","Conventional steam turbine","Megawatt hours","210","units","0","v44174734","4.3.3","","..","","","0"
"2022-07","Nova Scotia","2016A000212","Electricity producers, industries","Total electricity production from combustible fuels","Megawatt hours","210","units","0","v1059484843","4.3.11","413","","","","0"
"2022-07","Nova Scotia","2016A000212","Electricity producers, industries","Total electricity production from non-renewable combustible fuels","Megawatt hours","210","units","0","v1146006341","4.3.12","0","","","","0"
"2022-07","Nova Scotia","2016A000212","Electricity producers, industries","Total electricity production from biomass","Megawatt hours","210","units","0","v1146006383","4.3.13","413","","","","0"
"2022-07","Nova Scotia","2016A000212","Electricity producers, industries","Tidal power turbine","Megawatt hours","210","units","0","v1059484884","4.3.7","0","","","","0"
"2022-07","Nova Scotia","2016A000212","Electricity producers, industries","Wind power turbine","Megawatt hours","210","units","0","v62460553","4.3.8","0","","","","0"
"2022-07","Nova Scotia","2016A000212","Electricity producers, industries","Solar","Megawatt hours","210","units","0","v1059484916","4.3.9","0","","","","0"
"2022-07","Nova Scotia","2016A000212","Electricity producers, industries","Other types of electricity generation","Megawatt hours","210","units","0","v1059484816","4.3.10","0","","","","0"
"2022-08","Nova Scotia","2016A000212","Total all classes of electricity producer","Total all types of electricity generation","Megawatt hours","210","units","0","v44174720","4.1.1","694314","","","","0"
"2022-08","Nova Scotia","2016A000212","Total all classes of electricity producer","Hydraulic turbine","Megawatt hours","210","units","0","v44174721","4.1.2","9799","","","","0"
"2022-08","Nova Scotia","2016A000212","Total all classes of electricity producer","Conventional steam turbine","Megawatt hours","210","units","0","v44174722","4.1.3","","..","","","0"
"2022-08","Nova Scotia","2016A000212","Total all classes of electricity producer","Combustion turbine","Megawatt hours","210","units","0","v44174723","4.1.6","","..","","","0"
"2022-08","Nova Scotia","2016A000212","Total all classes of electricity producer","Total electricity production from combustible fuels","Megawatt hours","210","units","0","v1059484841","4.1.11","609537","","","","0"
"2022-08","Nova Scotia","2016A000212","Total all classes of electricity producer","Total electricity production from non-renewable combustible fuels","Megawatt hours","210","units","0","v1146006339","4.1.12","593871","","","","0"
"2022-08","Nova Scotia","2016A000212","Total all classes of electricity producer","Total electricity production from biomass","Megawatt hours","210","units","0","v1146006381","4.1.13","15666","","","","0"
"2022-08","Nova Scotia","2016A000212","Total all classes of electricity producer","Tidal power turbine","Megawatt hours","210","units","0","v44174724","4.1.7","0","","","","0"
"2022-08","Nova Scotia","2016A000212","Total all classes of electricity producer","Wind power turbine","Megawatt hours","210","units","0","v44174725","4.1.8","74978","","","","0"
"2022-08","Nova Scotia","2016A000212","Total all classes of electricity producer","Solar","Megawatt hours","210","units","0","v1059484914","4.1.9","0","","","","0"
"2022-08","Nova Scotia","2016A000212","Total all classes of electricity producer","Other types of electricity generation","Megawatt hours","210","units","0","v1059484814","4.1.10","0","","","","0"
"2022-08","Nova Scotia","2016A000212","Electricity producers, electric utilities","Total all types of electricity generation","Megawatt hours","210","units","0","v44174726","4.2.1","693945","","","","0"
"2022-08","Nova Scotia","2016A000212","Electricity producers, electric utilities","Hydraulic turbine","Megawatt hours","210","units","0","v44174727","4.2.2","9799","","","","0"
"2022-08","Nova Scotia","2016A000212","Electricity producers, electric utilities","Conventional steam turbine","Megawatt hours","210","units","0","v44174728","4.2.3","","..","","","0"
"2022-08","Nova Scotia","2016A000212","Electricity producers, electric utilities","Combustion turbine","Megawatt hours","210","units","0","v44174729","4.2.6","","..","","","0"
"2022-08","Nova Scotia","2016A000212","Electricity producers, electric utilities","Total electricity production from combustible fuels","Megawatt hours","210","units","0","v1059484842","4.2.11","609168","","","","0"
"2022-08","Nova Scotia","2016A000212","Electricity producers, electric utilities","Total electricity production from non-renewable combustible fuels","Megawatt hours","210","units","0","v1146006340","4.2.12","593871","","","","0"
"2022-08","Nova Scotia","2016A000212","Electricity producers, electric utilities","Total electricity production from biomass","Megawatt hours","210","units","0","v1146006382","4.2.13","15297","","","","0"
"2022-08","Nova Scotia","2016A000212","Electricity producers, electric utilities","Tidal power turbine","Megawatt hours","210","units","0","v44174730","4.2.7","0","","","","0"
"2022-08","Nova Scotia","2016A000212","Electricity producers, electric utilities","Wind power turbine","Megawatt hours","210","units","0","v44174731","4.2.8","74978","","","","0"
"2022-08","Nova Scotia","2016A000212","Electricity producers, electric utilities","Solar","Megawatt hours","210","units","0","v1059484915","4.2.9","0","","","","0"
"2022-08","Nova Scotia","2016A000212","Electricity producers, electric utilities","Other types of electricity generation","Megawatt hours","210","units","0","v1059484815","4.2.10","0","","","","0"
"2022-08","Nova Scotia","2016A000212","Electricity producers, industries","Total all types of electricity generation","Megawatt hours","210","units","0","v44174732","4.3.1","369","","","","0"
"2022-08","Nova Scotia","2016A000212","Electricity producers, industries","Hydraulic turbine","Megawatt hours","210","units","0","v44174733","4.3.2","","..","","","0"
"2022-08","Nova Scotia","2016A000212","Electricity producers, industries","Conventional steam turbine","Megawatt hours","210","units","0","v44174734","4.3.3","","..","","","0"
"2022-08","Nova Scotia","2016A000212","Electricity producers, industries","Total electricity production from combustible fuels","Megawatt hours","210","units","0","v1059484843","4.3.11","369","","","","0"
"2022-08","Nova Scotia","2016A000212","Electricity producers, industries","Total electricity production from non-renewable combustible fuels","Megawatt hours","210","units","0","v1146006341","4.3.12","0","","","","0"
"2022-08","Nova Scotia","2016A000212","Electricity producers, industries","Total electricity production from biomass","Megawatt hours","210","units","0","v1146006383","4.3.13","369","","","","0"
"2022-08","Nova Scotia","2016A000212","Electricity producers, industries","Tidal power turbine","Megawatt hours","210","units","0","v1059484884","4.3.7","0","","","","0"
"2022-08","Nova Scotia","2016A000212","Electricity producers, industries","Wind power turbine","Megawatt hours","210","units","0","v62460553","4.3.8","0","","","","0"
"2022-08","Nova Scotia","2016A000212","Electricity producers, industries","Solar","Megawatt hours","210","units","0","v1059484916","4.3.9","0","","","","0"
"2022-08","Nova Scotia","2016A000212","Electricity producers, industries","Other types of electricity generation","Megawatt hours","210","units","0","v1059484816","4.3.10","0","","","","0"
"2022-09","Nova Scotia","2016A000212","Total all classes of electricity producer","Total all types of electricity generation","Megawatt hours","210","units","0","v44174720","4.1.1","578522","","","","0"
"2022-09","Nova Scotia","2016A000212","Total all classes of electricity producer","Hydraulic turbine","Megawatt hours","210","units","0","v44174721","4.1.2","14392","","","","0"
"2022-09","Nova Scotia","2016A000212","Total all classes of electricity producer","Conventional steam turbine","Megawatt hours","210","units","0","v44174722","4.1.3","","..","","","0"
"2022-09","Nova Scotia","2016A000212","Total all classes of electricity producer","Combustion turbine","Megawatt hours","210","units","0","v44174723","4.1.6","","..","","","0"
"2022-09","Nova Scotia","2016A000212","Total all classes of electricity producer","Total electricity production from combustible fuels","Megawatt hours","210","units","0","v1059484841","4.1.11","463280","","","","0"
"2022-09","Nova Scotia","2016A000212","Total all classes of electricity producer","Total electricity production from non-renewable combustible fuels","Megawatt hours","210","units","0","v1146006339","4.1.12","460139","","","","0"
"2022-09","Nova Scotia","2016A000212","Total all classes of electricity producer","Total electricity production from biomass","Megawatt hours","210","units","0","v1146006381","4.1.13","3141","","","","0"
"2022-09","Nova Scotia","2016A000212","Total all classes of electricity producer","Tidal power turbine","Megawatt hours","210","units","0","v44174724","4.1.7","0","","","","0"
"2022-09","Nova Scotia","2016A000212","Total all classes of electricity producer","Wind power turbine","Megawatt hours","210","units","0","v44174725","4.1.8","100850","","","","0"
"2022-09","Nova Scotia","2016A000212","Total all classes of electricity producer","Solar","Megawatt hours","210","units","0","v1059484914","4.1.9","0","","","","0"
"2022-09","Nova Scotia","2016A000212","Total all classes of electricity producer","Other types of electricity generation","Megawatt hours","210","units","0","v1059484814","4.1.10","0","","","","0"
"2022-09","Nova Scotia","2016A000212","Electricity producers, electric utilities","Total all types of electricity generation","Megawatt hours","210","units","0","v44174726","4.2.1","578346","","","","0"
"2022-09","Nova Scotia","2016A000212","Electricity producers, electric utilities","Hydraulic turbine","Megawatt hours","210","units","0","v44174727","4.2.2","14392","","","","0"
"2022-09","Nova Scotia","2016A000212","Electricity producers, electric utilities","Conventional steam turbine","Megawatt hours","210","units","0","v44174728","4.2.3","","..","","","0"
"2022-09","Nova Scotia","2016A000212","Electricity producers, electric utilities","Combustion turbine","Megawatt hours","210","units","0","v44174729","4.2.6","","..","","","0"
"2022-09","Nova Scotia","2016A000212","Electricity producers, electric utilities","Total electricity production from combustible fuels","Megawatt hours","210","units","0","v1059484842","4.2.11","463104","","","","0"
"2022-09","Nova Scotia","2016A000212","Electricity producers, electric utilities","Total electricity production from non-renewable combustible fuels","Megawatt hours","210","units","0","v1146006340","4.2.12","460139","","","","0"
"2022-09","Nova Scotia","2016A000212","Electricity producers, electric utilities","Total electricity production from biomass","Megawatt hours","210","units","0","v1146006382","4.2.13","2965","","","","0"
"2022-09","Nova Scotia","2016A000212","Electricity producers, electric utilities","Tidal power turbine","Megawatt hours","210","units","0","v44174730","4.2.7","0","","","","0"
"2022-09","Nova Scotia","2016A000212","Electricity producers, electric utilities","Wind power turbine","Megawatt hours","210","units","0","v44174731","4.2.8","100850","","","","0"
"2022-09","Nova Scotia","2016A000212","Electricity producers, electric utilities","Solar","Megawatt hours","210","units","0","v1059484915","4.2.9","0","","","","0"
"2022-09","Nova Scotia","2016A000212","Electricity producers, electric utilities","Other types of electricity generation","Megawatt hours","210","units","0","v1059484815","4.2.10","0","","","","0"
"2022-09","Nova Scotia","2016A000212","Electricity producers, industries","Total all types of electricity generation","Megawatt hours","210","units","0","v44174732","4.3.1","176","","","","0"
"2022-09","Nova Scotia","2016A000212","Electricity producers, industries","Hydraulic turbine","Megawatt hours","210","units","0","v44174733","4.3.2","","..","","","0"
"2022-09","Nova Scotia","2016A000212","Electricity producers, industries","Conventional steam turbine","Megawatt hours","210","units","0","v44174734","4.3.3","","..","","","0"
"2022-09","Nova Scotia","2016A000212","Electricity producers, industries","Total electricity production from combustible fuels","Megawatt hours","210","units","0","v1059484843","4.3.11","176","","","","0"
"2022-09","Nova Scotia","2016A000212","Electricity producers, industries","Total electricity production from non-renewable combustible fuels","Megawatt hours","210","units","0","v1146006341","4.3.12","0","","","","0"
"2022-09","Nova Scotia","2016A000212","Electricity producers, industries","Total electricity production from biomass","Megawatt hours","210","units","0","v1146006383","4.3.13","176","","","","0"
"2022-09","Nova Scotia","2016A000212","Electricity producers, industries","Tidal power turbine","Megawatt hours","210","units","0","v1059484884","4.3.7","0","","","","0"
"2022-09","Nova Scotia","2016A000212","Electricity producers, industries","Wind power turbine","Megawatt hours","210","units","0","v62460553","4.3.8","0","","","","0"
"2022-09","Nova Scotia","2016A000212","Electricity producers, industries","Solar","Megawatt hours","210","units","0","v1059484916","4.3.9","0","","","","0"
"2022-09","Nova Scotia","2016A000212","Electricity producers, industries","Other types of electricity generation","Megawatt hours","210","units","0","v1059484816","4.3.10","0","","","","0"
"2022-10","Nova Scotia","2016A000212","Total all classes of electricity producer","Total all types of electricity generation","Megawatt hours","210","units","0","v44174720","4.1.1","590762","","","","0"
"2022-10","Nova Scotia","2016A000212","Total all classes of electricity producer","Hydraulic turbine","Megawatt hours","210","units","0","v44174721","4.1.2","35493","","","","0"
"2022-10","Nova Scotia","2016A000212","Total all classes of electricity producer","Conventional steam turbine","Megawatt hours","210","units","0","v44174722","4.1.3","","..","","","0"
"2022-10","Nova Scotia","2016A000212","Total all classes of electricity producer","Combustion turbine","Megawatt hours","210","units","0","v44174723","4.1.6","","..","","","0"
"2022-10","Nova Scotia","2016A000212","Total all classes of electricity producer","Total electricity production from combustible fuels","Megawatt hours","210","units","0","v1059484841","4.1.11","442304","","","","0"
"2022-10","Nova Scotia","2016A000212","Total all classes of electricity producer","Total electricity production from non-renewable combustible fuels","Megawatt hours","210","units","0","v1146006339","4.1.12","441874","","","","0"
"2022-10","Nova Scotia","2016A000212","Total all classes of electricity producer","Total electricity production from biomass","Megawatt hours","210","units","0","v1146006381","4.1.13","430","","","","0"
"2022-10","Nova Scotia","2016A000212","Total all classes of electricity producer","Tidal power turbine","Megawatt hours","210","units","0","v44174724","4.1.7","0","","","","0"
"2022-10","Nova Scotia","2016A000212","Total all classes of electricity producer","Wind power turbine","Megawatt hours","210","units","0","v44174725","4.1.8","112965","","","","0"
"2022-10","Nova Scotia","2016A000212","Total all classes of electricity producer","Solar","Megawatt hours","210","units","0","v1059484914","4.1.9","0","","","","0"
"2022-10","Nova Scotia","2016A000212","Total all classes of electricity producer","Other types of electricity generation","Megawatt hours","210","units","0","v1059484814","4.1.10","0","","","","0"
"2022-10","Nova Scotia","2016A000212","Electricity producers, electric utilities","Total all types of electricity generation","Megawatt hours","210","units","0","v44174726","4.2.1","590332","","","","0"
"2022-10","Nova Scotia","2016A000212","Electricity producers, electric utilities","Hydraulic turbine","Megawatt hours","210","units","0","v44174727","4.2.2","35493","","","","0"
"2022-10","Nova Scotia","2016A000212","Electricity producers, electric utilities","Conventional steam turbine","Megawatt hours","210","units","0","v44174728","4.2.3","","..","","","0"
"2022-10","Nova Scotia","2016A000212","Electricity producers, electric utilities","Combustion turbine","Megawatt hours","210","units","0","v44174729","4.2.6","","..","","","0"
"2022-10","Nova Scotia","2016A000212","Electricity producers, electric utilities","Total electricity production from combustible fuels","Megawatt hours","210","units","0","v1059484842","4.2.11","441874","","","","0"
"2022-10","Nova Scotia","2016A000212","Electricity producers, electric utilities","Total electricity production from non-renewable combustible fuels","Megawatt hours","210","units","0","v1146006340","4.2.12","441874","","","","0"
"2022-10","Nova Scotia","2016A000212","Electricity producers, electric utilities","Total electricity production from biomass","Megawatt hours","210","units","0","v1146006382","4.2.13","0","","","","0"
"2022-10","Nova Scotia","2016A000212","Electricity producers, electric utilities","Tidal power turbine","Megawatt hours","210","units","0","v44174730","4.2.7","0","","","","0"
"2022-10","Nova Scotia","2016A000212","Electricity producers, electric utilities","Wind power turbine","Megawatt hours","210","units","0","v44174731","4.2.8","112965","","","","0"
"2022-10","Nova Scotia","2016A000212","Electricity producers, electric utilities","Solar","Megawatt hours","210","units","0","v1059484915","4.2.9","0","","","","0"
"2022-10","Nova Scotia","2016A000212","Electricity producers, electric utilities","Other types of electricity generation","Megawatt hours","210","units","0","v1059484815","4.2.10","0","","","","0"
"2022-10","Nova Scotia","2016A000212","Electricity producers, industries","Total all types of electricity generation","Megawatt hours","210","units","0","v44174732","4.3.1","430","","","","0"
"2022-10","Nova Scotia","2016A000212","Electricity producers, industries","Hydraulic turbine","Megawatt hours","210","units","0","v44174733","4.3.2","","..","","","0"
"2022-10","Nova Scotia","2016A000212","Electricity producers, industries","Conventional steam turbine","Megawatt hours","210","units","0","v44174734","4.3.3","","..","","","0"
"2022-10","Nova Scotia","2016A000212","Electricity producers, industries","Total electricity production from combustible fuels","Megawatt hours","210","units","0","v1059484843","4.3.11","430","","","","0"
"2022-10","Nova Scotia","2016A000212","Electricity producers, industries","Total electricity production from non-renewable combustible fuels","Megawatt hours","210","units","0","v1146006341","4.3.12","0","","","","0"
"2022-10","Nova Scotia","2016A000212","Electricity producers, industries","Total electricity production from biomass","Megawatt hours","210","units","0","v1146006383","4.3.13","430","","","","0"
"2022-10","Nova Scotia","2016A000212","Electricity producers, industries","Tidal power turbine","Megawatt hours","210","units","0","v1059484884","4.3.7","0","","","","0"
"2022-10","Nova Scotia","2016A000212","Electricity producers, industries","Wind power turbine","Megawatt hours","210","units","0","v62460553","4.3.8","0","","","","0"
"2022-10","Nova Scotia","2016A000212","Electricity producers, industries","Solar","Megawatt hours","210","units","0","v1059484916","4.3.9","0","","","","0"
"2022-10","Nova Scotia","2016A000212","Electricity producers, industries","Other types of electricity generation","Megawatt hours","210","units","0","v1059484816","4.3.10","0","","","","0"
"2022-11","Nova Scotia","2016A000212","Total all classes of electricity producer","Total all types of electricity generation","Megawatt hours","210","units","0","v44174720","4.1.1","663184","","","","0"
"2022-11","Nova Scotia","2016A000212","Total all classes of electricity producer","Hydraulic turbine","Megawatt hours","210","units","0","v44174721","4.1.2","45022","","","","0"
"2022-11","Nova Scotia","2016A000212","Total all classes of electricity producer","Conventional steam turbine","Megawatt hours","210","units","0","v44174722","4.1.3","","..","","","0"
"2022-11","Nova Scotia","2016A000212","Total all classes of electricity producer","Combustion turbine","Megawatt hours","210","units","0","v44174723","4.1.6","","..","","","0"
"2022-11","Nova Scotia","2016A000212","Total all classes of electricity producer","Total electricity production from combustible fuels","Megawatt hours","210","units","0","v1059484841","4.1.11","473495","","","","0"
"2022-11","Nova Scotia","2016A000212","Total all classes of electricity producer","Total electricity production from non-renewable combustible fuels","Megawatt hours","210","units","0","v1146006339","4.1.12","473100","","","","0"
"2022-11","Nova Scotia","2016A000212","Total all classes of electricity producer","Total electricity production from biomass","Megawatt hours","210","units","0","v1146006381","4.1.13","395","","","","0"
"2022-11","Nova Scotia","2016A000212","Total all classes of electricity producer","Tidal power turbine","Megawatt hours","210","units","0","v44174724","4.1.7","0","","","","0"
"2022-11","Nova Scotia","2016A000212","Total all classes of electricity producer","Wind power turbine","Megawatt hours","210","units","0","v44174725","4.1.8","144667","","","","0"
"2022-11","Nova Scotia","2016A000212","Total all classes of electricity producer","Solar","Megawatt hours","210","units","0","v1059484914","4.1.9","0","","","","0"
"2022-11","Nova Scotia","2016A000212","Total all classes of electricity producer","Other types of electricity generation","Megawatt hours","210","units","0","v1059484814","4.1.10","0","","","","0"
"2022-11","Nova Scotia","2016A000212","Electricity producers, electric utilities","Total all types of electricity generation","Megawatt hours","210","units","0","v44174726","4.2.1","662789","","","","0"
"2022-11","Nova Scotia","2016A000212","Electricity producers, electric utilities","Hydraulic turbine","Megawatt hours","210","units","0","v44174727","4.2.2","45022","","","","0"
"2022-11","Nova Scotia","2016A000212","Electricity producers, electric utilities","Conventional steam turbine","Megawatt hours","210","units","0","v44174728","4.2.3","","..","","","0"
"2022-11","Nova Scotia","2016A000212","Electricity producers, electric utilities","Combustion turbine","Megawatt hours","210","units","0","v44174729","4.2.6","","..","","","0"
"2022-11","Nova Scotia","2016A000212","Electricity producers, electric utilities","Total electricity production from combustible fuels","Megawatt hours","210","units","0","v1059484842","4.2.11","473100","","","","0"
"2022-11","Nova Scotia","2016A000212","Electricity producers, electric utilities","Total electricity production from non-renewable combustible fuels","Megawatt hours","210","units","0","v1146006340","4.2.12","473100","","","","0"
"2022-11","Nova Scotia","2016A000212","Electricity producers, electric utilities","Total electricity production from biomass","Megawatt hours","210","units","0","v1146006382","4.2.13","0","","","","0"
"2022-11","Nova Scotia","2016A000212","Electricity producers, electric utilities","Tidal power turbine","Megawatt hours","210","units","0","v44174730","4.2.7","0","","","","0"
"2022-11","Nova Scotia","2016A000212","Electricity producers, electric utilities","Wind power turbine","Megawatt hours","210","units","0","v44174731","4.2.8","144667","","","","0"
"2022-11","Nova Scotia","2016A000212","Electricity producers, electric utilities","Solar","Megawatt hours","210","units","0","v1059484915","4.2.9","0","","","","0"
"2022-11","Nova Scotia","2016A000212","Electricity producers, electric utilities","Other types of electricity generation","Megawatt hours","210","units","0","v1059484815","4.2.10","0","","","","0"
"2022-11","Nova Scotia","2016A000212","Electricity producers, industries","Total all types of electricity generation","Megawatt hours","210","units","0","v44174732","4.3.1","395","","","","0"
"2022-11","Nova Scotia","2016A000212","Electricity producers, industries","Hydraulic turbine","Megawatt hours","210","units","0","v44174733","4.3.2","","..","","","0"
"2022-11","Nova Scotia","2016A000212","Electricity producers, industries","Conventional steam turbine","Megawatt hours","210","units","0","v44174734","4.3.3","","..","","","0"
"2022-11","Nova Scotia","2016A000212","Electricity producers, industries","Total electricity production from combustible fuels","Megawatt hours","210","units","0","v1059484843","4.3.11","395","","","","0"
"2022-11","Nova Scotia","2016A000212","Electricity producers, industries","Total electricity production from non-renewable combustible fuels","Megawatt hours","210","units","0","v1146006341","4.3.12","0","","","","0"
"2022-11","Nova Scotia","2016A000212","Electricity producers, industries","Total electricity production from biomass","Megawatt hours","210","units","0","v1146006383","4.3.13","395","","","","0"
"2022-11","Nova Scotia","2016A000212","Electricity producers, industries","Tidal power turbine","Megawatt hours","210","units","0","v1059484884","4.3.7","0","","","","0"
"2022-11","Nova Scotia","2016A000212","Electricity producers, industries","Wind power turbine","Megawatt hours","210","units","0","v62460553","4.3.8","0","","","","0"
"2022-11","Nova Scotia","2016A000212","Electricity producers, industries","Solar","Megawatt hours","210","units","0","v1059484916","4.3.9","0","","","","0"
"2022-11","Nova Scotia","2016A000212","Electricity producers, industries","Other types of electricity generation","Megawatt hours","210","units","0","v1059484816","4.3.10","0","","","","0"
"2022-12","Nova Scotia","2016A000212","Total all classes of electricity producer","Total all types of electricity generation","Megawatt hours","210","units","0","v44174720","4.1.1","913964","","","","0"
"2022-12","Nova Scotia","2016A000212","Total all classes of electricity producer","Hydraulic turbine","Megawatt hours","210","units","0","v44174721","4.1.2","93794","","","","0"
"2022-12","Nova Scotia","2016A000212","Total all classes of electricity producer","Conventional steam turbine","Megawatt hours","210","units","0","v44174722","4.1.3","","..","","","0"
"2022-12","Nova Scotia","2016A000212","Total all classes of electricity producer","Combustion turbine","Megawatt hours","210","units","0","v44174723","4.1.6","","..","","","0"
"2022-12","Nova Scotia","2016A000212","Total all classes of electricity producer","Total electricity production from combustible fuels","Megawatt hours","210","units","0","v1059484841","4.1.11","679484","","","","0"
"2022-12","Nova Scotia","2016A000212","Total all classes of electricity producer","Total electricity production from non-renewable combustible fuels","Megawatt hours","210","units","0","v1146006339","4.1.12","668448","","","","0"
"2022-12","Nova Scotia","2016A000212","Total all classes of electricity producer","Total electricity production from biomass","Megawatt hours","210","units","0","v1146006381","4.1.13","11036","","","","0"
"2022-12","Nova Scotia","2016A000212","Total all classes of electricity producer","Tidal power turbine","Megawatt hours","210","units","0","v44174724","4.1.7","0","","","","0"
"2022-12","Nova Scotia","2016A000212","Total all classes of electricity producer","Wind power turbine","Megawatt hours","210","units","0","v44174725","4.1.8","140686","","","","0"
"2022-12","Nova Scotia","2016A000212","Total all classes of electricity producer","Solar","Megawatt hours","210","units","0","v1059484914","4.1.9","0","","","","0"
"2022-12","Nova Scotia","2016A000212","Total all classes of electricity producer","Other types of electricity generation","Megawatt hours","210","units","0","v1059484814","4.1.10","0","","","","0"
"2022-12","Nova Scotia","2016A000212","Electricity producers, electric utilities","Total all types of electricity generation","Megawatt hours","210","units","0","v44174726","4.2.1","913628","","","","0"
"2022-12","Nova Scotia","2016A000212","Electricity producers, electric utilities","Hydraulic turbine","Megawatt hours","210","units","0","v44174727","4.2.2","93794","","","","0"
"2022-12","Nova Scotia","2016A000212","Electricity producers, electric utilities","Conventional steam turbine","Megawatt hours","210","units","0","v44174728","4.2.3","","..","","","0"
"2022-12","Nova Scotia","2016A000212","Electricity producers, electric utilities","Combustion turbine","Megawatt hours","210","units","0","v44174729","4.2.6","","..","","","0"
"2022-12","Nova Scotia","2016A000212","Electricity producers, electric utilities","Total electricity production from combustible fuels","Megawatt hours","210","units","0","v1059484842","4.2.11","679148","","","","0"
"2022-12","Nova Scotia","2016A000212","Electricity producers, electric utilities","Total electricity production from non-renewable combustible fuels","Megawatt hours","210","units","0","v1146006340","4.2.12","668448","","","","0"
"2022-12","Nova Scotia","2016A000212","Electricity producers, electric utilities","Total electricity production from biomass","Megawatt hours","210","units","0","v1146006382","4.2.13","10700","","","","0"
"2022-12","Nova Scotia","2016A000212","Electricity producers, electric utilities","Tidal power turbine","Megawatt hours","210","units","0","v44174730","4.2.7","0","","","","0"
"2022-12","Nova Scotia","2016A000212","Electricity producers, electric utilities","Wind power turbine","Megawatt hours","210","units","0","v44174731","4.2.8","140686","","","","0"
"2022-12","Nova Scotia","2016A000212","Electricity producers, electric utilities","Solar","Megawatt hours","210","units","0","v1059484915","4.2.9","0","","","","0"
"2022-12","Nova Scotia","2016A000212","Electricity producers, electric utilities","Other types of electricity generation","Megawatt hours","210","units","0","v1059484815","4.2.10","0","","","","0"
"2022-12","Nova Scotia","2016A000212","Electricity producers, industries","Total all types of electricity generation","Megawatt hours","210","units","0","v44174732","4.3.1","336","","","","0"
"2022-12","Nova Scotia","2016A000212","Electricity producers, industries","Hydraulic turbine","Megawatt hours","210","units","0","v44174733","4.3.2","","..","","","0"
"2022-12","Nova Scotia","2016A000212","Electricity producers, industries","Conventional steam turbine","Megawatt hours","210","units","0","v44174734","4.3.3","","..","","","0"
"2022-12","Nova Scotia","2016A000212","Electricity producers, industries","Total electricity production from combustible fuels","Megawatt hours","210","units","0","v1059484843","4.3.11","336","","","","0"
"2022-12","Nova Scotia","2016A000212","Electricity producers, industries","Total electricity production from non-renewable combustible fuels","Megawatt hours","210","units","0","v1146006341","4.3.12","0","","","","0"
"2022-12","Nova Scotia","2016A000212","Electricity producers, industries","Total electricity production from biomass","Megawatt hours","210","units","0","v1146006383","4.3.13","336","","","","0"
"2022-12","Nova Scotia","2016A000212","Electricity producers, industries","Tidal power turbine","Megawatt hours","210","units","0","v1059484884","4.3.7","0","","","","0"
"2022-12","Nova Scotia","2016A000212","Electricity producers, industries","Wind power turbine","Megawatt hours","210","units","0","v62460553","4.3.8","0","","","","0"
"2022-12","Nova Scotia","2016A000212","Electricity producers, industries","Solar","Megawatt hours","210","units","0","v1059484916","4.3.9","0","","","","0"
"2022-12","Nova Scotia","2016A000212","Electricity producers, industries","Other types of electricity generation","Megawatt hours","210","units","0","v1059484816","4.3.10","0","","","","0"
"2023-01","Nova Scotia","2016A000212","Total all classes of electricity producer","Total all types of electricity generation","Megawatt hours","210","units","0","v44174720","4.1.1","950984","","","","0"
"2023-01","Nova Scotia","2016A000212","Total all classes of electricity producer","Hydraulic turbine","Megawatt hours","210","units","0","v44174721","4.1.2","156037","","","","0"
"2023-01","Nova Scotia","2016A000212","Total all classes of electricity producer","Conventional steam turbine","Megawatt hours","210","units","0","v44174722","4.1.3","","..","","","0"
"2023-01","Nova Scotia","2016A000212","Total all classes of electricity producer","Combustion turbine","Megawatt hours","210","units","0","v44174723","4.1.6","","..","","","0"
"2023-01","Nova Scotia","2016A000212","Total all classes of electricity producer","Total electricity production from combustible fuels","Megawatt hours","210","units","0","v1059484841","4.1.11","700197","","","","0"
"2023-01","Nova Scotia","2016A000212","Total all classes of electricity producer","Total electricity production from non-renewable combustible fuels","Megawatt hours","210","units","0","v1146006339","4.1.12","683745","","","","0"
"2023-01","Nova Scotia","2016A000212","Total all classes of electricity producer","Total electricity production from biomass","Megawatt hours","210","units","0","v1146006381","4.1.13","16452","","","","0"
"2023-01","Nova Scotia","2016A000212","Total all classes of electricity producer","Tidal power turbine","Megawatt hours","210","units","0","v44174724","4.1.7","0","","","","0"
"2023-01","Nova Scotia","2016A000212","Total all classes of electricity producer","Wind power turbine","Megawatt hours","210","units","0","v44174725","4.1.8","94750","","","","0"
"2023-01","Nova Scotia","2016A000212","Total all classes of electricity producer","Solar","Megawatt hours","210","units","0","v1059484914","4.1.9","0","","","","0"
"2023-01","Nova Scotia","2016A000212","Total all classes of electricity producer","Other types of electricity generation","Megawatt hours","210","units","0","v1059484814","4.1.10","0","","","","0"
"2023-01","Nova Scotia","2016A000212","Electricity producers, electric utilities","Total all types of electricity generation","Megawatt hours","210","units","0","v44174726","4.2.1","950607","","","","0"
"2023-01","Nova Scotia","2016A000212","Electricity producers, electric utilities","Hydraulic turbine","Megawatt hours","210","units","0","v44174727","4.2.2","156037","","","","0"
"2023-01","Nova Scotia","2016A000212","Electricity producers, electric utilities","Conventional steam turbine","Megawatt hours","210","units","0","v44174728","4.2.3","","..","","","0"
"2023-01","Nova Scotia","2016A000212","Electricity producers, electric utilities","Combustion turbine","Megawatt hours","210","units","0","v44174729","4.2.6","","..","","","0"
"2023-01","Nova Scotia","2016A000212","Electricity producers, electric utilities","Total electricity production from combustible fuels","Megawatt hours","210","units","0","v1059484842","4.2.11","699820","","","","0"
"2023-01","Nova Scotia","2016A000212","Electricity producers, electric utilities","Total electricity production from non-renewable combustible fuels","Megawatt hours","210","units","0","v1146006340","4.2.12","683745","","","","0"
"2023-01","Nova Scotia","2016A000212","Electricity producers, electric utilities","Total electricity production from biomass","Megawatt hours","210","units","0","v1146006382","4.2.13","16075","","","","0"
"2023-01","Nova Scotia","2016A000212","Electricity producers, electric utilities","Tidal power turbine","Megawatt hours","210","units","0","v44174730","4.2.7","0","","","","0"
"2023-01","Nova Scotia","2016A000212","Electricity producers, electric utilities","Wind power turbine","Megawatt hours","210","units","0","v44174731","4.2.8","94750","","","","0"
"2023-01","Nova Scotia","2016A000212","Electricity producers, electric utilities","Solar","Megawatt hours","210","units","0","v1059484915","4.2.9","0","","","","0"
"2023-01","Nova Scotia","2016A000212","Electricity producers, electric utilities","Other types of electricity generation","Megawatt hours","210","units","0","v1059484815","4.2.10","0","","","","0"
"2023-01","Nova Scotia","2016A000212","Electricity producers, industries","Total all types of electricity generation","Megawatt hours","210","units","0","v44174732","4.3.1","377","","","","0"
"2023-01","Nova Scotia","2016A000212","Electricity producers, industries","Hydraulic turbine","Megawatt hours","210","units","0","v44174733","4.3.2","","..","","","0"
"2023-01","Nova Scotia","2016A000212","Electricity producers, industries","Conventional steam turbine","Megawatt hours","210","units","0","v44174734","4.3.3","","..","","","0"
"2023-01","Nova Scotia","2016A000212","Electricity producers, industries","Total electricity production from combustible fuels","Megawatt hours","210","units","0","v1059484843","4.3.11","377","","","","0"
"2023-01","Nova Scotia","2016A000212","Electricity producers, industries","Total electricity production from non-renewable combustible fuels","Megawatt hours","210","units","0","v1146006341","4.3.12","0","","","","0"
"2023-01","Nova Scotia","2016A000212","Electricity producers, industries","Total electricity production from biomass","Megawatt hours","210","units","0","v1146006383","4.3.13","377","","","","0"
"2023-01","Nova Scotia","2016A000212","Electricity producers, industries","Tidal power turbine","Megawatt hours","210","units","0","v1059484884","4.3.7","0","","","","0"
"2023-01","Nova Scotia","2016A000212","Electricity producers, industries","Wind power turbine","Megawatt hours","210","units","0","v62460553","4.3.8","0","","","","0"
"2023-01","Nova Scotia","2016A000212","Electricity producers, industries","Solar","Megawatt hours","210","units","0","v1059484916","4.3.9","0","","","","0"
"2023-01","Nova Scotia","2016A000212","Electricity producers, industries","Other types of electricity generation","Megawatt hours","210","units","0","v1059484816","4.3.10","0","","","","0"
"2023-02","Nova Scotia","2016A000212","Total all classes of electricity producer","Total all types of electricity generation","Megawatt hours","210","units","0","v44174720","4.1.1","921642","","","","0"
"2023-02","Nova Scotia","2016A000212","Total all classes of electricity producer","Hydraulic turbine","Megawatt hours","210","units","0","v44174721","4.1.2","116241","","","","0"
"2023-02","Nova Scotia","2016A000212","Total all classes of electricity producer","Conventional steam turbine","Megawatt hours","210","units","0","v44174722","4.1.3","","..","","","0"
"2023-02","Nova Scotia","2016A000212","Total all classes of electricity producer","Combustion turbine","Megawatt hours","210","units","0","v44174723","4.1.6","","..","","","0"
"2023-02","Nova Scotia","2016A000212","Total all classes of electricity producer","Total electricity production from combustible fuels","Megawatt hours","210","units","0","v1059484841","4.1.11","689737","","","","0"
"2023-02","Nova Scotia","2016A000212","Total all classes of electricity producer","Total electricity production from non-renewable combustible fuels","Megawatt hours","210","units","0","v1146006339","4.1.12","661084","","","","0"
"2023-02","Nova Scotia","2016A000212","Total all classes of electricity producer","Total electricity production from biomass","Megawatt hours","210","units","0","v1146006381","4.1.13","28653","","","","0"
"2023-02","Nova Scotia","2016A000212","Total all classes of electricity producer","Tidal power turbine","Megawatt hours","210","units","0","v44174724","4.1.7","0","","","","0"
"2023-02","Nova Scotia","2016A000212","Total all classes of electricity producer","Wind power turbine","Megawatt hours","210","units","0","v44174725","4.1.8","115664","","","","0"
"2023-02","Nova Scotia","2016A000212","Total all classes of electricity producer","Solar","Megawatt hours","210","units","0","v1059484914","4.1.9","0","","","","0"
"2023-02","Nova Scotia","2016A000212","Total all classes of electricity producer","Other types of electricity generation","Megawatt hours","210","units","0","v1059484814","4.1.10","0","","","","0"
"2023-02","Nova Scotia","2016A000212","Electricity producers, electric utilities","Total all types of electricity generation","Megawatt hours","210","units","0","v44174726","4.2.1","920539","","","","0"
"2023-02","Nova Scotia","2016A000212","Electricity producers, electric utilities","Hydraulic turbine","Megawatt hours","210","units","0","v44174727","4.2.2","116241","","","","0"
"2023-02","Nova Scotia","2016A000212","Electricity producers, electric utilities","Conventional steam turbine","Megawatt hours","210","units","0","v44174728","4.2.3","","..","","","0"
"2023-02","Nova Scotia","2016A000212","Electricity producers, electric utilities","Combustion turbine","Megawatt hours","210","units","0","v44174729","4.2.6","","..","","","0"
"2023-02","Nova Scotia","2016A000212","Electricity producers, electric utilities","Total electricity production from combustible fuels","Megawatt hours","210","units","0","v1059484842","4.2.11","689390","","","","0"
"2023-02","Nova Scotia","2016A000212","Electricity producers, electric utilities","Total electricity production from non-renewable combustible fuels","Megawatt hours","210","units","0","v1146006340","4.2.12","661084","","","","0"
"2023-02","Nova Scotia","2016A000212","Electricity producers, electric utilities","Total electricity production from biomass","Megawatt hours","210","units","0","v1146006382","4.2.13","28306","","","","0"
"2023-02","Nova Scotia","2016A000212","Electricity producers, electric utilities","Tidal power turbine","Megawatt hours","210","units","0","v44174730","4.2.7","0","","","","0"
"2023-02","Nova Scotia","2016A000212","Electricity producers, electric utilities","Wind power turbine","Megawatt hours","210","units","0","v44174731","4.2.8","114908","","","","0"
"2023-02","Nova Scotia","2016A000212","Electricity producers, electric utilities","Solar","Megawatt hours","210","units","0","v1059484915","4.2.9","0","","","","0"
"2023-02","Nova Scotia","2016A000212","Electricity producers, electric utilities","Other types of electricity generation","Megawatt hours","210","units","0","v1059484815","4.2.10","0","","","","0"
"2023-02","Nova Scotia","2016A000212","Electricity producers, industries","Total all types of electricity generation","Megawatt hours","210","units","0","v44174732","4.3.1","1103","","","","0"
"2023-02","Nova Scotia","2016A000212","Electricity producers, industries","Hydraulic turbine","Megawatt hours","210","units","0","v44174733","4.3.2","","..","","","0"
"2023-02","Nova Scotia","2016A000212","Electricity producers, industries","Conventional steam turbine","Megawatt hours","210","units","0","v44174734","4.3.3","","..","","","0"
"2023-02","Nova Scotia","2016A000212","Electricity producers, industries","Total electricity production from combustible fuels","Megawatt hours","210","units","0","v1059484843","4.3.11","347","","","","0"
"2023-02","Nova Scotia","2016A000212","Electricity producers, industries","Total electricity production from non-renewable combustible fuels","Megawatt hours","210","units","0","v1146006341","4.3.12","0","","","","0"
"2023-02","Nova Scotia","2016A000212","Electricity producers, industries","Total electricity production from biomass","Megawatt hours","210","units","0","v1146006383","4.3.13","347","","","","0"
"2023-02","Nova Scotia","2016A000212","Electricity producers, industries","Tidal power turbine","Megawatt hours","210","units","0","v1059484884","4.3.7","0","","","","0"
"2023-02","Nova Scotia","2016A000212","Electricity producers, industries","Wind power turbine","Megawatt hours","210","units","0","v62460553","4.3.8","756","","","","0"
"2023-02","Nova Scotia","2016A000212","Electricity producers, industries","Solar","Megawatt hours","210","units","0","v1059484916","4.3.9","0","","","","0"
"2023-02","Nova Scotia","2016A000212","Electricity producers, industries","Other types of electricity generation","Megawatt hours","210","units","0","v1059484816","4.3.10","0","","","","0"
"2023-03","Nova Scotia","2016A000212","Total all classes of electricity producer","Total all types of electricity generation","Megawatt hours","210","units","0","v44174720","4.1.1","913944","","","","0"
"2023-03","Nova Scotia","2016A000212","Total all classes of electricity producer","Hydraulic turbine","Megawatt hours","210","units","0","v44174721","4.1.2","92994","","","","0"
"2023-03","Nova Scotia","2016A000212","Total all classes of electricity producer","Conventional steam turbine","Megawatt hours","210","units","0","v44174722","4.1.3","","..","","","0"
"2023-03","Nova Scotia","2016A000212","Total all classes of electricity producer","Combustion turbine","Megawatt hours","210","units","0","v44174723","4.1.6","","..","","","0"
"2023-03","Nova Scotia","2016A000212","Total all classes of electricity producer","Total electricity production from combustible fuels","Megawatt hours","210","units","0","v1059484841","4.1.11","689492","","","","0"
"2023-03","Nova Scotia","2016A000212","Total all classes of electricity producer","Total electricity production from non-renewable combustible fuels","Megawatt hours","210","units","0","v1146006339","4.1.12","658366","","","","0"
"2023-03","Nova Scotia","2016A000212","Total all classes of electricity producer","Total electricity production from biomass","Megawatt hours","210","units","0","v1146006381","4.1.13","31126","","","","0"
"2023-03","Nova Scotia","2016A000212","Total all classes of electricity producer","Tidal power turbine","Megawatt hours","210","units","0","v44174724","4.1.7","0","","","","0"
"2023-03","Nova Scotia","2016A000212","Total all classes of electricity producer","Wind power turbine","Megawatt hours","210","units","0","v44174725","4.1.8","131458","","","","0"
"2023-03","Nova Scotia","2016A000212","Total all classes of electricity producer","Solar","Megawatt hours","210","units","0","v1059484914","4.1.9","0","","","","0"
"2023-03","Nova Scotia","2016A000212","Total all classes of electricity producer","Other types of electricity generation","Megawatt hours","210","units","0","v1059484814","4.1.10","0","","","","0"
"2023-03","Nova Scotia","2016A000212","Electricity producers, electric utilities","Total all types of electricity generation","Megawatt hours","210","units","0","v44174726","4.2.1","913082","","","","0"
"2023-03","Nova Scotia","2016A000212","Electricity producers, electric utilities","Hydraulic turbine","Megawatt hours","210","units","0","v44174727","4.2.2","92994","","","","0"
"2023-03","Nova Scotia","2016A000212","Electricity producers, electric utilities","Conventional steam turbine","Megawatt hours","210","units","0","v44174728","4.2.3","","..","","","0"
"2023-03","Nova Scotia","2016A000212","Electricity producers, electric utilities","Combustion turbine","Megawatt hours","210","units","0","v44174729","4.2.6","","..","","","0"
"2023-03","Nova Scotia","2016A000212","Electricity producers, electric utilities","Total electricity production from combustible fuels","Megawatt hours","210","units","0","v1059484842","4.2.11","689136","","","","0"
"2023-03","Nova Scotia","2016A000212","Electricity producers, electric utilities","Total electricity production from non-renewable combustible fuels","Megawatt hours","210","units","0","v1146006340","4.2.12","658366","","","","0"
"2023-03","Nova Scotia","2016A000212","Electricity producers, electric utilities","Total electricity production from biomass","Megawatt hours","210","units","0","v1146006382","4.2.13","30770","","","","0"
"2023-03","Nova Scotia","2016A000212","Electricity producers, electric utilities","Tidal power turbine","Megawatt hours","210","units","0","v44174730","4.2.7","0","","","","0"
"2023-03","Nova Scotia","2016A000212","Electricity producers, electric utilities","Wind power turbine","Megawatt hours","210","units","0","v44174731","4.2.8","130952","","","","0"
"2023-03","Nova Scotia","2016A000212","Electricity producers, electric utilities","Solar","Megawatt hours","210","units","0","v1059484915","4.2.9","0","","","","0"
"2023-03","Nova Scotia","2016A000212","Electricity producers, electric utilities","Other types of electricity generation","Megawatt hours","210","units","0","v1059484815","4.2.10","0","","","","0"
"2023-03","Nova Scotia","2016A000212","Electricity producers, industries","Total all types of electricity generation","Megawatt hours","210","units","0","v44174732","4.3.1","862","","","","0"
"2023-03","Nova Scotia","2016A000212","Electricity producers, industries","Hydraulic turbine","Megawatt hours","210","units","0","v44174733","4.3.2","","..","","","0"
"2023-03","Nova Scotia","2016A000212","Electricity producers, industries","Conventional steam turbine","Megawatt hours","210","units","0","v44174734","4.3.3","","..","","","0"
"2023-03","Nova Scotia","2016A000212","Electricity producers, industries","Total electricity production from combustible fuels","Megawatt hours","210","units","0","v1059484843","4.3.11","356","","","","0"
"2023-03","Nova Scotia","2016A000212","Electricity producers, industries","Total electricity production from non-renewable combustible fuels","Megawatt hours","210","units","0","v1146006341","4.3.12","0","","","","0"
"2023-03","Nova Scotia","2016A000212","Electricity producers, industries","Total electricity production from biomass","Megawatt hours","210","units","0","v1146006383","4.3.13","356","","","","0"
"2023-03","Nova Scotia","2016A000212","Electricity producers, industries","Tidal power turbine","Megawatt hours","210","units","0","v1059484884","4.3.7","0","","","","0"
"2023-03","Nova Scotia","2016A000212","Electricity producers, industries","Wind power turbine","Megawatt hours","210","units","0","v62460553","4.3.8","506","","","","0"
"2023-03","Nova Scotia","2016A000212","Electricity producers, industries","Solar","Megawatt hours","210","units","0","v1059484916","4.3.9","0","","","","0"
"2023-03","Nova Scotia","2016A000212","Electricity producers, industries","Other types of electricity generation","Megawatt hours","210","units","0","v1059484816","4.3.10","0","","","","0"
"2023-04","Nova Scotia","2016A000212","Total all classes of electricity producer","Total all types of electricity generation","Megawatt hours","210","units","0","v44174720","4.1.1","619657","","","","0"
"2023-04","Nova Scotia","2016A000212","Total all classes of electricity producer","Hydraulic turbine","Megawatt hours","210","units","0","v44174721","4.1.2","53010","","","","0"
"2023-04","Nova Scotia","2016A000212","Total all classes of electricity producer","Conventional steam turbine","Megawatt hours","210","units","0","v44174722","4.1.3","","..","","","0"
"2023-04","Nova Scotia","2016A000212","Total all classes of electricity producer","Combustion turbine","Megawatt hours","210","units","0","v44174723","4.1.6","","..","","","0"
"2023-04","Nova Scotia","2016A000212","Total all classes of electricity producer","Total electricity production from combustible fuels","Megawatt hours","210","units","0","v1059484841","4.1.11","451021","","","","0"
"2023-04","Nova Scotia","2016A000212","Total all classes of electricity producer","Total electricity production from non-renewable combustible fuels","Megawatt hours","210","units","0","v1146006339","4.1.12","418459","","","","0"
"2023-04","Nova Scotia","2016A000212","Total all classes of electricity producer","Total electricity production from biomass","Megawatt hours","210","units","0","v1146006381","4.1.13","32562","","","","0"
"2023-04","Nova Scotia","2016A000212","Total all classes of electricity producer","Tidal power turbine","Megawatt hours","210","units","0","v44174724","4.1.7","0","","","","0"
"2023-04","Nova Scotia","2016A000212","Total all classes of electricity producer","Wind power turbine","Megawatt hours","210","units","0","v44174725","4.1.8","115626","","","","0"
"2023-04","Nova Scotia","2016A000212","Total all classes of electricity producer","Solar","Megawatt hours","210","units","0","v1059484914","4.1.9","0","","","","0"
"2023-04","Nova Scotia","2016A000212","Total all classes of electricity producer","Other types of electricity generation","Megawatt hours","210","units","0","v1059484814","4.1.10","0","","","","0"
"2023-04","Nova Scotia","2016A000212","Electricity producers, electric utilities","Total all types of electricity generation","Megawatt hours","210","units","0","v44174726","4.2.1","618831","","","","0"
"2023-04","Nova Scotia","2016A000212","Electricity producers, electric utilities","Hydraulic turbine","Megawatt hours","210","units","0","v44174727","4.2.2","53010","","","","0"
"2023-04","Nova Scotia","2016A000212","Electricity producers, electric utilities","Conventional steam turbine","Megawatt hours","210","units","0","v44174728","4.2.3","","..","","","0"
"2023-04","Nova Scotia","2016A000212","Electricity producers, electric utilities","Combustion turbine","Megawatt hours","210","units","0","v44174729","4.2.6","","..","","","0"
"2023-04","Nova Scotia","2016A000212","Electricity producers, electric utilities","Total electricity production from combustible fuels","Megawatt hours","210","units","0","v1059484842","4.2.11","450680","","","","0"
"2023-04","Nova Scotia","2016A000212","Electricity producers, electric utilities","Total electricity production from non-renewable combustible fuels","Megawatt hours","210","units","0","v1146006340","4.2.12","418459","","","","0"
"2023-04","Nova Scotia","2016A000212","Electricity producers, electric utilities","Total electricity production from biomass","Megawatt hours","210","units","0","v1146006382","4.2.13","32221","","","","0"
"2023-04","Nova Scotia","2016A000212","Electricity producers, electric utilities","Tidal power turbine","Megawatt hours","210","units","0","v44174730","4.2.7","0","","","","0"
"2023-04","Nova Scotia","2016A000212","Electricity producers, electric utilities","Wind power turbine","Megawatt hours","210","units","0","v44174731","4.2.8","115141","","","","0"
"2023-04","Nova Scotia","2016A000212","Electricity producers, electric utilities","Solar","Megawatt hours","210","units","0","v1059484915","4.2.9","0","","","","0"
"2023-04","Nova Scotia","2016A000212","Electricity producers, electric utilities","Other types of electricity generation","Megawatt hours","210","units","0","v1059484815","4.2.10","0","","","","0"
"2023-04","Nova Scotia","2016A000212","Electricity producers, industries","Total all types of electricity generation","Megawatt hours","210","units","0","v44174732","4.3.1","826","","","","0"
"2023-04","Nova Scotia","2016A000212","Electricity producers, industries","Hydraulic turbine","Megawatt hours","210","units","0","v44174733","4.3.2","","..","","","0"
"2023-04","Nova Scotia","2016A000212","Electricity producers, industries","Conventional steam turbine","Megawatt hours","210","units","0","v44174734","4.3.3","","..","","","0"
"2023-04","Nova Scotia","2016A000212","Electricity producers, industries","Total electricity production from combustible fuels","Megawatt hours","210","units","0","v1059484843","4.3.11","341","","","","0"
"2023-04","Nova Scotia","2016A000212","Electricity producers, industries","Total electricity production from non-renewable combustible fuels","Megawatt hours","210","units","0","v1146006341","4.3.12","0","","","","0"
"2023-04","Nova Scotia","2016A000212","Electricity producers, industries","Total electricity production from biomass","Megawatt hours","210","units","0","v1146006383","4.3.13","341","","","","0"
"2023-04","Nova Scotia","2016A000212","Electricity producers, industries","Tidal power turbine","Megawatt hours","210","units","0","v1059484884","4.3.7","0","","","","0"
"2023-04","Nova Scotia","2016A000212","Electricity producers, industries","Wind power turbine","Megawatt hours","210","units","0","v62460553","4.3.8","485","","","","0"
"2023-04","Nova Scotia","2016A000212","Electricity producers, industries","Solar","Megawatt hours","210","units","0","v1059484916","4.3.9","0","","","","0"
"2023-04","Nova Scotia","2016A000212","Electricity producers, industries","Other types of electricity generation","Megawatt hours","210","units","0","v1059484816","4.3.10","0","","","","0"
"2023-05","Nova Scotia","2016A000212","Total all classes of electricity producer","Total all types of electricity generation","Megawatt hours","210","units","0","v44174720","4.1.1","560210","","","","0"
"2023-05","Nova Scotia","2016A000212","Total all classes of electricity producer","Hydraulic turbine","Megawatt hours","210","units","0","v44174721","4.1.2","52070","","","","0"
"2023-05","Nova Scotia","2016A000212","Total all classes of electricity producer","Conventional steam turbine","Megawatt hours","210","units","0","v44174722","4.1.3","","..","","","0"
"2023-05","Nova Scotia","2016A000212","Total all classes of electricity producer","Combustion turbine","Megawatt hours","210","units","0","v44174723","4.1.6","","..","","","0"
"2023-05","Nova Scotia","2016A000212","Total all classes of electricity producer","Total electricity production from combustible fuels","Megawatt hours","210","units","0","v1059484841","4.1.11","362005","","","","0"
"2023-05","Nova Scotia","2016A000212","Total all classes of electricity producer","Total electricity production from non-renewable combustible fuels","Megawatt hours","210","units","0","v1146006339","4.1.12","327241","","","","0"
"2023-05","Nova Scotia","2016A000212","Total all classes of electricity producer","Total electricity production from biomass","Megawatt hours","210","units","0","v1146006381","4.1.13","34764","","","","0"
"2023-05","Nova Scotia","2016A000212","Total all classes of electricity producer","Tidal power turbine","Megawatt hours","210","units","0","v44174724","4.1.7","0","","","","0"
"2023-05","Nova Scotia","2016A000212","Total all classes of electricity producer","Wind power turbine","Megawatt hours","210","units","0","v44174725","4.1.8","146135","","","","0"
"2023-05","Nova Scotia","2016A000212","Total all classes of electricity producer","Solar","Megawatt hours","210","units","0","v1059484914","4.1.9","0","","","","0"
"2023-05","Nova Scotia","2016A000212","Total all classes of electricity producer","Other types of electricity generation","Megawatt hours","210","units","0","v1059484814","4.1.10","0","","","","0"
"2023-05","Nova Scotia","2016A000212","Electricity producers, electric utilities","Total all types of electricity generation","Megawatt hours","210","units","0","v44174726","4.2.1","559332","","","","0"
"2023-05","Nova Scotia","2016A000212","Electricity producers, electric utilities","Hydraulic turbine","Megawatt hours","210","units","0","v44174727","4.2.2","52070","","","","0"
"2023-05","Nova Scotia","2016A000212","Electricity producers, electric utilities","Conventional steam turbine","Megawatt hours","210","units","0","v44174728","4.2.3","","..","","","0"
"2023-05","Nova Scotia","2016A000212","Electricity producers, electric utilities","Combustion turbine","Megawatt hours","210","units","0","v44174729","4.2.6","","..","","","0"
"2023-05","Nova Scotia","2016A000212","Electricity producers, electric utilities","Total electricity production from combustible fuels","Megawatt hours","210","units","0","v1059484842","4.2.11","361679","","","","0"
"2023-05","Nova Scotia","2016A000212","Electricity producers, electric utilities","Total electricity production from non-renewable combustible fuels","Megawatt hours","210","units","0","v1146006340","4.2.12","327241","","","","0"
"2023-05","Nova Scotia","2016A000212","Electricity producers, electric utilities","Total electricity production from biomass","Megawatt hours","210","units","0","v1146006382","4.2.13","34438","","","","0"
"2023-05","Nova Scotia","2016A000212","Electricity producers, electric utilities","Tidal power turbine","Megawatt hours","210","units","0","v44174730","4.2.7","0","","","","0"
"2023-05","Nova Scotia","2016A000212","Electricity producers, electric utilities","Wind power turbine","Megawatt hours","210","units","0","v44174731","4.2.8","145583","","","","0"
"2023-05","Nova Scotia","2016A000212","Electricity producers, electric utilities","Solar","Megawatt hours","210","units","0","v1059484915","4.2.9","0","","","","0"
"2023-05","Nova Scotia","2016A000212","Electricity producers, electric utilities","Other types of electricity generation","Megawatt hours","210","units","0","v1059484815","4.2.10","0","","","","0"
"2023-05","Nova Scotia","2016A000212","Electricity producers, industries","Total all types of electricity generation","Megawatt hours","210","units","0","v44174732","4.3.1","878","","","","0"
"2023-05","Nova Scotia","2016A000212","Electricity producers, industries","Hydraulic turbine","Megawatt hours","210","units","0","v44174733","4.3.2","","..","","","0"
"2023-05","Nova Scotia","2016A000212","Electricity producers, industries","Conventional steam turbine","Megawatt hours","210","units","0","v44174734","4.3.3","","..","","","0"
"2023-05","Nova Scotia","2016A000212","Electricity producers, industries","Total electricity production from combustible fuels","Megawatt hours","210","units","0","v1059484843","4.3.11","326","","","","0"
"2023-05","Nova Scotia","2016A000212","Electricity producers, industries","Total electricity production from non-renewable combustible fuels","Megawatt hours","210","units","0","v1146006341","4.3.12","0","","","","0"
"2023-05","Nova Scotia","2016A000212","Electricity producers, industries","Total electricity production from biomass","Megawatt hours","210","units","0","v1146006383","4.3.13","326","","","","0"
"2023-05","Nova Scotia","2016A000212","Electricity producers, industries","Tidal power turbine","Megawatt hours","210","units","0","v1059484884","4.3.7","0","","","","0"
"2023-05","Nova Scotia","2016A000212","Electricity producers, industries","Wind power turbine","Megawatt hours","210","units","0","v62460553","4.3.8","552","","","","0"
"2023-05","Nova Scotia","2016A000212","Electricity producers, industries","Solar","Megawatt hours","210","units","0","v1059484916","4.3.9","0","","","","0"
"2023-05","Nova Scotia","2016A000212","Electricity producers, industries","Other types of electricity generation","Megawatt hours","210","units","0","v1059484816","4.3.10","0","","","","0"
"2023-06","Nova Scotia","2016A000212","Total all classes of electricity producer","Total all types of electricity generation","Megawatt hours","210","units","0","v44174720","4.1.1","529877","","","","0"
"2023-06","Nova Scotia","2016A000212","Total all classes of electricity producer","Hydraulic turbine","Megawatt hours","210","units","0","v44174721","4.1.2","59951","","","","0"
"2023-06","Nova Scotia","2016A000212","Total all classes of electricity producer","Conventional steam turbine","Megawatt hours","210","units","0","v44174722","4.1.3","","..","","","0"
"2023-06","Nova Scotia","2016A000212","Total all classes of electricity producer","Combustion turbine","Megawatt hours","210","units","0","v44174723","4.1.6","","..","","","0"
"2023-06","Nova Scotia","2016A000212","Total all classes of electricity producer","Total electricity production from combustible fuels","Megawatt hours","210","units","0","v1059484841","4.1.11","384553","","","","0"
"2023-06","Nova Scotia","2016A000212","Total all classes of electricity producer","Total electricity production from non-renewable combustible fuels","Megawatt hours","210","units","0","v1146006339","4.1.12","366406","","","","0"
"2023-06","Nova Scotia","2016A000212","Total all classes of electricity producer","Total electricity production from biomass","Megawatt hours","210","units","0","v1146006381","4.1.13","18147","","","","0"
"2023-06","Nova Scotia","2016A000212","Total all classes of electricity producer","Tidal power turbine","Megawatt hours","210","units","0","v44174724","4.1.7","0","","","","0"
"2023-06","Nova Scotia","2016A000212","Total all classes of electricity producer","Wind power turbine","Megawatt hours","210","units","0","v44174725","4.1.8","84157","","","","0"
"2023-06","Nova Scotia","2016A000212","Total all classes of electricity producer","Solar","Megawatt hours","210","units","0","v1059484914","4.1.9","1216","","","","0"
"2023-06","Nova Scotia","2016A000212","Total all classes of electricity producer","Other types of electricity generation","Megawatt hours","210","units","0","v1059484814","4.1.10","0","","","","0"
"2023-06","Nova Scotia","2016A000212","Electricity producers, electric utilities","Total all types of electricity generation","Megawatt hours","210","units","0","v44174726","4.2.1","529338","","","","0"
"2023-06","Nova Scotia","2016A000212","Electricity producers, electric utilities","Hydraulic turbine","Megawatt hours","210","units","0","v44174727","4.2.2","59951","","","","0"
"2023-06","Nova Scotia","2016A000212","Electricity producers, electric utilities","Conventional steam turbine","Megawatt hours","210","units","0","v44174728","4.2.3","","..","","","0"
"2023-06","Nova Scotia","2016A000212","Electricity producers, electric utilities","Combustion turbine","Megawatt hours","210","units","0","v44174729","4.2.6","","..","","","0"
"2023-06","Nova Scotia","2016A000212","Electricity producers, electric utilities","Total electricity production from combustible fuels","Megawatt hours","210","units","0","v1059484842","4.2.11","384150","","","","0"
"2023-06","Nova Scotia","2016A000212","Electricity producers, electric utilities","Total electricity production from non-renewable combustible fuels","Megawatt hours","210","units","0","v1146006340","4.2.12","366406","","","","0"
"2023-06","Nova Scotia","2016A000212","Electricity producers, electric utilities","Total electricity production from biomass","Megawatt hours","210","units","0","v1146006382","4.2.13","17744","","","","0"
"2023-06","Nova Scotia","2016A000212","Electricity producers, electric utilities","Tidal power turbine","Megawatt hours","210","units","0","v44174730","4.2.7","0","","","","0"
"2023-06","Nova Scotia","2016A000212","Electricity producers, electric utilities","Wind power turbine","Megawatt hours","210","units","0","v44174731","4.2.8","84021","","","","0"
"2023-06","Nova Scotia","2016A000212","Electricity producers, electric utilities","Solar","Megawatt hours","210","units","0","v1059484915","4.2.9","1216","","","","0"
"2023-06","Nova Scotia","2016A000212","Electricity producers, electric utilities","Other types of electricity generation","Megawatt hours","210","units","0","v1059484815","4.2.10","0","","","","0"
"2023-06","Nova Scotia","2016A000212","Electricity producers, industries","Total all types of electricity generation","Megawatt hours","210","units","0","v44174732","4.3.1","539","","","","0"
"2023-06","Nova Scotia","2016A000212","Electricity producers, industries","Hydraulic turbine","Megawatt hours","210","units","0","v44174733","4.3.2","","..","","","0"
"2023-06","Nova Scotia","2016A000212","Electricity producers, industries","Conventional steam turbine","Megawatt hours","210","units","0","v44174734","4.3.3","","..","","","0"
"2023-06","Nova Scotia","2016A000212","Electricity producers, industries","Total electricity production from combustible fuels","Megawatt hours","210","units","0","v1059484843","4.3.11","403","","","","0"
"2023-06","Nova Scotia","2016A000212","Electricity producers, industries","Total electricity production from non-renewable combustible fuels","Megawatt hours","210","units","0","v1146006341","4.3.12","0","","","","0"
"2023-06","Nova Scotia","2016A000212","Electricity producers, industries","Total electricity production from biomass","Megawatt hours","210","units","0","v1146006383","4.3.13","403","","","","0"
"2023-06","Nova Scotia","2016A000212","Electricity producers, industries","Tidal power turbine","Megawatt hours","210","units","0","v1059484884","4.3.7","0","","","","0"
"2023-06","Nova Scotia","2016A000212","Electricity producers, industries","Wind power turbine","Megawatt hours","210","units","0","v62460553","4.3.8","136","","","","0"
"2023-06","Nova Scotia","2016A000212","Electricity producers, industries","Solar","Megawatt hours","210","units","0","v1059484916","4.3.9","0","","","","0"
"2023-06","Nova Scotia","2016A000212","Electricity producers, industries","Other types of electricity generation","Megawatt hours","210","units","0","v1059484816","4.3.10","0","","","","0"
"2023-07","Nova Scotia","2016A000212","Total all classes of electricity producer","Total all types of electricity generation","Megawatt hours","210","units","0","v44174720","4.1.1","601153","","","","0"
"2023-07","Nova Scotia","2016A000212","Total all classes of electricity producer","Hydraulic turbine","Megawatt hours","210","units","0","v44174721","4.1.2","58815","","","","0"
"2023-07","Nova Scotia","2016A000212","Total all classes of electricity producer","Conventional steam turbine","Megawatt hours","210","units","0","v44174722","4.1.3","","..","","","0"
"2023-07","Nova Scotia","2016A000212","Total all classes of electricity producer","Combustion turbine","Megawatt hours","210","units","0","v44174723","4.1.6","","..","","","0"
"2023-07","Nova Scotia","2016A000212","Total all classes of electricity producer","Total electricity production from combustible fuels","Megawatt hours","210","units","0","v1059484841","4.1.11","478761","","","","0"
"2023-07","Nova Scotia","2016A000212","Total all classes of electricity producer","Total electricity production from non-renewable combustible fuels","Megawatt hours","210","units","0","v1146006339","4.1.12","454502","","","","0"
"2023-07","Nova Scotia","2016A000212","Total all classes of electricity producer","Total electricity production from biomass","Megawatt hours","210","units","0","v1146006381","4.1.13","24259","","","","0"
"2023-07","Nova Scotia","2016A000212","Total all classes of electricity producer","Tidal power turbine","Megawatt hours","210","units","0","v44174724","4.1.7","0","","","","0"
"2023-07","Nova Scotia","2016A000212","Total all classes of electricity producer","Wind power turbine","Megawatt hours","210","units","0","v44174725","4.1.8","63288","","","","0"
"2023-07","Nova Scotia","2016A000212","Total all classes of electricity producer","Solar","Megawatt hours","210","units","0","v1059484914","4.1.9","289","","","","0"
"2023-07","Nova Scotia","2016A000212","Total all classes of electricity producer","Other types of electricity generation","Megawatt hours","210","units","0","v1059484814","4.1.10","0","","","","0"
"2023-07","Nova Scotia","2016A000212","Electricity producers, electric utilities","Total all types of electricity generation","Megawatt hours","210","units","0","v44174726","4.2.1","600593","","","","0"
"2023-07","Nova Scotia","2016A000212","Electricity producers, electric utilities","Hydraulic turbine","Megawatt hours","210","units","0","v44174727","4.2.2","58815","","","","0"
"2023-07","Nova Scotia","2016A000212","Electricity producers, electric utilities","Conventional steam turbine","Megawatt hours","210","units","0","v44174728","4.2.3","","..","","","0"
"2023-07","Nova Scotia","2016A000212","Electricity producers, electric utilities","Combustion turbine","Megawatt hours","210","units","0","v44174729","4.2.6","","..","","","0"
"2023-07","Nova Scotia","2016A000212","Electricity producers, electric utilities","Total electricity production from combustible fuels","Megawatt hours","210","units","0","v1059484842","4.2.11","478304","","","","0"
"2023-07","Nova Scotia","2016A000212","Electricity producers, electric utilities","Total electricity production from non-renewable combustible fuels","Megawatt hours","210","units","0","v1146006340","4.2.12","454502","","","","0"
"2023-07","Nova Scotia","2016A000212","Electricity producers, electric utilities","Total electricity production from biomass","Megawatt hours","210","units","0","v1146006382","4.2.13","23802","","","","0"
"2023-07","Nova Scotia","2016A000212","Electricity producers, electric utilities","Tidal power turbine","Megawatt hours","210","units","0","v44174730","4.2.7","0","","","","0"
"2023-07","Nova Scotia","2016A000212","Electricity producers, electric utilities","Wind power turbine","Megawatt hours","210","units","0","v44174731","4.2.8","63185","","","","0"
"2023-07","Nova Scotia","2016A000212","Electricity producers, electric utilities","Solar","Megawatt hours","210","units","0","v1059484915","4.2.9","289","","","","0"
"2023-07","Nova Scotia","2016A000212","Electricity producers, electric utilities","Other types of electricity generation","Megawatt hours","210","units","0","v1059484815","4.2.10","0","","","","0"
"2023-07","Nova Scotia","2016A000212","Electricity producers, industries","Total all types of electricity generation","Megawatt hours","210","units","0","v44174732","4.3.1","560","","","","0"
"2023-07","Nova Scotia","2016A000212","Electricity producers, industries","Hydraulic turbine","Megawatt hours","210","units","0","v44174733","4.3.2","","..","","","0"
"2023-07","Nova Scotia","2016A000212","Electricity producers, industries","Conventional steam turbine","Megawatt hours","210","units","0","v44174734","4.3.3","","..","","","0"
"2023-07","Nova Scotia","2016A000212","Electricity producers, industries","Total electricity production from combustible fuels","Megawatt hours","210","units","0","v1059484843","4.3.11","457","","","","0"
"2023-07","Nova Scotia","2016A000212","Electricity producers, industries","Total electricity production from non-renewable combustible fuels","Megawatt hours","210","units","0","v1146006341","4.3.12","0","","","","0"
"2023-07","Nova Scotia","2016A000212","Electricity producers, industries","Total electricity production from biomass","Megawatt hours","210","units","0","v1146006383","4.3.13","457","","","","0"
"2023-07","Nova Scotia","2016A000212","Electricity producers, industries","Tidal power turbine","Megawatt hours","210","units","0","v1059484884","4.3.7","0","","","","0"
"2023-07","Nova Scotia","2016A000212","Electricity producers, industries","Wind power turbine","Megawatt hours","210","units","0","v62460553","4.3.8","103","","","","0"
"2023-07","Nova Scotia","2016A000212","Electricity producers, industries","Solar","Megawatt hours","210","units","0","v1059484916","4.3.9","0","","","","0"
"2023-07","Nova Scotia","2016A000212","Electricity producers, industries","Other types of electricity generation","Megawatt hours","210","units","0","v1059484816","4.3.10","0","","","","0"
"2023-08","Nova Scotia","2016A000212","Total all classes of electricity producer","Total all types of electricity generation","Megawatt hours","210","units","0","v44174720","4.1.1","525722","","","","0"
"2023-08","Nova Scotia","2016A000212","Total all classes of electricity producer","Hydraulic turbine","Megawatt hours","210","units","0","v44174721","4.1.2","49230","","","","0"
"2023-08","Nova Scotia","2016A000212","Total all classes of electricity producer","Conventional steam turbine","Megawatt hours","210","units","0","v44174722","4.1.3","","..","","","0"
"2023-08","Nova Scotia","2016A000212","Total all classes of electricity producer","Combustion turbine","Megawatt hours","210","units","0","v44174723","4.1.6","","..","","","0"
"2023-08","Nova Scotia","2016A000212","Total all classes of electricity producer","Total electricity production from combustible fuels","Megawatt hours","210","units","0","v1059484841","4.1.11","394951","","","","0"
"2023-08","Nova Scotia","2016A000212","Total all classes of electricity producer","Total electricity production from non-renewable combustible fuels","Megawatt hours","210","units","0","v1146006339","4.1.12","358584","","","","0"
"2023-08","Nova Scotia","2016A000212","Total all classes of electricity producer","Total electricity production from biomass","Megawatt hours","210","units","0","v1146006381","4.1.13","36367","","","","0"
"2023-08","Nova Scotia","2016A000212","Total all classes of electricity producer","Tidal power turbine","Megawatt hours","210","units","0","v44174724","4.1.7","0","","","","0"
"2023-08","Nova Scotia","2016A000212","Total all classes of electricity producer","Wind power turbine","Megawatt hours","210","units","0","v44174725","4.1.8","81289","","","","0"
"2023-08","Nova Scotia","2016A000212","Total all classes of electricity producer","Solar","Megawatt hours","210","units","0","v1059484914","4.1.9","252","","","","0"
"2023-08","Nova Scotia","2016A000212","Total all classes of electricity producer","Other types of electricity generation","Megawatt hours","210","units","0","v1059484814","4.1.10","0","","","","0"
"2023-08","Nova Scotia","2016A000212","Electricity producers, electric utilities","Total all types of electricity generation","Megawatt hours","210","units","0","v44174726","4.2.1","525054","","","","0"
"2023-08","Nova Scotia","2016A000212","Electricity producers, electric utilities","Hydraulic turbine","Megawatt hours","210","units","0","v44174727","4.2.2","49230","","","","0"
"2023-08","Nova Scotia","2016A000212","Electricity producers, electric utilities","Conventional steam turbine","Megawatt hours","210","units","0","v44174728","4.2.3","","..","","","0"
"2023-08","Nova Scotia","2016A000212","Electricity producers, electric utilities","Combustion turbine","Megawatt hours","210","units","0","v44174729","4.2.6","","..","","","0"
"2023-08","Nova Scotia","2016A000212","Electricity producers, electric utilities","Total electricity production from combustible fuels","Megawatt hours","210","units","0","v1059484842","4.2.11","394481","","","","0"
"2023-08","Nova Scotia","2016A000212","Electricity producers, electric utilities","Total electricity production from non-renewable combustible fuels","Megawatt hours","210","units","0","v1146006340","4.2.12","358584","","","","0"
"2023-08","Nova Scotia","2016A000212","Electricity producers, electric utilities","Total electricity production from biomass","Megawatt hours","210","units","0","v1146006382","4.2.13","35897","","","","0"
"2023-08","Nova Scotia","2016A000212","Electricity producers, electric utilities","Tidal power turbine","Megawatt hours","210","units","0","v44174730","4.2.7","0","","","","0"
"2023-08","Nova Scotia","2016A000212","Electricity producers, electric utilities","Wind power turbine","Megawatt hours","210","units","0","v44174731","4.2.8","81091","","","","0"
"2023-08","Nova Scotia","2016A000212","Electricity producers, electric utilities","Solar","Megawatt hours","210","units","0","v1059484915","4.2.9","252","","","","0"
"2023-08","Nova Scotia","2016A000212","Electricity producers, electric utilities","Other types of electricity generation","Megawatt hours","210","units","0","v1059484815","4.2.10","0","","","","0"
"2023-08","Nova Scotia","2016A000212","Electricity producers, industries","Total all types of electricity generation","Megawatt hours","210","units","0","v44174732","4.3.1","668","","","","0"
"2023-08","Nova Scotia","2016A000212","Electricity producers, industries","Hydraulic turbine","Megawatt hours","210","units","0","v44174733","4.3.2","","..","","","0"
"2023-08","Nova Scotia","2016A000212","Electricity producers, industries","Conventional steam turbine","Megawatt hours","210","units","0","v44174734","4.3.3","","..","","","0"
"2023-08","Nova Scotia","2016A000212","Electricity producers, industries","Total electricity production from combustible fuels","Megawatt hours","210","units","0","v1059484843","4.3.11","470","","","","0"
"2023-08","Nova Scotia","2016A000212","Electricity producers, industries","Total electricity production from non-renewable combustible fuels","Megawatt hours","210","units","0","v1146006341","4.3.12","0","","","","0"
"2023-08","Nova Scotia","2016A000212","Electricity producers, industries","Total electricity production from biomass","Megawatt hours","210","units","0","v1146006383","4.3.13","470","","","","0"
"2023-08","Nova Scotia","2016A000212","Electricity producers, industries","Tidal power turbine","Megawatt hours","210","units","0","v1059484884","4.3.7","0","","","","0"
"2023-08","Nova Scotia","2016A000212","Electricity producers, industries","Wind power turbine","Megawatt hours","210","units","0","v62460553","4.3.8","198","","","","0"
"2023-08","Nova Scotia","2016A000212","Electricity producers, industries","Solar","Megawatt hours","210","units","0","v1059484916","4.3.9","0","","","","0"
"2023-08","Nova Scotia","2016A000212","Electricity producers, industries","Other types of electricity generation","Megawatt hours","210","units","0","v1059484816","4.3.10","0","","","","0"
"2023-09","Nova Scotia","2016A000212","Total all classes of electricity producer","Total all types of electricity generation","Megawatt hours","210","units","0","v44174720","4.1.1","582471","","","","0"
"2023-09","Nova Scotia","2016A000212","Total all classes of electricity producer","Hydraulic turbine","Megawatt hours","210","units","0","v44174721","4.1.2","56888","","","","0"
"2023-09","Nova Scotia","2016A000212","Total all classes of electricity producer","Conventional steam turbine","Megawatt hours","210","units","0","v44174722","4.1.3","","..","","","0"
"2023-09","Nova Scotia","2016A000212","Total all classes of electricity producer","Combustion turbine","Megawatt hours","210","units","0","v44174723","4.1.6","","..","","","0"
"2023-09","Nova Scotia","2016A000212","Total all classes of electricity producer","Total electricity production from combustible fuels","Megawatt hours","210","units","0","v1059484841","4.1.11","444041","","","","0"
"2023-09","Nova Scotia","2016A000212","Total all classes of electricity producer","Total electricity production from non-renewable combustible fuels","Megawatt hours","210","units","0","v1146006339","4.1.12","414547","","","","0"
"2023-09","Nova Scotia","2016A000212","Total all classes of electricity producer","Total electricity production from biomass","Megawatt hours","210","units","0","v1146006381","4.1.13","29494","","","","0"
"2023-09","Nova Scotia","2016A000212","Total all classes of electricity producer","Tidal power turbine","Megawatt hours","210","units","0","v44174724","4.1.7","0","","","","0"
"2023-09","Nova Scotia","2016A000212","Total all classes of electricity producer","Wind power turbine","Megawatt hours","210","units","0","v44174725","4.1.8","81321","","","","0"
"2023-09","Nova Scotia","2016A000212","Total all classes of electricity producer","Solar","Megawatt hours","210","units","0","v1059484914","4.1.9","221","","","","0"
"2023-09","Nova Scotia","2016A000212","Total all classes of electricity producer","Other types of electricity generation","Megawatt hours","210","units","0","v1059484814","4.1.10","0","","","","0"
"2023-09","Nova Scotia","2016A000212","Electricity producers, electric utilities","Total all types of electricity generation","Megawatt hours","210","units","0","v44174726","4.2.1","581716","","","","0"
"2023-09","Nova Scotia","2016A000212","Electricity producers, electric utilities","Hydraulic turbine","Megawatt hours","210","units","0","v44174727","4.2.2","56888","","","","0"
"2023-09","Nova Scotia","2016A000212","Electricity producers, electric utilities","Conventional steam turbine","Megawatt hours","210","units","0","v44174728","4.2.3","","..","","","0"
"2023-09","Nova Scotia","2016A000212","Electricity producers, electric utilities","Combustion turbine","Megawatt hours","210","units","0","v44174729","4.2.6","","..","","","0"
"2023-09","Nova Scotia","2016A000212","Electricity producers, electric utilities","Total electricity production from combustible fuels","Megawatt hours","210","units","0","v1059484842","4.2.11","443645","","","","0"
"2023-09","Nova Scotia","2016A000212","Electricity producers, electric utilities","Total electricity production from non-renewable combustible fuels","Megawatt hours","210","units","0","v1146006340","4.2.12","414547","","","","0"
"2023-09","Nova Scotia","2016A000212","Electricity producers, electric utilities","Total electricity production from biomass","Megawatt hours","210","units","0","v1146006382","4.2.13","29098","","","","0"
"2023-09","Nova Scotia","2016A000212","Electricity producers, electric utilities","Tidal power turbine","Megawatt hours","210","units","0","v44174730","4.2.7","0","","","","0"
"2023-09","Nova Scotia","2016A000212","Electricity producers, electric utilities","Wind power turbine","Megawatt hours","210","units","0","v44174731","4.2.8","80963","","","","0"
"2023-09","Nova Scotia","2016A000212","Electricity producers, electric utilities","Solar","Megawatt hours","210","units","0","v1059484915","4.2.9","220","","","","0"
"2023-09","Nova Scotia","2016A000212","Electricity producers, electric utilities","Other types of electricity generation","Megawatt hours","210","units","0","v1059484815","4.2.10","0","","","","0"
"2023-09","Nova Scotia","2016A000212","Electricity producers, industries","Total all types of electricity generation","Megawatt hours","210","units","0","v44174732","4.3.1","755","","","","0"
"2023-09","Nova Scotia","2016A000212","Electricity producers, industries","Hydraulic turbine","Megawatt hours","210","units","0","v44174733","4.3.2","","..","","","0"
"2023-09","Nova Scotia","2016A000212","Electricity producers, industries","Conventional steam turbine","Megawatt hours","210","units","0","v44174734","4.3.3","","..","","","0"
"2023-09","Nova Scotia","2016A000212","Electricity producers, industries","Total electricity production from combustible fuels","Megawatt hours","210","units","0","v1059484843","4.3.11","396","","","","0"
"2023-09","Nova Scotia","2016A000212","Electricity producers, industries","Total electricity production from non-renewable combustible fuels","Megawatt hours","210","units","0","v1146006341","4.3.12","0","","","","0"
"2023-09","Nova Scotia","2016A000212","Electricity producers, industries","Total electricity production from biomass","Megawatt hours","210","units","0","v1146006383","4.3.13","396","","","","0"
"2023-09","Nova Scotia","2016A000212","Electricity producers, industries","Tidal power turbine","Megawatt hours","210","units","0","v1059484884","4.3.7","0","","","","0"
"2023-09","Nova Scotia","2016A000212","Electricity producers, industries","Wind power turbine","Megawatt hours","210","units","0","v62460553","4.3.8","358","","","","0"
"2023-09","Nova Scotia","2016A000212","Electricity producers, industries","Solar","Megawatt hours","210","units","0","v1059484916","4.3.9","1","","","","0"
"2023-09","Nova Scotia","2016A000212","Electricity producers, industries","Other types of electricity generation","Megawatt hours","210","units","0","v1059484816","4.3.10","0","","","","0"
"2023-10","Nova Scotia","2016A000212","Total all classes of electricity producer","Total all types of electricity generation","Megawatt hours","210","units","0","v44174720","4.1.1","527961","","","","0"
"2023-10","Nova Scotia","2016A000212","Total all classes of electricity producer","Hydraulic turbine","Megawatt hours","210","units","0","v44174721","4.1.2","82913","","","","0"
"2023-10","Nova Scotia","2016A000212","Total all classes of electricity producer","Conventional steam turbine","Megawatt hours","210","units","0","v44174722","4.1.3","","..","","","0"
"2023-10","Nova Scotia","2016A000212","Total all classes of electricity producer","Combustion turbine","Megawatt hours","210","units","0","v44174723","4.1.6","","..","","","0"
"2023-10","Nova Scotia","2016A000212","Total all classes of electricity producer","Total electricity production from combustible fuels","Megawatt hours","210","units","0","v1059484841","4.1.11","343772","","","","0"
"2023-10","Nova Scotia","2016A000212","Total all classes of electricity producer","Total electricity production from non-renewable combustible fuels","Megawatt hours","210","units","0","v1146006339","4.1.12","327471","","","","0"
"2023-10","Nova Scotia","2016A000212","Total all classes of electricity producer","Total electricity production from biomass","Megawatt hours","210","units","0","v1146006381","4.1.13","16301","","","","0"
"2023-10","Nova Scotia","2016A000212","Total all classes of electricity producer","Tidal power turbine","Megawatt hours","210","units","0","v44174724","4.1.7","0","","","","0"
"2023-10","Nova Scotia","2016A000212","Total all classes of electricity producer","Wind power turbine","Megawatt hours","210","units","0","v44174725","4.1.8","101085","","","","0"
"2023-10","Nova Scotia","2016A000212","Total all classes of electricity producer","Solar","Megawatt hours","210","units","0","v1059484914","4.1.9","191","","","","0"
"2023-10","Nova Scotia","2016A000212","Total all classes of electricity producer","Other types of electricity generation","Megawatt hours","210","units","0","v1059484814","4.1.10","0","","","","0"
"2023-10","Nova Scotia","2016A000212","Electricity producers, electric utilities","Total all types of electricity generation","Megawatt hours","210","units","0","v44174726","4.2.1","527058","","","","0"
"2023-10","Nova Scotia","2016A000212","Electricity producers, electric utilities","Hydraulic turbine","Megawatt hours","210","units","0","v44174727","4.2.2","82913","","","","0"
"2023-10","Nova Scotia","2016A000212","Electricity producers, electric utilities","Conventional steam turbine","Megawatt hours","210","units","0","v44174728","4.2.3","","..","","","0"
"2023-10","Nova Scotia","2016A000212","Electricity producers, electric utilities","Combustion turbine","Megawatt hours","210","units","0","v44174729","4.2.6","","..","","","0"
"2023-10","Nova Scotia","2016A000212","Electricity producers, electric utilities","Total electricity production from combustible fuels","Megawatt hours","210","units","0","v1059484842","4.2.11","343446","","","","0"
"2023-10","Nova Scotia","2016A000212","Electricity producers, electric utilities","Total electricity production from non-renewable combustible fuels","Megawatt hours","210","units","0","v1146006340","4.2.12","327471","","","","0"
"2023-10","Nova Scotia","2016A000212","Electricity producers, electric utilities","Total electricity production from biomass","Megawatt hours","210","units","0","v1146006382","4.2.13","15975","","","","0"
"2023-10","Nova Scotia","2016A000212","Electricity producers, electric utilities","Tidal power turbine","Megawatt hours","210","units","0","v44174730","4.2.7","0","","","","0"
"2023-10","Nova Scotia","2016A000212","Electricity producers, electric utilities","Wind power turbine","Megawatt hours","210","units","0","v44174731","4.2.8","100509","","","","0"
"2023-10","Nova Scotia","2016A000212","Electricity producers, electric utilities","Solar","Megawatt hours","210","units","0","v1059484915","4.2.9","190","","","","0"
"2023-10","Nova Scotia","2016A000212","Electricity producers, electric utilities","Other types of electricity generation","Megawatt hours","210","units","0","v1059484815","4.2.10","0","","","","0"
"2023-10","Nova Scotia","2016A000212","Electricity producers, industries","Total all types of electricity generation","Megawatt hours","210","units","0","v44174732","4.3.1","903","","","","0"
"2023-10","Nova Scotia","2016A000212","Electricity producers, industries","Hydraulic turbine","Megawatt hours","210","units","0","v44174733","4.3.2","","..","","","0"
"2023-10","Nova Scotia","2016A000212","Electricity producers, industries","Conventional steam turbine","Megawatt hours","210","units","0","v44174734","4.3.3","","..","","","0"
"2023-10","Nova Scotia","2016A000212","Electricity producers, industries","Total electricity production from combustible fuels","Megawatt hours","210","units","0","v1059484843","4.3.11","326","","","","0"
"2023-10","Nova Scotia","2016A000212","Electricity producers, industries","Total electricity production from non-renewable combustible fuels","Megawatt hours","210","units","0","v1146006341","4.3.12","0","","","","0"
"2023-10","Nova Scotia","2016A000212","Electricity producers, industries","Total electricity production from biomass","Megawatt hours","210","units","0","v1146006383","4.3.13","326","","","","0"
"2023-10","Nova Scotia","2016A000212","Electricity producers, industries","Tidal power turbine","Megawatt hours","210","units","0","v1059484884","4.3.7","0","","","","0"
"2023-10","Nova Scotia","2016A000212","Electricity producers, industries","Wind power turbine","Megawatt hours","210","units","0","v62460553","4.3.8","576","","","","0"
"2023-10","Nova Scotia","2016A000212","Electricity producers, industries","Solar","Megawatt hours","210","units","0","v1059484916","4.3.9","1","","","","0"
"2023-10","Nova Scotia","2016A000212","Electricity producers, industries","Other types of electricity generation","Megawatt hours","210","units","0","v1059484816","4.3.10","0","","","","0"
"2023-11","Nova Scotia","2016A000212","Total all classes of electricity producer","Total all types of electricity generation","Megawatt hours","210","units","0","v44174720","4.1.1","716117","","","","0"
"2023-11","Nova Scotia","2016A000212","Total all classes of electricity producer","Hydraulic turbine","Megawatt hours","210","units","0","v44174721","4.1.2","66511","","","","0"
"2023-11","Nova Scotia","2016A000212","Total all classes of electricity producer","Conventional steam turbine","Megawatt hours","210","units","0","v44174722","4.1.3","","..","","","0"
"2023-11","Nova Scotia","2016A000212","Total all classes of electricity producer","Combustion turbine","Megawatt hours","210","units","0","v44174723","4.1.6","","..","","","0"
"2023-11","Nova Scotia","2016A000212","Total all classes of electricity producer","Total electricity production from combustible fuels","Megawatt hours","210","units","0","v1059484841","4.1.11","517527","","","","0"
"2023-11","Nova Scotia","2016A000212","Total all classes of electricity producer","Total electricity production from non-renewable combustible fuels","Megawatt hours","210","units","0","v1146006339","4.1.12","505619","","","","0"
"2023-11","Nova Scotia","2016A000212","Total all classes of electricity producer","Total electricity production from biomass","Megawatt hours","210","units","0","v1146006381","4.1.13","11908","","","","0"
"2023-11","Nova Scotia","2016A000212","Total all classes of electricity producer","Tidal power turbine","Megawatt hours","210","units","0","v44174724","4.1.7","0","","","","0"
"2023-11","Nova Scotia","2016A000212","Total all classes of electricity producer","Wind power turbine","Megawatt hours","210","units","0","v44174725","4.1.8","131949","","","","0"
"2023-11","Nova Scotia","2016A000212","Total all classes of electricity producer","Solar","Megawatt hours","210","units","0","v1059484914","4.1.9","130","","","","0"
"2023-11","Nova Scotia","2016A000212","Total all classes of electricity producer","Other types of electricity generation","Megawatt hours","210","units","0","v1059484814","4.1.10","0","","","","0"
"2023-11","Nova Scotia","2016A000212","Electricity producers, electric utilities","Total all types of electricity generation","Megawatt hours","210","units","0","v44174726","4.2.1","714954","","","","0"
"2023-11","Nova Scotia","2016A000212","Electricity producers, electric utilities","Hydraulic turbine","Megawatt hours","210","units","0","v44174727","4.2.2","66511","","","","0"
"2023-11","Nova Scotia","2016A000212","Electricity producers, electric utilities","Conventional steam turbine","Megawatt hours","210","units","0","v44174728","4.2.3","","..","","","0"
"2023-11","Nova Scotia","2016A000212","Electricity producers, electric utilities","Combustion turbine","Megawatt hours","210","units","0","v44174729","4.2.6","","..","","","0"
"2023-11","Nova Scotia","2016A000212","Electricity producers, electric utilities","Total electricity production from combustible fuels","Megawatt hours","210","units","0","v1059484842","4.2.11","517100","","","","0"
"2023-11","Nova Scotia","2016A000212","Electricity producers, electric utilities","Total electricity production from non-renewable combustible fuels","Megawatt hours","210","units","0","v1146006340","4.2.12","505619","","","","0"
"2023-11","Nova Scotia","2016A000212","Electricity producers, electric utilities","Total electricity production from biomass","Megawatt hours","210","units","0","v1146006382","4.2.13","11481","","","","0"
"2023-11","Nova Scotia","2016A000212","Electricity producers, electric utilities","Tidal power turbine","Megawatt hours","210","units","0","v44174730","4.2.7","0","","","","0"
"2023-11","Nova Scotia","2016A000212","Electricity producers, electric utilities","Wind power turbine","Megawatt hours","210","units","0","v44174731","4.2.8","131214","","","","0"
"2023-11","Nova Scotia","2016A000212","Electricity producers, electric utilities","Solar","Megawatt hours","210","units","0","v1059484915","4.2.9","129","","","","0"
"2023-11","Nova Scotia","2016A000212","Electricity producers, electric utilities","Other types of electricity generation","Megawatt hours","210","units","0","v1059484815","4.2.10","0","","","","0"
"2023-11","Nova Scotia","2016A000212","Electricity producers, industries","Total all types of electricity generation","Megawatt hours","210","units","0","v44174732","4.3.1","1163","","","","0"
"2023-11","Nova Scotia","2016A000212","Electricity producers, industries","Hydraulic turbine","Megawatt hours","210","units","0","v44174733","4.3.2","","..","","","0"
"2023-11","Nova Scotia","2016A000212","Electricity producers, industries","Conventional steam turbine","Megawatt hours","210","units","0","v44174734","4.3.3","","..","","","0"
"2023-11","Nova Scotia","2016A000212","Electricity producers, industries","Total electricity production from combustible fuels","Megawatt hours","210","units","0","v1059484843","4.3.11","427","","","","0"
"2023-11","Nova Scotia","2016A000212","Electricity producers, industries","Total electricity production from non-renewable combustible fuels","Megawatt hours","210","units","0","v1146006341","4.3.12","0","","","","0"
"2023-11","Nova Scotia","2016A000212","Electricity producers, industries","Total electricity production from biomass","Megawatt hours","210","units","0","v1146006383","4.3.13","427","","","","0"
"2023-11","Nova Scotia","2016A000212","Electricity producers, industries","Tidal power turbine","Megawatt hours","210","units","0","v1059484884","4.3.7","0","","","","0"
"2023-11","Nova Scotia","2016A000212","Electricity producers, industries","Wind power turbine","Megawatt hours","210","units","0","v62460553","4.3.8","735","","","","0"
"2023-11","Nova Scotia","2016A000212","Electricity producers, industries","Solar","Megawatt hours","210","units","0","v1059484916","4.3.9","1","","","","0"
"2023-11","Nova Scotia","2016A000212","Electricity producers, industries","Other types of electricity generation","Megawatt hours","210","units","0","v1059484816","4.3.10","0","","","","0"
"2023-12","Nova Scotia","2016A000212","Total all classes of electricity producer","Total all types of electricity generation","Megawatt hours","210","units","0","v44174720","4.1.1","827452","","","","0"
"2023-12","Nova Scotia","2016A000212","Total all classes of electricity producer","Hydraulic turbine","Megawatt hours","210","units","0","v44174721","4.1.2","114867","","","","0"
"2023-12","Nova Scotia","2016A000212","Total all classes of electricity producer","Conventional steam turbine","Megawatt hours","210","units","0","v44174722","4.1.3","","..","","","0"
"2023-12","Nova Scotia","2016A000212","Total all classes of electricity producer","Combustion turbine","Megawatt hours","210","units","0","v44174723","4.1.6","","..","","","0"
"2023-12","Nova Scotia","2016A000212","Total all classes of electricity producer","Total electricity production from combustible fuels","Megawatt hours","210","units","0","v1059484841","4.1.11","561153","","","","0"
"2023-12","Nova Scotia","2016A000212","Total all classes of electricity producer","Total electricity production from non-renewable combustible fuels","Megawatt hours","210","units","0","v1146006339","4.1.12","539607","","","","0"
"2023-12","Nova Scotia","2016A000212","Total all classes of electricity producer","Total electricity production from biomass","Megawatt hours","210","units","0","v1146006381","4.1.13","21546","","","","0"
"2023-12","Nova Scotia","2016A000212","Total all classes of electricity producer","Tidal power turbine","Megawatt hours","210","units","0","v44174724","4.1.7","0","","","","0"
"2023-12","Nova Scotia","2016A000212","Total all classes of electricity producer","Wind power turbine","Megawatt hours","210","units","0","v44174725","4.1.8","151336","","","","0"
"2023-12","Nova Scotia","2016A000212","Total all classes of electricity producer","Solar","Megawatt hours","210","units","0","v1059484914","4.1.9","96","","","","0"
"2023-12","Nova Scotia","2016A000212","Total all classes of electricity producer","Other types of electricity generation","Megawatt hours","210","units","0","v1059484814","4.1.10","0","","","","0"
"2023-12","Nova Scotia","2016A000212","Electricity producers, electric utilities","Total all types of electricity generation","Megawatt hours","210","units","0","v44174726","4.2.1","825866","","","","0"
"2023-12","Nova Scotia","2016A000212","Electricity producers, electric utilities","Hydraulic turbine","Megawatt hours","210","units","0","v44174727","4.2.2","114867","","","","0"
"2023-12","Nova Scotia","2016A000212","Electricity producers, electric utilities","Conventional steam turbine","Megawatt hours","210","units","0","v44174728","4.2.3","","..","","","0"
"2023-12","Nova Scotia","2016A000212","Electricity producers, electric utilities","Combustion turbine","Megawatt hours","210","units","0","v44174729","4.2.6","","..","","","0"
"2023-12","Nova Scotia","2016A000212","Electricity producers, electric utilities","Total electricity production from combustible fuels","Megawatt hours","210","units","0","v1059484842","4.2.11","560734","","","","0"
"2023-12","Nova Scotia","2016A000212","Electricity producers, electric utilities","Total electricity production from non-renewable combustible fuels","Megawatt hours","210","units","0","v1146006340","4.2.12","539607","","","","0"
"2023-12","Nova Scotia","2016A000212","Electricity producers, electric utilities","Total electricity production from biomass","Megawatt hours","210","units","0","v1146006382","4.2.13","21127","","","","0"
"2023-12","Nova Scotia","2016A000212","Electricity producers, electric utilities","Tidal power turbine","Megawatt hours","210","units","0","v44174730","4.2.7","0","","","","0"
"2023-12","Nova Scotia","2016A000212","Electricity producers, electric utilities","Wind power turbine","Megawatt hours","210","units","0","v44174731","4.2.8","150170","","","","0"
"2023-12","Nova Scotia","2016A000212","Electricity producers, electric utilities","Solar","Megawatt hours","210","units","0","v1059484915","4.2.9","95","","","","0"
"2023-12","Nova Scotia","2016A000212","Electricity producers, electric utilities","Other types of electricity generation","Megawatt hours","210","units","0","v1059484815","4.2.10","0","","","","0"
"2023-12","Nova Scotia","2016A000212","Electricity producers, industries","Total all types of electricity generation","Megawatt hours","210","units","0","v44174732","4.3.1","1586","","","","0"
"2023-12","Nova Scotia","2016A000212","Electricity producers, industries","Hydraulic turbine","Megawatt hours","210","units","0","v44174733","4.3.2","","..","","","0"
"2023-12","Nova Scotia","2016A000212","Electricity producers, industries","Conventional steam turbine","Megawatt hours","210","units","0","v44174734","4.3.3","","..","","","0"
"2023-12","Nova Scotia","2016A000212","Electricity producers, industries","Total electricity production from combustible fuels","Megawatt hours","210","units","0","v1059484843","4.3.11","419","","","","0"
"2023-12","Nova Scotia","2016A000212","Electricity producers, industries","Total electricity production from non-renewable combustible fuels","Megawatt hours","210","units","0","v1146006341","4.3.12","0","","","","0"
"2023-12","Nova Scotia","2016A000212","Electricity producers, industries","Total electricity production from biomass","Megawatt hours","210","units","0","v1146006383","4.3.13","419","","","","0"
"2023-12","Nova Scotia","2016A000212","Electricity producers, industries","Tidal power turbine","Megawatt hours","210","units","0","v1059484884","4.3.7","0","","","","0"
"2023-12","Nova Scotia","2016A000212","Electricity producers, industries","Wind power turbine","Megawatt hours","210","units","0","v62460553","4.3.8","1166","","","","0"
"2023-12","Nova Scotia","2016A000212","Electricity producers, industries","Solar","Megawatt hours","210","units","0","v1059484916","4.3.9","1","","","","0"
"2023-12","Nova Scotia","2016A000212","Electricity producers, industries","Other types of electricity generation","Megawatt hours","210","units","0","v1059484816","4.3.10","0","","","","0"
"2024-01","Nova Scotia","2016A000212","Total all classes of electricity producer","Total all types of electricity generation","Megawatt hours","210","units","0","v44174720","4.1.1","1046465","","","","0"
"2024-01","Nova Scotia","2016A000212","Total all classes of electricity producer","Hydraulic turbine","Megawatt hours","210","units","0","v44174721","4.1.2","112801","","","","0"
"2024-01","Nova Scotia","2016A000212","Total all classes of electricity producer","Conventional steam turbine","Megawatt hours","210","units","0","v44174722","4.1.3","","..","","","0"
"2024-01","Nova Scotia","2016A000212","Total all classes of electricity producer","Combustion turbine","Megawatt hours","210","units","0","v44174723","4.1.6","","..","","","0"
"2024-01","Nova Scotia","2016A000212","Total all classes of electricity producer","Total electricity production from combustible fuels","Megawatt hours","210","units","0","v1059484841","4.1.11","795236","","","","0"
"2024-01","Nova Scotia","2016A000212","Total all classes of electricity producer","Total electricity production from non-renewable combustible fuels","Megawatt hours","210","units","0","v1146006339","4.1.12","774656","","","","0"
"2024-01","Nova Scotia","2016A000212","Total all classes of electricity producer","Total electricity production from biomass","Megawatt hours","210","units","0","v1146006381","4.1.13","20580","","","","0"
"2024-01","Nova Scotia","2016A000212","Total all classes of electricity producer","Tidal power turbine","Megawatt hours","210","units","0","v44174724","4.1.7","0","","","","0"
"2024-01","Nova Scotia","2016A000212","Total all classes of electricity producer","Wind power turbine","Megawatt hours","210","units","0","v44174725","4.1.8","138309","","","","0"
"2024-01","Nova Scotia","2016A000212","Total all classes of electricity producer","Solar","Megawatt hours","210","units","0","v1059484914","4.1.9","119","","","","0"
"2024-01","Nova Scotia","2016A000212","Total all classes of electricity producer","Other types of electricity generation","Megawatt hours","210","units","0","v1059484814","4.1.10","0","","","","0"
"2024-01","Nova Scotia","2016A000212","Electricity producers, electric utilities","Total all types of electricity generation","Megawatt hours","210","units","0","v44174726","4.2.1","1042312","","","","0"
"2024-01","Nova Scotia","2016A000212","Electricity producers, electric utilities","Hydraulic turbine","Megawatt hours","210","units","0","v44174727","4.2.2","112801","","","","0"
"2024-01","Nova Scotia","2016A000212","Electricity producers, electric utilities","Conventional steam turbine","Megawatt hours","210","units","0","v44174728","4.2.3","","..","","","0"
"2024-01","Nova Scotia","2016A000212","Electricity producers, electric utilities","Combustion turbine","Megawatt hours","210","units","0","v44174729","4.2.6","","..","","","0"
"2024-01","Nova Scotia","2016A000212","Electricity producers, electric utilities","Total electricity production from combustible fuels","Megawatt hours","210","units","0","v1059484842","4.2.11","794878","","","","0"
"2024-01","Nova Scotia","2016A000212","Electricity producers, electric utilities","Total electricity production from non-renewable combustible fuels","Megawatt hours","210","units","0","v1146006340","4.2.12","774656","","","","0"
"2024-01","Nova Scotia","2016A000212","Electricity producers, electric utilities","Total electricity production from biomass","Megawatt hours","210","units","0","v1146006382","4.2.13","20222","","","","0"
"2024-01","Nova Scotia","2016A000212","Electricity producers, electric utilities","Tidal power turbine","Megawatt hours","210","units","0","v44174730","4.2.7","0","","","","0"
"2024-01","Nova Scotia","2016A000212","Electricity producers, electric utilities","Wind power turbine","Megawatt hours","210","units","0","v44174731","4.2.8","134515","","","","0"
"2024-01","Nova Scotia","2016A000212","Electricity producers, electric utilities","Solar","Megawatt hours","210","units","0","v1059484915","4.2.9","118","","","","0"
"2024-01","Nova Scotia","2016A000212","Electricity producers, electric utilities","Other types of electricity generation","Megawatt hours","210","units","0","v1059484815","4.2.10","0","","","","0"
"2024-01","Nova Scotia","2016A000212","Electricity producers, industries","Total all types of electricity generation","Megawatt hours","210","units","0","v44174732","4.3.1","4153","","","","0"
"2024-01","Nova Scotia","2016A000212","Electricity producers, industries","Hydraulic turbine","Megawatt hours","210","units","0","v44174733","4.3.2","","..","","","0"
"2024-01","Nova Scotia","2016A000212","Electricity producers, industries","Conventional steam turbine","Megawatt hours","210","units","0","v44174734","4.3.3","","..","","","0"
"2024-01","Nova Scotia","2016A000212","Electricity producers, industries","Total electricity production from combustible fuels","Megawatt hours","210","units","0","v1059484843","4.3.11","358","","","","0"
"2024-01","Nova Scotia","2016A000212","Electricity producers, industries","Total electricity production from non-renewable combustible fuels","Megawatt hours","210","units","0","v1146006341","4.3.12","0","","","","0"
"2024-01","Nova Scotia","2016A000212","Electricity producers, industries","Total electricity production from biomass","Megawatt hours","210","units","0","v1146006383","4.3.13","358","","","","0"
"2024-01","Nova Scotia","2016A000212","Electricity producers, industries","Tidal power turbine","Megawatt hours","210","units","0","v1059484884","4.3.7","0","","","","0"
"2024-01","Nova Scotia","2016A000212","Electricity producers, industries","Wind power turbine","Megawatt hours","210","units","0","v62460553","4.3.8","3794","","","","0"
"2024-01","Nova Scotia","2016A000212","Electricity producers, industries","Solar","Megawatt hours","210","units","0","v1059484916","4.3.9","1","","","","0"
"2024-01","Nova Scotia","2016A000212","Electricity producers, industries","Other types of electricity generation","Megawatt hours","210","units","0","v1059484816","4.3.10","0","","","","0"
"2024-02","Nova Scotia","2016A000212","Total all classes of electricity producer","Total all types of electricity generation","Megawatt hours","210","units","0","v44174720","4.1.1","891990","","","","0"
"2024-02","Nova Scotia","2016A000212","Total all classes of electricity producer","Hydraulic turbine","Megawatt hours","210","units","0","v44174721","4.1.2","83348","","","","0"
"2024-02","Nova Scotia","2016A000212","Total all classes of electricity producer","Conventional steam turbine","Megawatt hours","210","units","0","v44174722","4.1.3","","..","","","0"
"2024-02","Nova Scotia","2016A000212","Total all classes of electricity producer","Combustion turbine","Megawatt hours","210","units","0","v44174723","4.1.6","","..","","","0"
"2024-02","Nova Scotia","2016A000212","Total all classes of electricity producer","Total electricity production from combustible fuels","Megawatt hours","210","units","0","v1059484841","4.1.11","663872","","","","0"
"2024-02","Nova Scotia","2016A000212","Total all classes of electricity producer","Total electricity production from non-renewable combustible fuels","Megawatt hours","210","units","0","v1146006339","4.1.12","632001","","","","0"
"2024-02","Nova Scotia","2016A000212","Total all classes of electricity producer","Total electricity production from biomass","Megawatt hours","210","units","0","v1146006381","4.1.13","31871","","","","0"
"2024-02","Nova Scotia","2016A000212","Total all classes of electricity producer","Tidal power turbine","Megawatt hours","210","units","0","v44174724","4.1.7","0","","","","0"
"2024-02","Nova Scotia","2016A000212","Total all classes of electricity producer","Wind power turbine","Megawatt hours","210","units","0","v44174725","4.1.8","144617","","","","0"
"2024-02","Nova Scotia","2016A000212","Total all classes of electricity producer","Solar","Megawatt hours","210","units","0","v1059484914","4.1.9","153","","","","0"
"2024-02","Nova Scotia","2016A000212","Total all classes of electricity producer","Other types of electricity generation","Megawatt hours","210","units","0","v1059484814","4.1.10","0","","","","0"
"2024-02","Nova Scotia","2016A000212","Electricity producers, electric utilities","Total all types of electricity generation","Megawatt hours","210","units","0","v44174726","4.2.1","887920","","","","0"
"2024-02","Nova Scotia","2016A000212","Electricity producers, electric utilities","Hydraulic turbine","Megawatt hours","210","units","0","v44174727","4.2.2","83348","","","","0"
"2024-02","Nova Scotia","2016A000212","Electricity producers, electric utilities","Conventional steam turbine","Megawatt hours","210","units","0","v44174728","4.2.3","","..","","","0"
"2024-02","Nova Scotia","2016A000212","Electricity producers, electric utilities","Combustion turbine","Megawatt hours","210","units","0","v44174729","4.2.6","","..","","","0"
"2024-02","Nova Scotia","2016A000212","Electricity producers, electric utilities","Total electricity production from combustible fuels","Megawatt hours","210","units","0","v1059484842","4.2.11","663428","","","","0"
"2024-02","Nova Scotia","2016A000212","Electricity producers, electric utilities","Total electricity production from non-renewable combustible fuels","Megawatt hours","210","units","0","v1146006340","4.2.12","632001","","","","0"
"2024-02","Nova Scotia","2016A000212","Electricity producers, electric utilities","Total electricity production from biomass","Megawatt hours","210","units","0","v1146006382","4.2.13","31427","","","","0"
"2024-02","Nova Scotia","2016A000212","Electricity producers, electric utilities","Tidal power turbine","Megawatt hours","210","units","0","v44174730","4.2.7","0","","","","0"
"2024-02","Nova Scotia","2016A000212","Electricity producers, electric utilities","Wind power turbine","Megawatt hours","210","units","0","v44174731","4.2.8","140993","","","","0"
"2024-02","Nova Scotia","2016A000212","Electricity producers, electric utilities","Solar","Megawatt hours","210","units","0","v1059484915","4.2.9","151","","","","0"
"2024-02","Nova Scotia","2016A000212","Electricity producers, electric utilities","Other types of electricity generation","Megawatt hours","210","units","0","v1059484815","4.2.10","0","","","","0"
"2024-02","Nova Scotia","2016A000212","Electricity producers, industries","Total all types of electricity generation","Megawatt hours","210","units","0","v44174732","4.3.1","4070","","","","0"
"2024-02","Nova Scotia","2016A000212","Electricity producers, industries","Hydraulic turbine","Megawatt hours","210","units","0","v44174733","4.3.2","","..","","","0"
"2024-02","Nova Scotia","2016A000212","Electricity producers, industries","Conventional steam turbine","Megawatt hours","210","units","0","v44174734","4.3.3","","..","","","0"
"2024-02","Nova Scotia","2016A000212","Electricity producers, industries","Total electricity production from combustible fuels","Megawatt hours","210","units","0","v1059484843","4.3.11","444","","","","0"
"2024-02","Nova Scotia","2016A000212","Electricity producers, industries","Total electricity production from non-renewable combustible fuels","Megawatt hours","210","units","0","v1146006341","4.3.12","0","","","","0"
"2024-02","Nova Scotia","2016A000212","Electricity producers, industries","Total electricity production from biomass","Megawatt hours","210","units","0","v1146006383","4.3.13","444","","","","0"
"2024-02","Nova Scotia","2016A000212","Electricity producers, industries","Tidal power turbine","Megawatt hours","210","units","0","v1059484884","4.3.7","0","","","","0"
"2024-02","Nova Scotia","2016A000212","Electricity producers, industries","Wind power turbine","Megawatt hours","210","units","0","v62460553","4.3.8","3624","","","","0"
"2024-02","Nova Scotia","2016A000212","Electricity producers, industries","Solar","Megawatt hours","210","units","0","v1059484916","4.3.9","2","","","","0"
"2024-02","Nova Scotia","2016A000212","Electricity producers, industries","Other types of electricity generation","Megawatt hours","210","units","0","v1059484816","4.3.10","0","","","","0"
"2024-03","Nova Scotia","2016A000212","Total all classes of electricity producer","Total all types of electricity generation","Megawatt hours","210","units","0","v44174720","4.1.1","799210","","","","0"
"2024-03","Nova Scotia","2016A000212","Total all classes of electricity producer","Hydraulic turbine","Megawatt hours","210","units","0","v44174721","4.1.2","107580","","","","0"
"2024-03","Nova Scotia","2016A000212","Total all classes of electricity producer","Conventional steam turbine","Megawatt hours","210","units","0","v44174722","4.1.3","","..","","","0"
"2024-03","Nova Scotia","2016A000212","Total all classes of electricity producer","Combustion turbine","Megawatt hours","210","units","0","v44174723","4.1.6","","..","","","0"
"2024-03","Nova Scotia","2016A000212","Total all classes of electricity producer","Total electricity production from combustible fuels","Megawatt hours","210","units","0","v1059484841","4.1.11","520658","","","","0"
"2024-03","Nova Scotia","2016A000212","Total all classes of electricity producer","Total electricity production from non-renewable combustible fuels","Megawatt hours","210","units","0","v1146006339","4.1.12","490376","","","","0"
"2024-03","Nova Scotia","2016A000212","Total all classes of electricity producer","Total electricity production from biomass","Megawatt hours","210","units","0","v1146006381","4.1.13","30282","","","","0"
"2024-03","Nova Scotia","2016A000212","Total all classes of electricity producer","Tidal power turbine","Megawatt hours","210","units","0","v44174724","4.1.7","0","","","","0"
"2024-03","Nova Scotia","2016A000212","Total all classes of electricity producer","Wind power turbine","Megawatt hours","210","units","0","v44174725","4.1.8","170785","","","","0"
"2024-03","Nova Scotia","2016A000212","Total all classes of electricity producer","Solar","Megawatt hours","210","units","0","v1059484914","4.1.9","187","","","","0"
"2024-03","Nova Scotia","2016A000212","Total all classes of electricity producer","Other types of electricity generation","Megawatt hours","210","units","0","v1059484814","4.1.10","0","","","","0"
"2024-03","Nova Scotia","2016A000212","Electricity producers, electric utilities","Total all types of electricity generation","Megawatt hours","210","units","0","v44174726","4.2.1","794559","","","","0"
"2024-03","Nova Scotia","2016A000212","Electricity producers, electric utilities","Hydraulic turbine","Megawatt hours","210","units","0","v44174727","4.2.2","107580","","","","0"
"2024-03","Nova Scotia","2016A000212","Electricity producers, electric utilities","Conventional steam turbine","Megawatt hours","210","units","0","v44174728","4.2.3","","..","","","0"
"2024-03","Nova Scotia","2016A000212","Electricity producers, electric utilities","Combustion turbine","Megawatt hours","210","units","0","v44174729","4.2.6","","..","","","0"
"2024-03","Nova Scotia","2016A000212","Electricity producers, electric utilities","Total electricity production from combustible fuels","Megawatt hours","210","units","0","v1059484842","4.2.11","520194","","","","0"
"2024-03","Nova Scotia","2016A000212","Electricity producers, electric utilities","Total electricity production from non-renewable combustible fuels","Megawatt hours","210","units","0","v1146006340","4.2.12","490376","","","","0"
"2024-03","Nova Scotia","2016A000212","Electricity producers, electric utilities","Total electricity production from biomass","Megawatt hours","210","units","0","v1146006382","4.2.13","29818","","","","0"
"2024-03","Nova Scotia","2016A000212","Electricity producers, electric utilities","Tidal power turbine","Megawatt hours","210","units","0","v44174730","4.2.7","0","","","","0"
"2024-03","Nova Scotia","2016A000212","Electricity producers, electric utilities","Wind power turbine","Megawatt hours","210","units","0","v44174731","4.2.8","166601","","","","0"
"2024-03","Nova Scotia","2016A000212","Electricity producers, electric utilities","Solar","Megawatt hours","210","units","0","v1059484915","4.2.9","184","","","","0"
"2024-03","Nova Scotia","2016A000212","Electricity producers, electric utilities","Other types of electricity generation","Megawatt hours","210","units","0","v1059484815","4.2.10","0","","","","0"
"2024-03","Nova Scotia","2016A000212","Electricity producers, industries","Total all types of electricity generation","Megawatt hours","210","units","0","v44174732","4.3.1","4651","","","","0"
"2024-03","Nova Scotia","2016A000212","Electricity producers, industries","Hydraulic turbine","Megawatt hours","210","units","0","v44174733","4.3.2","","..","","","0"
"2024-03","Nova Scotia","2016A000212","Electricity producers, industries","Conventional steam turbine","Megawatt hours","210","units","0","v44174734","4.3.3","","..","","","0"
"2024-03","Nova Scotia","2016A000212","Electricity producers, industries","Total electricity production from combustible fuels","Megawatt hours","210","units","0","v1059484843","4.3.11","464","","","","0"
"2024-03","Nova Scotia","2016A000212","Electricity producers, industries","Total electricity production from non-renewable combustible fuels","Megawatt hours","210","units","0","v1146006341","4.3.12","0","","","","0"
"2024-03","Nova Scotia","2016A000212","Electricity producers, industries","Total electricity production from biomass","Megawatt hours","210","units","0","v1146006383","4.3.13","464","","","","0"
"2024-03","Nova Scotia","2016A000212","Electricity producers, industries","Tidal power turbine","Megawatt hours","210","units","0","v1059484884","4.3.7","0","","","","0"
"2024-03","Nova Scotia","2016A000212","Electricity producers, industries","Wind power turbine","Megawatt hours","210","units","0","v62460553","4.3.8","4184","","","","0"
"2024-03","Nova Scotia","2016A000212","Electricity producers, industries","Solar","Megawatt hours","210","units","0","v1059484916","4.3.9","3","","","","0"
"2024-03","Nova Scotia","2016A000212","Electricity producers, industries","Other types of electricity generation","Megawatt hours","210","units","0","v1059484816","4.3.10","0","","","","0"
"2024-04","Nova Scotia","2016A000212","Total all classes of electricity producer","Total all types of electricity generation","Megawatt hours","210","units","0","v44174720","4.1.1","765606","","","","0"
"2024-04","Nova Scotia","2016A000212","Total all classes of electricity producer","Hydraulic turbine","Megawatt hours","210","units","0","v44174721","4.1.2","129497","","","","0"
"2024-04","Nova Scotia","2016A000212","Total all classes of electricity producer","Conventional steam turbine","Megawatt hours","210","units","0","v44174722","4.1.3","","..","","","0"
"2024-04","Nova Scotia","2016A000212","Total all classes of electricity producer","Combustion turbine","Megawatt hours","210","units","0","v44174723","4.1.6","","..","","","0"
"2024-04","Nova Scotia","2016A000212","Total all classes of electricity producer","Total electricity production from combustible fuels","Megawatt hours","210","units","0","v1059484841","4.1.11","490856","","","","0"
"2024-04","Nova Scotia","2016A000212","Total all classes of electricity producer","Total electricity production from non-renewable combustible fuels","Megawatt hours","210","units","0","v1146006339","4.1.12","463559","","","","0"
"2024-04","Nova Scotia","2016A000212","Total all classes of electricity producer","Total electricity production from biomass","Megawatt hours","210","units","0","v1146006381","4.1.13","27297","","","","0"
"2024-04","Nova Scotia","2016A000212","Total all classes of electricity producer","Tidal power turbine","Megawatt hours","210","units","0","v44174724","4.1.7","0","","","","0"
"2024-04","Nova Scotia","2016A000212","Total all classes of electricity producer","Wind power turbine","Megawatt hours","210","units","0","v44174725","4.1.8","144964","","","","0"
"2024-04","Nova Scotia","2016A000212","Total all classes of electricity producer","Solar","Megawatt hours","210","units","0","v1059484914","4.1.9","289","","","","0"
"2024-04","Nova Scotia","2016A000212","Total all classes of electricity producer","Other types of electricity generation","Megawatt hours","210","units","0","v1059484814","4.1.10","0","","","","0"
"2024-04","Nova Scotia","2016A000212","Electricity producers, electric utilities","Total all types of electricity generation","Megawatt hours","210","units","0","v44174726","4.2.1","762426","","","","0"
"2024-04","Nova Scotia","2016A000212","Electricity producers, electric utilities","Hydraulic turbine","Megawatt hours","210","units","0","v44174727","4.2.2","129497","","","","0"
"2024-04","Nova Scotia","2016A000212","Electricity producers, electric utilities","Conventional steam turbine","Megawatt hours","210","units","0","v44174728","4.2.3","","..","","","0"
"2024-04","Nova Scotia","2016A000212","Electricity producers, electric utilities","Combustion turbine","Megawatt hours","210","units","0","v44174729","4.2.6","","..","","","0"
"2024-04","Nova Scotia","2016A000212","Electricity producers, electric utilities","Total electricity production from combustible fuels","Megawatt hours","210","units","0","v1059484842","4.2.11","490571","","","","0"
"2024-04","Nova Scotia","2016A000212","Electricity producers, electric utilities","Total electricity production from non-renewable combustible fuels","Megawatt hours","210","units","0","v1146006340","4.2.12","463559","","","","0"
"2024-04","Nova Scotia","2016A000212","Electricity producers, electric utilities","Total electricity production from biomass","Megawatt hours","210","units","0","v1146006382","4.2.13","27012","","","","0"
"2024-04","Nova Scotia","2016A000212","Electricity producers, electric utilities","Tidal power turbine","Megawatt hours","210","units","0","v44174730","4.2.7","0","","","","0"
"2024-04","Nova Scotia","2016A000212","Electricity producers, electric utilities","Wind power turbine","Megawatt hours","210","units","0","v44174731","4.2.8","142072","","","","0"
"2024-04","Nova Scotia","2016A000212","Electricity producers, electric utilities","Solar","Megawatt hours","210","units","0","v1059484915","4.2.9","286","","","","0"
"2024-04","Nova Scotia","2016A000212","Electricity producers, electric utilities","Other types of electricity generation","Megawatt hours","210","units","0","v1059484815","4.2.10","0","","","","0"
"2024-04","Nova Scotia","2016A000212","Electricity producers, industries","Total all types of electricity generation","Megawatt hours","210","units","0","v44174732","4.3.1","3180","","","","0"
"2024-04","Nova Scotia","2016A000212","Electricity producers, industries","Hydraulic turbine","Megawatt hours","210","units","0","v44174733","4.3.2","","..","","","0"
"2024-04","Nova Scotia","2016A000212","Electricity producers, industries","Conventional steam turbine","Megawatt hours","210","units","0","v44174734","4.3.3","","..","","","0"
"2024-04","Nova Scotia","2016A000212","Electricity producers, industries","Total electricity production from combustible fuels","Megawatt hours","210","units","0","v1059484843","4.3.11","285","","","","0"
"2024-04","Nova Scotia","2016A000212","Electricity producers, industries","Total electricity production from non-renewable combustible fuels","Megawatt hours","210","units","0","v1146006341","4.3.12","0","","","","0"
"2024-04","Nova Scotia","2016A000212","Electricity producers, industries","Total electricity production from biomass","Megawatt hours","210","units","0","v1146006383","4.3.13","285","","","","0"
"2024-04","Nova Scotia","2016A000212","Electricity producers, industries","Tidal power turbine","Megawatt hours","210","units","0","v1059484884","4.3.7","0","","","","0"
"2024-04","Nova Scotia","2016A000212","Electricity producers, industries","Wind power turbine","Megawatt hours","210","units","0","v62460553","4.3.8","2892","","","","0"
"2024-04","Nova Scotia","2016A000212","Electricity producers, industries","Solar","Megawatt hours","210","units","0","v1059484916","4.3.9","3","","","","0"
"2024-04","Nova Scotia","2016A000212","Electricity producers, industries","Other types of electricity generation","Megawatt hours","210","units","0","v1059484816","4.3.10","0","","","","0"
"2024-05","Nova Scotia","2016A000212","Total all classes of electricity producer","Total all types of electricity generation","Megawatt hours","210","units","0","v44174720","4.1.1","628077","","","","0"
"2024-05","Nova Scotia","2016A000212","Total all classes of electricity producer","Hydraulic turbine","Megawatt hours","210","units","0","v44174721","4.1.2","89563","","","","0"
"2024-05","Nova Scotia","2016A000212","Total all classes of electricity producer","Conventional steam turbine","Megawatt hours","210","units","0","v44174722","4.1.3","","..","","","0"
"2024-05","Nova Scotia","2016A000212","Total all classes of electricity producer","Combustion turbine","Megawatt hours","210","units","0","v44174723","4.1.6","","..","","","0"
"2024-05","Nova Scotia","2016A000212","Total all classes of electricity producer","Total electricity production from combustible fuels","Megawatt hours","210","units","0","v1059484841","4.1.11","441024","","","","0"
"2024-05","Nova Scotia","2016A000212","Total all classes of electricity producer","Total electricity production from non-renewable combustible fuels","Megawatt hours","210","units","0","v1146006339","4.1.12","413467","","","","0"
"2024-05","Nova Scotia","2016A000212","Total all classes of electricity producer","Total electricity production from biomass","Megawatt hours","210","units","0","v1146006381","4.1.13","27557","","","","0"
"2024-05","Nova Scotia","2016A000212","Total all classes of electricity producer","Tidal power turbine","Megawatt hours","210","units","0","v44174724","4.1.7","0","","","","0"
"2024-05","Nova Scotia","2016A000212","Total all classes of electricity producer","Wind power turbine","Megawatt hours","210","units","0","v44174725","4.1.8","97190","","","","0"
"2024-05","Nova Scotia","2016A000212","Total all classes of electricity producer","Solar","Megawatt hours","210","units","0","v1059484914","4.1.9","300","","","","0"
"2024-05","Nova Scotia","2016A000212","Total all classes of electricity producer","Other types of electricity generation","Megawatt hours","210","units","0","v1059484814","4.1.10","0","","","","0"
"2024-05","Nova Scotia","2016A000212","Electricity producers, electric utilities","Total all types of electricity generation","Megawatt hours","210","units","0","v44174726","4.2.1","626017","","","","0"
"2024-05","Nova Scotia","2016A000212","Electricity producers, electric utilities","Hydraulic turbine","Megawatt hours","210","units","0","v44174727","4.2.2","89563","","","","0"
"2024-05","Nova Scotia","2016A000212","Electricity producers, electric utilities","Conventional steam turbine","Megawatt hours","210","units","0","v44174728","4.2.3","","..","","","0"
"2024-05","Nova Scotia","2016A000212","Electricity producers, electric utilities","Combustion turbine","Megawatt hours","210","units","0","v44174729","4.2.6","","..","","","0"
"2024-05","Nova Scotia","2016A000212","Electricity producers, electric utilities","Total electricity production from combustible fuels","Megawatt hours","210","units","0","v1059484842","4.2.11","440584","","","","0"
"2024-05","Nova Scotia","2016A000212","Electricity producers, electric utilities","Total electricity production from non-renewable combustible fuels","Megawatt hours","210","units","0","v1146006340","4.2.12","413467","","","","0"
"2024-05","Nova Scotia","2016A000212","Electricity producers, electric utilities","Total electricity production from biomass","Megawatt hours","210","units","0","v1146006382","4.2.13","27117","","","","0"
"2024-05","Nova Scotia","2016A000212","Electricity producers, electric utilities","Tidal power turbine","Megawatt hours","210","units","0","v44174730","4.2.7","0","","","","0"
"2024-05","Nova Scotia","2016A000212","Electricity producers, electric utilities","Wind power turbine","Megawatt hours","210","units","0","v44174731","4.2.8","95572","","","","0"
"2024-05","Nova Scotia","2016A000212","Electricity producers, electric utilities","Solar","Megawatt hours","210","units","0","v1059484915","4.2.9","298","","","","0"
"2024-05","Nova Scotia","2016A000212","Electricity producers, electric utilities","Other types of electricity generation","Megawatt hours","210","units","0","v1059484815","4.2.10","0","","","","0"
"2024-05","Nova Scotia","2016A000212","Electricity producers, industries","Total all types of electricity generation","Megawatt hours","210","units","0","v44174732","4.3.1","2060","","","","0"
"2024-05","Nova Scotia","2016A000212","Electricity producers, industries","Hydraulic turbine","Megawatt hours","210","units","0","v44174733","4.3.2","","..","","","0"
"2024-05","Nova Scotia","2016A000212","Electricity producers, industries","Conventional steam turbine","Megawatt hours","210","units","0","v44174734","4.3.3","","..","","","0"
"2024-05","Nova Scotia","2016A000212","Electricity producers, industries","Total electricity production from combustible fuels","Megawatt hours","210","units","0","v1059484843","4.3.11","440","","","","0"
"2024-05","Nova Scotia","2016A000212","Electricity producers, industries","Total electricity production from non-renewable combustible fuels","Megawatt hours","210","units","0","v1146006341","4.3.12","0","","","","0"
"2024-05","Nova Scotia","2016A000212","Electricity producers, industries","Total electricity production from biomass","Megawatt hours","210","units","0","v1146006383","4.3.13","440","","","","0"
"2024-05","Nova Scotia","2016A000212","Electricity producers, industries","Tidal power turbine","Megawatt hours","210","units","0","v1059484884","4.3.7","0","","","","0"
"2024-05","Nova Scotia","2016A000212","Electricity producers, industries","Wind power turbine","Megawatt hours","210","units","0","v62460553","4.3.8","1618","","","","0"
"2024-05","Nova Scotia","2016A000212","Electricity producers, industries","Solar","Megawatt hours","210","units","0","v1059484916","4.3.9","2","","","","0"
"2024-05","Nova Scotia","2016A000212","Electricity producers, industries","Other types of electricity generation","Megawatt hours","210","units","0","v1059484816","4.3.10","0","","","","0"
"2024-06","Nova Scotia","2016A000212","Total all classes of electricity producer","Total all types of electricity generation","Megawatt hours","210","units","0","v44174720","4.1.1","460241","","","","0"
"2024-06","Nova Scotia","2016A000212","Total all classes of electricity producer","Hydraulic turbine","Megawatt hours","210","units","0","v44174721","4.1.2","44850","","","","0"
"2024-06","Nova Scotia","2016A000212","Total all classes of electricity producer","Conventional steam turbine","Megawatt hours","210","units","0","v44174722","4.1.3","","..","","","0"
"2024-06","Nova Scotia","2016A000212","Total all classes of electricity producer","Combustion turbine","Megawatt hours","210","units","0","v44174723","4.1.6","","..","","","0"
"2024-06","Nova Scotia","2016A000212","Total all classes of electricity producer","Total electricity production from combustible fuels","Megawatt hours","210","units","0","v1059484841","4.1.11","306344","","","","0"
"2024-06","Nova Scotia","2016A000212","Total all classes of electricity producer","Total electricity production from non-renewable combustible fuels","Megawatt hours","210","units","0","v1146006339","4.1.12","288799","","","","0"
"2024-06","Nova Scotia","2016A000212","Total all classes of electricity producer","Total electricity production from biomass","Megawatt hours","210","units","0","v1146006381","4.1.13","17545","","","","0"
"2024-06","Nova Scotia","2016A000212","Total all classes of electricity producer","Tidal power turbine","Megawatt hours","210","units","0","v44174724","4.1.7","0","","","","0"
"2024-06","Nova Scotia","2016A000212","Total all classes of electricity producer","Wind power turbine","Megawatt hours","210","units","0","v44174725","4.1.8","108754","","","","0"
"2024-06","Nova Scotia","2016A000212","Total all classes of electricity producer","Solar","Megawatt hours","210","units","0","v1059484914","4.1.9","293","","","","0"
"2024-06","Nova Scotia","2016A000212","Total all classes of electricity producer","Other types of electricity generation","Megawatt hours","210","units","0","v1059484814","4.1.10","0","","","","0"
"2024-06","Nova Scotia","2016A000212","Electricity producers, electric utilities","Total all types of electricity generation","Megawatt hours","210","units","0","v44174726","4.2.1","457884","","","","0"
"2024-06","Nova Scotia","2016A000212","Electricity producers, electric utilities","Hydraulic turbine","Megawatt hours","210","units","0","v44174727","4.2.2","44850","","","","0"
"2024-06","Nova Scotia","2016A000212","Electricity producers, electric utilities","Conventional steam turbine","Megawatt hours","210","units","0","v44174728","4.2.3","","..","","","0"
"2024-06","Nova Scotia","2016A000212","Electricity producers, electric utilities","Combustion turbine","Megawatt hours","210","units","0","v44174729","4.2.6","","..","","","0"
"2024-06","Nova Scotia","2016A000212","Electricity producers, electric utilities","Total electricity production from combustible fuels","Megawatt hours","210","units","0","v1059484842","4.2.11","305913","","","","0"
"2024-06","Nova Scotia","2016A000212","Electricity producers, electric utilities","Total electricity production from non-renewable combustible fuels","Megawatt hours","210","units","0","v1146006340","4.2.12","288799","","","","0"
"2024-06","Nova Scotia","2016A000212","Electricity producers, electric utilities","Total electricity production from biomass","Megawatt hours","210","units","0","v1146006382","4.2.13","17114","","","","0"
"2024-06","Nova Scotia","2016A000212","Electricity producers, electric utilities","Tidal power turbine","Megawatt hours","210","units","0","v44174730","4.2.7","0","","","","0"
"2024-06","Nova Scotia","2016A000212","Electricity producers, electric utilities","Wind power turbine","Megawatt hours","210","units","0","v44174731","4.2.8","106841","","","","0"
"2024-06","Nova Scotia","2016A000212","Electricity producers, electric utilities","Solar","Megawatt hours","210","units","0","v1059484915","4.2.9","280","","","","0"
"2024-06","Nova Scotia","2016A000212","Electricity producers, electric utilities","Other types of electricity generation","Megawatt hours","210","units","0","v1059484815","4.2.10","0","","","","0"
"2024-06","Nova Scotia","2016A000212","Electricity producers, industries","Total all types of electricity generation","Megawatt hours","210","units","0","v44174732","4.3.1","2357","","","","0"
"2024-06","Nova Scotia","2016A000212","Electricity producers, industries","Hydraulic turbine","Megawatt hours","210","units","0","v44174733","4.3.2","","..","","","0"
"2024-06","Nova Scotia","2016A000212","Electricity producers, industries","Conventional steam turbine","Megawatt hours","210","units","0","v44174734","4.3.3","","..","","","0"
"2024-06","Nova Scotia","2016A000212","Electricity producers, industries","Total electricity production from combustible fuels","Megawatt hours","210","units","0","v1059484843","4.3.11","431","","","","0"
"2024-06","Nova Scotia","2016A000212","Electricity producers, industries","Total electricity production from non-renewable combustible fuels","Megawatt hours","210","units","0","v1146006341","4.3.12","0","","","","0"
"2024-06","Nova Scotia","2016A000212","Electricity producers, industries","Total electricity production from biomass","Megawatt hours","210","units","0","v1146006383","4.3.13","431","","","","0"
"2024-06","Nova Scotia","2016A000212","Electricity producers, industries","Tidal power turbine","Megawatt hours","210","units","0","v1059484884","4.3.7","0","","","","0"
"2024-06","Nova Scotia","2016A000212","Electricity producers, industries","Wind power turbine","Megawatt hours","210","units","0","v62460553","4.3.8","1913","","","","0"
"2024-06","Nova Scotia","2016A000212","Electricity producers, industries","Solar","Megawatt hours","210","units","0","v1059484916","4.3.9","13","","","","0"
"2024-06","Nova Scotia","2016A000212","Electricity producers, industries","Other types of electricity generation","Megawatt hours","210","units","0","v1059484816","4.3.10","0","","","","0"
"2024-07","Nova Scotia","2016A000212","Total all classes of electricity producer","Total all types of electricity generation","Megawatt hours","210","units","0","v44174720","4.1.1","599739","","","","0"
"2024-07","Nova Scotia","2016A000212","Total all classes of electricity producer","Hydraulic turbine","Megawatt hours","210","units","0","v44174721","4.1.2","33520","","","","0"
"2024-07","Nova Scotia","2016A000212","Total all classes of electricity producer","Conventional steam turbine","Megawatt hours","210","units","0","v44174722","4.1.3","","..","","","0"
"2024-07","Nova Scotia","2016A000212","Total all classes of electricity producer","Combustion turbine","Megawatt hours","210","units","0","v44174723","4.1.6","","..","","","0"
"2024-07","Nova Scotia","2016A000212","Total all classes of electricity producer","Total electricity production from combustible fuels","Megawatt hours","210","units","0","v1059484841","4.1.11","475011","","","","0"
"2024-07","Nova Scotia","2016A000212","Total all classes of electricity producer","Total electricity production from non-renewable combustible fuels","Megawatt hours","210","units","0","v1146006339","4.1.12","455307","","","","0"
"2024-07","Nova Scotia","2016A000212","Total all classes of electricity producer","Total electricity production from biomass","Megawatt hours","210","units","0","v1146006381","4.1.13","19704","","","","0"
"2024-07","Nova Scotia","2016A000212","Total all classes of electricity producer","Tidal power turbine","Megawatt hours","210","units","0","v44174724","4.1.7","0","","","","0"
"2024-07","Nova Scotia","2016A000212","Total all classes of electricity producer","Wind power turbine","Megawatt hours","210","units","0","v44174725","4.1.8","90888","","","","0"
"2024-07","Nova Scotia","2016A000212","Total all classes of electricity producer","Solar","Megawatt hours","210","units","0","v1059484914","4.1.9","320","","","","0"
"2024-07","Nova Scotia","2016A000212","Total all classes of electricity producer","Other types of electricity generation","Megawatt hours","210","units","0","v1059484814","4.1.10","0","","","","0"
"2024-07","Nova Scotia","2016A000212","Electricity producers, electric utilities","Total all types of electricity generation","Megawatt hours","210","units","0","v44174726","4.2.1","597892","","","","0"
"2024-07","Nova Scotia","2016A000212","Electricity producers, electric utilities","Hydraulic turbine","Megawatt hours","210","units","0","v44174727","4.2.2","33520","","","","0"
"2024-07","Nova Scotia","2016A000212","Electricity producers, electric utilities","Conventional steam turbine","Megawatt hours","210","units","0","v44174728","4.2.3","","..","","","0"
"2024-07","Nova Scotia","2016A000212","Electricity producers, electric utilities","Combustion turbine","Megawatt hours","210","units","0","v44174729","4.2.6","","..","","","0"
"2024-07","Nova Scotia","2016A000212","Electricity producers, electric utilities","Total electricity production from combustible fuels","Megawatt hours","210","units","0","v1059484842","4.2.11","474596","","","","0"
"2024-07","Nova Scotia","2016A000212","Electricity producers, electric utilities","Total electricity production from non-renewable combustible fuels","Megawatt hours","210","units","0","v1146006340","4.2.12","455307","","","","0"
"2024-07","Nova Scotia","2016A000212","Electricity producers, electric utilities","Total electricity production from biomass","Megawatt hours","210","units","0","v1146006382","4.2.13","19289","","","","0"
"2024-07","Nova Scotia","2016A000212","Electricity producers, electric utilities","Tidal power turbine","Megawatt hours","210","units","0","v44174730","4.2.7","0","","","","0"
"2024-07","Nova Scotia","2016A000212","Electricity producers, electric utilities","Wind power turbine","Megawatt hours","210","units","0","v44174731","4.2.8","89470","","","","0"
"2024-07","Nova Scotia","2016A000212","Electricity producers, electric utilities","Solar","Megawatt hours","210","units","0","v1059484915","4.2.9","306","","","","0"
"2024-07","Nova Scotia","2016A000212","Electricity producers, electric utilities","Other types of electricity generation","Megawatt hours","210","units","0","v1059484815","4.2.10","0","","","","0"
"2024-07","Nova Scotia","2016A000212","Electricity producers, industries","Total all types of electricity generation","Megawatt hours","210","units","0","v44174732","4.3.1","1847","","","","0"
"2024-07","Nova Scotia","2016A000212","Electricity producers, industries","Hydraulic turbine","Megawatt hours","210","units","0","v44174733","4.3.2","","..","","","0"
"2024-07","Nova Scotia","2016A000212","Electricity producers, industries","Conventional steam turbine","Megawatt hours","210","units","0","v44174734","4.3.3","","..","","","0"
"2024-07","Nova Scotia","2016A000212","Electricity producers, industries","Total electricity production from combustible fuels","Megawatt hours","210","units","0","v1059484843","4.3.11","415","","","","0"
"2024-07","Nova Scotia","2016A000212","Electricity producers, industries","Total electricity production from non-renewable combustible fuels","Megawatt hours","210","units","0","v1146006341","4.3.12","0","","","","0"
"2024-07","Nova Scotia","2016A000212","Electricity producers, industries","Total electricity production from biomass","Megawatt hours","210","units","0","v1146006383","4.3.13","415","","","","0"
"2024-07","Nova Scotia","2016A000212","Electricity producers, industries","Tidal power turbine","Megawatt hours","210","units","0","v1059484884","4.3.7","0","","","","0"
"2024-07","Nova Scotia","2016A000212","Electricity producers, industries","Wind power turbine","Megawatt hours","210","units","0","v62460553","4.3.8","1418","","","","0"
"2024-07","Nova Scotia","2016A000212","Electricity producers, industries","Solar","Megawatt hours","210","units","0","v1059484916","4.3.9","14","","","","0"
"2024-07","Nova Scotia","2016A000212","Electricity producers, industries","Other types of electricity generation","Megawatt hours","210","units","0","v1059484816","4.3.10","0","","","","0"
"2024-08","Nova Scotia","2016A000212","Total all classes of electricity producer","Total all types of electricity generation","Megawatt hours","210","units","0","v44174720","4.1.1","744630","","","","0"
"2024-08","Nova Scotia","2016A000212","Total all classes of electricity producer","Hydraulic turbine","Megawatt hours","210","units","0","v44174721","4.1.2","30360","","","","0"
"2024-08","Nova Scotia","2016A000212","Total all classes of electricity producer","Conventional steam turbine","Megawatt hours","210","units","0","v44174722","4.1.3","","..","","","0"
"2024-08","Nova Scotia","2016A000212","Total all classes of electricity producer","Combustion turbine","Megawatt hours","210","units","0","v44174723","4.1.6","","..","","","0"
"2024-08","Nova Scotia","2016A000212","Total all classes of electricity producer","Total electricity production from combustible fuels","Megawatt hours","210","units","0","v1059484841","4.1.11","626043","","","","0"
"2024-08","Nova Scotia","2016A000212","Total all classes of electricity producer","Total electricity production from non-renewable combustible fuels","Megawatt hours","210","units","0","v1146006339","4.1.12","586758","","","","0"
"2024-08","Nova Scotia","2016A000212","Total all classes of electricity producer","Total electricity production from biomass","Megawatt hours","210","units","0","v1146006381","4.1.13","39285","","","","0"
"2024-08","Nova Scotia","2016A000212","Total all classes of electricity producer","Tidal power turbine","Megawatt hours","210","units","0","v44174724","4.1.7","0","","","","0"
"2024-08","Nova Scotia","2016A000212","Total all classes of electricity producer","Wind power turbine","Megawatt hours","210","units","0","v44174725","4.1.8","87909","","","","0"
"2024-08","Nova Scotia","2016A000212","Total all classes of electricity producer","Solar","Megawatt hours","210","units","0","v1059484914","4.1.9","318","","","","0"
"2024-08","Nova Scotia","2016A000212","Total all classes of electricity producer","Other types of electricity generation","Megawatt hours","210","units","0","v1059484814","4.1.10","0","","","","0"
"2024-08","Nova Scotia","2016A000212","Electricity producers, electric utilities","Total all types of electricity generation","Megawatt hours","210","units","0","v44174726","4.2.1","742766","","","","0"
"2024-08","Nova Scotia","2016A000212","Electricity producers, electric utilities","Hydraulic turbine","Megawatt hours","210","units","0","v44174727","4.2.2","30360","","","","0"
"2024-08","Nova Scotia","2016A000212","Electricity producers, electric utilities","Conventional steam turbine","Megawatt hours","210","units","0","v44174728","4.2.3","","..","","","0"
"2024-08","Nova Scotia","2016A000212","Electricity producers, electric utilities","Combustion turbine","Megawatt hours","210","units","0","v44174729","4.2.6","","..","","","0"
"2024-08","Nova Scotia","2016A000212","Electricity producers, electric utilities","Total electricity production from combustible fuels","Megawatt hours","210","units","0","v1059484842","4.2.11","625602","","","","0"
"2024-08","Nova Scotia","2016A000212","Electricity producers, electric utilities","Total electricity production from non-renewable combustible fuels","Megawatt hours","210","units","0","v1146006340","4.2.12","586758","","","","0"
"2024-08","Nova Scotia","2016A000212","Electricity producers, electric utilities","Total electricity production from biomass","Megawatt hours","210","units","0","v1146006382","4.2.13","38844","","","","0"
"2024-08","Nova Scotia","2016A000212","Electricity producers, electric utilities","Tidal power turbine","Megawatt hours","210","units","0","v44174730","4.2.7","0","","","","0"
"2024-08","Nova Scotia","2016A000212","Electricity producers, electric utilities","Wind power turbine","Megawatt hours","210","units","0","v44174731","4.2.8","86500","","","","0"
"2024-08","Nova Scotia","2016A000212","Electricity producers, electric utilities","Solar","Megawatt hours","210","units","0","v1059484915","4.2.9","304","","","","0"
"2024-08","Nova Scotia","2016A000212","Electricity producers, electric utilities","Other types of electricity generation","Megawatt hours","210","units","0","v1059484815","4.2.10","0","","","","0"
"2024-08","Nova Scotia","2016A000212","Electricity producers, industries","Total all types of electricity generation","Megawatt hours","210","units","0","v44174732","4.3.1","1864","","","","0"
"2024-08","Nova Scotia","2016A000212","Electricity producers, industries","Hydraulic turbine","Megawatt hours","210","units","0","v44174733","4.3.2","","..","","","0"
"2024-08","Nova Scotia","2016A000212","Electricity producers, industries","Conventional steam turbine","Megawatt hours","210","units","0","v44174734","4.3.3","","..","","","0"
"2024-08","Nova Scotia","2016A000212","Electricity producers, industries","Total electricity production from combustible fuels","Megawatt hours","210","units","0","v1059484843","4.3.11","441","","","","0"
"2024-08","Nova Scotia","2016A000212","Electricity producers, industries","Total electricity production from non-renewable combustible fuels","Megawatt hours","210","units","0","v1146006341","4.3.12","0","","","","0"
"2024-08","Nova Scotia","2016A000212","Electricity producers, industries","Total electricity production from biomass","Megawatt hours","210","units","0","v1146006383","4.3.13","441","","","","0"
"2024-08","Nova Scotia","2016A000212","Electricity producers, industries","Tidal power turbine","Megawatt hours","210","units","0","v1059484884","4.3.7","0","","","","0"
"2024-08","Nova Scotia","2016A000212","Electricity producers, industries","Wind power turbine","Megawatt hours","210","units","0","v62460553","4.3.8","1409","","","","0"
"2024-08","Nova Scotia","2016A000212","Electricity producers, industries","Solar","Megawatt hours","210","units","0","v1059484916","4.3.9","14","","","","0"
"2024-08","Nova Scotia","2016A000212","Electricity producers, industries","Other types of electricity generation","Megawatt hours","210","units","0","v1059484816","4.3.10","0","","","","0"
"2024-09","Nova Scotia","2016A000212","Total all classes of electricity producer","Total all types of electricity generation","Megawatt hours","210","units","0","v44174720","4.1.1","624145","","","","0"
"2024-09","Nova Scotia","2016A000212","Total all classes of electricity producer","Hydraulic turbine","Megawatt hours","210","units","0","v44174721","4.1.2","18376","","","","0"
"2024-09","Nova Scotia","2016A000212","Total all classes of electricity producer","Conventional steam turbine","Megawatt hours","210","units","0","v44174722","4.1.3","","..","","","0"
"2024-09","Nova Scotia","2016A000212","Total all classes of electricity producer","Combustion turbine","Megawatt hours","210","units","0","v44174723","4.1.6","","..","","","0"
"2024-09","Nova Scotia","2016A000212","Total all classes of electricity producer","Total electricity production from combustible fuels","Megawatt hours","210","units","0","v1059484841","4.1.11","500493","","","","0"
"2024-09","Nova Scotia","2016A000212","Total all classes of electricity producer","Total electricity production from non-renewable combustible fuels","Megawatt hours","210","units","0","v1146006339","4.1.12","459416","","","","0"
"2024-09","Nova Scotia","2016A000212","Total all classes of electricity producer","Total electricity production from biomass","Megawatt hours","210","units","0","v1146006381","4.1.13","41077","","","","0"
"2024-09","Nova Scotia","2016A000212","Total all classes of electricity producer","Tidal power turbine","Megawatt hours","210","units","0","v44174724","4.1.7","0","","","","0"
"2024-09","Nova Scotia","2016A000212","Total all classes of electricity producer","Wind power turbine","Megawatt hours","210","units","0","v44174725","4.1.8","105022","","","","0"
"2024-09","Nova Scotia","2016A000212","Total all classes of electricity producer","Solar","Megawatt hours","210","units","0","v1059484914","4.1.9","254","","","","0"
"2024-09","Nova Scotia","2016A000212","Total all classes of electricity producer","Other types of electricity generation","Megawatt hours","210","units","0","v1059484814","4.1.10","0","","","","0"
"2024-09","Nova Scotia","2016A000212","Electricity producers, electric utilities","Total all types of electricity generation","Megawatt hours","210","units","0","v44174726","4.2.1","621888","","","","0"
"2024-09","Nova Scotia","2016A000212","Electricity producers, electric utilities","Hydraulic turbine","Megawatt hours","210","units","0","v44174727","4.2.2","18376","","","","0"
"2024-09","Nova Scotia","2016A000212","Electricity producers, electric utilities","Conventional steam turbine","Megawatt hours","210","units","0","v44174728","4.2.3","","..","","","0"
"2024-09","Nova Scotia","2016A000212","Electricity producers, electric utilities","Combustion turbine","Megawatt hours","210","units","0","v44174729","4.2.6","","..","","","0"
"2024-09","Nova Scotia","2016A000212","Electricity producers, electric utilities","Total electricity production from combustible fuels","Megawatt hours","210","units","0","v1059484842","4.2.11","500061","","","","0"
"2024-09","Nova Scotia","2016A000212","Electricity producers, electric utilities","Total electricity production from non-renewable combustible fuels","Megawatt hours","210","units","0","v1146006340","4.2.12","459416","","","","0"
"2024-09","Nova Scotia","2016A000212","Electricity producers, electric utilities","Total electricity production from biomass","Megawatt hours","210","units","0","v1146006382","4.2.13","40645","","","","0"
"2024-09","Nova Scotia","2016A000212","Electricity producers, electric utilities","Tidal power turbine","Megawatt hours","210","units","0","v44174730","4.2.7","0","","","","0"
"2024-09","Nova Scotia","2016A000212","Electricity producers, electric utilities","Wind power turbine","Megawatt hours","210","units","0","v44174731","4.2.8","103210","","","","0"
"2024-09","Nova Scotia","2016A000212","Electricity producers, electric utilities","Solar","Megawatt hours","210","units","0","v1059484915","4.2.9","241","","","","0"
"2024-09","Nova Scotia","2016A000212","Electricity producers, electric utilities","Other types of electricity generation","Megawatt hours","210","units","0","v1059484815","4.2.10","0","","","","0"
"2024-09","Nova Scotia","2016A000212","Electricity producers, industries","Total all types of electricity generation","Megawatt hours","210","units","0","v44174732","4.3.1","2257","","","","0"
"2024-09","Nova Scotia","2016A000212","Electricity producers, industries","Hydraulic turbine","Megawatt hours","210","units","0","v44174733","4.3.2","","..","","","0"
"2024-09","Nova Scotia","2016A000212","Electricity producers, industries","Conventional steam turbine","Megawatt hours","210","units","0","v44174734","4.3.3","","..","","","0"
"2024-09","Nova Scotia","2016A000212","Electricity producers, industries","Total electricity production from combustible fuels","Megawatt hours","210","units","0","v1059484843","4.3.11","432","","","","0"
"2024-09","Nova Scotia","2016A000212","Electricity producers, industries","Total electricity production from non-renewable combustible fuels","Megawatt hours","210","units","0","v1146006341","4.3.12","0","","","","0"
"2024-09","Nova Scotia","2016A000212","Electricity producers, industries","Total electricity production from biomass","Megawatt hours","210","units","0","v1146006383","4.3.13","432","","","","0"
"2024-09","Nova Scotia","2016A000212","Electricity producers, industries","Tidal power turbine","Megawatt hours","210","units","0","v1059484884","4.3.7","0","","","","0"
"2024-09","Nova Scotia","2016A000212","Electricity producers, industries","Wind power turbine","Megawatt hours","210","units","0","v62460553","4.3.8","1812","","","","0"
"2024-09","Nova Scotia","2016A000212","Electricity producers, industries","Solar","Megawatt hours","210","units","0","v1059484916","4.3.9","13","","","","0"
"2024-09","Nova Scotia","2016A000212","Electricity producers, industries","Other types of electricity generation","Megawatt hours","210","units","0","v1059484816","4.3.10","0","","","","0"
"2024-10","Nova Scotia","2016A000212","Total all classes of electricity producer","Total all types of electricity generation","Megawatt hours","210","units","0","v44174720","4.1.1","664510","","","","0"
"2024-10","Nova Scotia","2016A000212","Total all classes of electricity producer","Hydraulic turbine","Megawatt hours","210","units","0","v44174721","4.1.2","16211","","","","0"
"2024-10","Nova Scotia","2016A000212","Total all classes of electricity producer","Conventional steam turbine","Megawatt hours","210","units","0","v44174722","4.1.3","","..","","","0"
"2024-10","Nova Scotia","2016A000212","Total all classes of electricity producer","Combustion turbine","Megawatt hours","210","units","0","v44174723","4.1.6","","..","","","0"
"2024-10","Nova Scotia","2016A000212","Total all classes of electricity producer","Total electricity production from combustible fuels","Megawatt hours","210","units","0","v1059484841","4.1.11","498720","","","","0"
"2024-10","Nova Scotia","2016A000212","Total all classes of electricity producer","Total electricity production from non-renewable combustible fuels","Megawatt hours","210","units","0","v1146006339","4.1.12","472594","","","","0"
"2024-10","Nova Scotia","2016A000212","Total all classes of electricity producer","Total electricity production from biomass","Megawatt hours","210","units","0","v1146006381","4.1.13","26126","","","","0"
"2024-10","Nova Scotia","2016A000212","Total all classes of electricity producer","Tidal power turbine","Megawatt hours","210","units","0","v44174724","4.1.7","0","","","","0"
"2024-10","Nova Scotia","2016A000212","Total all classes of electricity producer","Wind power turbine","Megawatt hours","210","units","0","v44174725","4.1.8","149359","","","","0"
"2024-10","Nova Scotia","2016A000212","Total all classes of electricity producer","Solar","Megawatt hours","210","units","0","v1059484914","4.1.9","220","","","","0"
"2024-10","Nova Scotia","2016A000212","Total all classes of electricity producer","Other types of electricity generation","Megawatt hours","210","units","0","v1059484814","4.1.10","0","","","","0"
"2024-10","Nova Scotia","2016A000212","Electricity producers, electric utilities","Total all types of electricity generation","Megawatt hours","210","units","0","v44174726","4.2.1","661481","","","","0"
"2024-10","Nova Scotia","2016A000212","Electricity producers, electric utilities","Hydraulic turbine","Megawatt hours","210","units","0","v44174727","4.2.2","16211","","","","0"
"2024-10","Nova Scotia","2016A000212","Electricity producers, electric utilities","Conventional steam turbine","Megawatt hours","210","units","0","v44174728","4.2.3","","..","","","0"
"2024-10","Nova Scotia","2016A000212","Electricity producers, electric utilities","Combustion turbine","Megawatt hours","210","units","0","v44174729","4.2.6","","..","","","0"
"2024-10","Nova Scotia","2016A000212","Electricity producers, electric utilities","Total electricity production from combustible fuels","Megawatt hours","210","units","0","v1059484842","4.2.11","498302","","","","0"
"2024-10","Nova Scotia","2016A000212","Electricity producers, electric utilities","Total electricity production from non-renewable combustible fuels","Megawatt hours","210","units","0","v1146006340","4.2.12","472594","","","","0"
"2024-10","Nova Scotia","2016A000212","Electricity producers, electric utilities","Total electricity production from biomass","Megawatt hours","210","units","0","v1146006382","4.2.13","25708","","","","0"
"2024-10","Nova Scotia","2016A000212","Electricity producers, electric utilities","Tidal power turbine","Megawatt hours","210","units","0","v44174730","4.2.7","0","","","","0"
"2024-10","Nova Scotia","2016A000212","Electricity producers, electric utilities","Wind power turbine","Megawatt hours","210","units","0","v44174731","4.2.8","146759","","","","0"
"2024-10","Nova Scotia","2016A000212","Electricity producers, electric utilities","Solar","Megawatt hours","210","units","0","v1059484915","4.2.9","209","","","","0"
"2024-10","Nova Scotia","2016A000212","Electricity producers, electric utilities","Other types of electricity generation","Megawatt hours","210","units","0","v1059484815","4.2.10","0","","","","0"
"2024-10","Nova Scotia","2016A000212","Electricity producers, industries","Total all types of electricity generation","Megawatt hours","210","units","0","v44174732","4.3.1","3029","","","","0"
"2024-10","Nova Scotia","2016A000212","Electricity producers, industries","Hydraulic turbine","Megawatt hours","210","units","0","v44174733","4.3.2","","..","","","0"
"2024-10","Nova Scotia","2016A000212","Electricity producers, industries","Conventional steam turbine","Megawatt hours","210","units","0","v44174734","4.3.3","","..","","","0"
"2024-10","Nova Scotia","2016A000212","Electricity producers, industries","Total electricity production from combustible fuels","Megawatt hours","210","units","0","v1059484843","4.3.11","418","","","","0"
"2024-10","Nova Scotia","2016A000212","Electricity producers, industries","Total electricity production from non-renewable combustible fuels","Megawatt hours","210","units","0","v1146006341","4.3.12","0","","","","0"
"2024-10","Nova Scotia","2016A000212","Electricity producers, industries","Total electricity production from biomass","Megawatt hours","210","units","0","v1146006383","4.3.13","418","","","","0"
"2024-10","Nova Scotia","2016A000212","Electricity producers, industries","Tidal power turbine","Megawatt hours","210","units","0","v1059484884","4.3.7","0","","","","0"
"2024-10","Nova Scotia","2016A000212","Electricity producers, industries","Wind power turbine","Megawatt hours","210","units","0","v62460553","4.3.8","2600","","","","0"
"2024-10","Nova Scotia","2016A000212","Electricity producers, industries","Solar","Megawatt hours","210","units","0","v1059484916","4.3.9","11","","","","0"
"2024-10","Nova Scotia","2016A000212","Electricity producers, industries","Other types of electricity generation","Megawatt hours","210","units","0","v1059484816","4.3.10","0","","","","0"
"2024-11","Nova Scotia","2016A000212","Total all classes of electricity producer","Total all types of electricity generation","Megawatt hours","210","units","0","v44174720","4.1.1","717765","","","","0"
"2024-11","Nova Scotia","2016A000212","Total all classes of electricity producer","Hydraulic turbine","Megawatt hours","210","units","0","v44174721","4.1.2","21766","","","","0"
"2024-11","Nova Scotia","2016A000212","Total all classes of electricity producer","Conventional steam turbine","Megawatt hours","210","units","0","v44174722","4.1.3","","..","","","0"
"2024-11","Nova Scotia","2016A000212","Total all classes of electricity producer","Combustion turbine","Megawatt hours","210","units","0","v44174723","4.1.6","","..","","","0"
"2024-11","Nova Scotia","2016A000212","Total all classes of electricity producer","Total electricity production from combustible fuels","Megawatt hours","210","units","0","v1059484841","4.1.11","503894","","","","0"
"2024-11","Nova Scotia","2016A000212","Total all classes of electricity producer","Total electricity production from non-renewable combustible fuels","Megawatt hours","210","units","0","v1146006339","4.1.12","464548","","","","0"
"2024-11","Nova Scotia","2016A000212","Total all classes of electricity producer","Total electricity production from biomass","Megawatt hours","210","units","0","v1146006381","4.1.13","39346","","","","0"
"2024-11","Nova Scotia","2016A000212","Total all classes of electricity producer","Tidal power turbine","Megawatt hours","210","units","0","v44174724","4.1.7","0","","","","0"
"2024-11","Nova Scotia","2016A000212","Total all classes of electricity producer","Wind power turbine","Megawatt hours","210","units","0","v44174725","4.1.8","192021","","","","0"
"2024-11","Nova Scotia","2016A000212","Total all classes of electricity producer","Solar","Megawatt hours","210","units","0","v1059484914","4.1.9","84","","","","0"
"2024-11","Nova Scotia","2016A000212","Total all classes of electricity producer","Other types of electricity generation","Megawatt hours","210","units","0","v1059484814","4.1.10","0","","","","0"
"2024-11","Nova Scotia","2016A000212","Electricity producers, electric utilities","Total all types of electricity generation","Megawatt hours","210","units","0","v44174726","4.2.1","714309","","","","0"
"2024-11","Nova Scotia","2016A000212","Electricity producers, electric utilities","Hydraulic turbine","Megawatt hours","210","units","0","v44174727","4.2.2","21766","","","","0"
"2024-11","Nova Scotia","2016A000212","Electricity producers, electric utilities","Conventional steam turbine","Megawatt hours","210","units","0","v44174728","4.2.3","","..","","","0"
"2024-11","Nova Scotia","2016A000212","Electricity producers, electric utilities","Combustion turbine","Megawatt hours","210","units","0","v44174729","4.2.6","","..","","","0"
"2024-11","Nova Scotia","2016A000212","Electricity producers, electric utilities","Total electricity production from combustible fuels","Megawatt hours","210","units","0","v1059484842","4.2.11","503656","","","","0"
"2024-11","Nova Scotia","2016A000212","Electricity producers, electric utilities","Total electricity production from non-renewable combustible fuels","Megawatt hours","210","units","0","v1146006340","4.2.12","464548","","","","0"
"2024-11","Nova Scotia","2016A000212","Electricity producers, electric utilities","Total electricity production from biomass","Megawatt hours","210","units","0","v1146006382","4.2.13","39108","","","","0"
"2024-11","Nova Scotia","2016A000212","Electricity producers, electric utilities","Tidal power turbine","Megawatt hours","210","units","0","v44174730","4.2.7","0","","","","0"
"2024-11","Nova Scotia","2016A000212","Electricity producers, electric utilities","Wind power turbine","Megawatt hours","210","units","0","v44174731","4.2.8","188809","","","","0"
"2024-11","Nova Scotia","2016A000212","Electricity producers, electric utilities","Solar","Megawatt hours","210","units","0","v1059484915","4.2.9","78","","","","0"
"2024-11","Nova Scotia","2016A000212","Electricity producers, electric utilities","Other types of electricity generation","Megawatt hours","210","units","0","v1059484815","4.2.10","0","","","","0"
"2024-11","Nova Scotia","2016A000212","Electricity producers, industries","Total all types of electricity generation","Megawatt hours","210","units","0","v44174732","4.3.1","3456","","","","0"
"2024-11","Nova Scotia","2016A000212","Electricity producers, industries","Hydraulic turbine","Megawatt hours","210","units","0","v44174733","4.3.2","","..","","","0"
"2024-11","Nova Scotia","2016A000212","Electricity producers, industries","Conventional steam turbine","Megawatt hours","210","units","0","v44174734","4.3.3","","..","","","0"
"2024-11","Nova Scotia","2016A000212","Electricity producers, industries","Total electricity production from combustible fuels","Megawatt hours","210","units","0","v1059484843","4.3.11","238","","","","0"
"2024-11","Nova Scotia","2016A000212","Electricity producers, industries","Total electricity production from non-renewable combustible fuels","Megawatt hours","210","units","0","v1146006341","4.3.12","0","","","","0"
"2024-11","Nova Scotia","2016A000212","Electricity producers, industries","Total electricity production from biomass","Megawatt hours","210","units","0","v1146006383","4.3.13","238","","","","0"
"2024-11","Nova Scotia","2016A000212","Electricity producers, industries","Tidal power turbine","Megawatt hours","210","units","0","v1059484884","4.3.7","0","","","","0"
"2024-11","Nova Scotia","2016A000212","Electricity producers, industries","Wind power turbine","Megawatt hours","210","units","0","v62460553","4.3.8","3212","","","","0"
"2024-11","Nova Scotia","2016A000212","Electricity producers, industries","Solar","Megawatt hours","210","units","0","v1059484916","4.3.9","6","","","","0"
"2024-11","Nova Scotia","2016A000212","Electricity producers, industries","Other types of electricity generation","Megawatt hours","210","units","0","v1059484816","4.3.10","0","","","","0"
"2024-12","Nova Scotia","2016A000212","Total all classes of electricity producer","Total all types of electricity generation","Megawatt hours","210","units","0","v44174720","4.1.1","888563","","","","0"
"2024-12","Nova Scotia","2016A000212","Total all classes of electricity producer","Hydraulic turbine","Megawatt hours","210","units","0","v44174721","4.1.2","40173","","","","0"
"2024-12","Nova Scotia","2016A000212","Total all classes of electricity producer","Conventional steam turbine","Megawatt hours","210","units","0","v44174722","4.1.3","","..","","","0"
"2024-12","Nova Scotia","2016A000212","Total all classes of electricity producer","Combustion turbine","Megawatt hours","210","units","0","v44174723","4.1.6","","..","","","0"
"2024-12","Nova Scotia","2016A000212","Total all classes of electricity producer","Total electricity production from combustible fuels","Megawatt hours","210","units","0","v1059484841","4.1.11","680566","","","","0"
"2024-12","Nova Scotia","2016A000212","Total all classes of electricity producer","Total electricity production from non-renewable combustible fuels","Megawatt hours","210","units","0","v1146006339","4.1.12","648117","","","","0"
"2024-12","Nova Scotia","2016A000212","Total all classes of electricity producer","Total electricity production from biomass","Megawatt hours","210","units","0","v1146006381","4.1.13","32449","","","","0"
"2024-12","Nova Scotia","2016A000212","Total all classes of electricity producer","Tidal power turbine","Megawatt hours","210","units","0","v44174724","4.1.7","0","","","","0"
"2024-12","Nova Scotia","2016A000212","Total all classes of electricity producer","Wind power turbine","Megawatt hours","210","units","0","v44174725","4.1.8","167617","","","","0"
"2024-12","Nova Scotia","2016A000212","Total all classes of electricity producer","Solar","Megawatt hours","210","units","0","v1059484914","4.1.9","207","","","","0"
"2024-12","Nova Scotia","2016A000212","Total all classes of electricity producer","Other types of electricity generation","Megawatt hours","210","units","0","v1059484814","4.1.10","0","","","","0"
"2024-12","Nova Scotia","2016A000212","Electricity producers, electric utilities","Total all types of electricity generation","Megawatt hours","210","units","0","v44174726","4.2.1","885169","","","","0"
"2024-12","Nova Scotia","2016A000212","Electricity producers, electric utilities","Hydraulic turbine","Megawatt hours","210","units","0","v44174727","4.2.2","40173","","","","0"
"2024-12","Nova Scotia","2016A000212","Electricity producers, electric utilities","Conventional steam turbine","Megawatt hours","210","units","0","v44174728","4.2.3","","..","","","0"
"2024-12","Nova Scotia","2016A000212","Electricity producers, electric utilities","Combustion turbine","Megawatt hours","210","units","0","v44174729","4.2.6","","..","","","0"
"2024-12","Nova Scotia","2016A000212","Electricity producers, electric utilities","Total electricity production from combustible fuels","Megawatt hours","210","units","0","v1059484842","4.2.11","680134","","","","0"
"2024-12","Nova Scotia","2016A000212","Electricity producers, electric utilities","Total electricity production from non-renewable combustible fuels","Megawatt hours","210","units","0","v1146006340","4.2.12","648117","","","","0"
"2024-12","Nova Scotia","2016A000212","Electricity producers, electric utilities","Total electricity production from biomass","Megawatt hours","210","units","0","v1146006382","4.2.13","32017","","","","0"
"2024-12","Nova Scotia","2016A000212","Electricity producers, electric utilities","Tidal power turbine","Megawatt hours","210","units","0","v44174730","4.2.7","0","","","","0"
"2024-12","Nova Scotia","2016A000212","Electricity producers, electric utilities","Wind power turbine","Megawatt hours","210","units","0","v44174731","4.2.8","164742","","","","0"
"2024-12","Nova Scotia","2016A000212","Electricity producers, electric utilities","Solar","Megawatt hours","210","units","0","v1059484915","4.2.9","120","","","","0"
"2024-12","Nova Scotia","2016A000212","Electricity producers, electric utilities","Other types of electricity generation","Megawatt hours","210","units","0","v1059484815","4.2.10","0","","","","0"
"2024-12","Nova Scotia","2016A000212","Electricity producers, industries","Total all types of electricity generation","Megawatt hours","210","units","0","v44174732","4.3.1","3394","","","","0"
"2024-12","Nova Scotia","2016A000212","Electricity producers, industries","Hydraulic turbine","Megawatt hours","210","units","0","v44174733","4.3.2","","..","","","0"
"2024-12","Nova Scotia","2016A000212","Electricity producers, industries","Conventional steam turbine","Megawatt hours","210","units","0","v44174734","4.3.3","","..","","","0"
"2024-12","Nova Scotia","2016A000212","Electricity producers, industries","Total electricity production from combustible fuels","Megawatt hours","210","units","0","v1059484843","4.3.11","432","","","","0"
"2024-12","Nova Scotia","2016A000212","Electricity producers, industries","Total electricity production from non-renewable combustible fuels","Megawatt hours","210","units","0","v1146006341","4.3.12","0","","","","0"
"2024-12","Nova Scotia","2016A000212","Electricity producers, industries","Total electricity production from biomass","Megawatt hours","210","units","0","v1146006383","4.3.13","432","","","","0"
"2024-12","Nova Scotia","2016A000212","Electricity producers, industries","Tidal power turbine","Megawatt hours","210","units","0","v1059484884","4.3.7","0","","","","0"
"2024-12","Nova Scotia","2016A000212","Electricity producers, industries","Wind power turbine","Megawatt hours","210","units","0","v62460553","4.3.8","2875","","","","0"
"2024-12","Nova Scotia","2016A000212","Electricity producers, industries","Solar","Megawatt hours","210","units","0","v1059484916","4.3.9","87","","","","0"
"2024-12","Nova Scotia","2016A000212","Electricity producers, industries","Other types of electricity generation","Megawatt hours","210","units","0","v1059484816","4.3.10","0","","","","0"
"2025-01","Nova Scotia","2016A000212","Total all classes of electricity producer","Total all types of electricity generation","Megawatt hours","210","units","0","v44174720","4.1.1","1110420","","","","0"
"2025-01","Nova Scotia","2016A000212","Total all classes of electricity producer","Hydraulic turbine","Megawatt hours","210","units","0","v44174721","4.1.2","97622","","","","0"
"2025-01","Nova Scotia","2016A000212","Total all classes of electricity producer","Conventional steam turbine","Megawatt hours","210","units","0","v44174722","4.1.3","","..","","","0"
"2025-01","Nova Scotia","2016A000212","Total all classes of electricity producer","Combustion turbine","Megawatt hours","210","units","0","v44174723","4.1.6","","..","","","0"
"2025-01","Nova Scotia","2016A000212","Total all classes of electricity producer","Total electricity production from combustible fuels","Megawatt hours","210","units","0","v1059484841","4.1.11","843527","","","","0"
"2025-01","Nova Scotia","2016A000212","Total all classes of electricity producer","Total electricity production from non-renewable combustible fuels","Megawatt hours","210","units","0","v1146006339","4.1.12","810007","","","","0"
"2025-01","Nova Scotia","2016A000212","Total all classes of electricity producer","Total electricity production from biomass","Megawatt hours","210","units","0","v1146006381","4.1.13","33520","","","","0"
"2025-01","Nova Scotia","2016A000212","Total all classes of electricity producer","Tidal power turbine","Megawatt hours","210","units","0","v44174724","4.1.7","0","","","","0"
"2025-01","Nova Scotia","2016A000212","Total all classes of electricity producer","Wind power turbine","Megawatt hours","210","units","0","v44174725","4.1.8","169195","","","","0"
"2025-01","Nova Scotia","2016A000212","Total all classes of electricity producer","Solar","Megawatt hours","210","units","0","v1059484914","4.1.9","76","","","","0"
"2025-01","Nova Scotia","2016A000212","Total all classes of electricity producer","Other types of electricity generation","Megawatt hours","210","units","0","v1059484814","4.1.10","0","","","","0"
"2025-01","Nova Scotia","2016A000212","Electricity producers, electric utilities","Total all types of electricity generation","Megawatt hours","210","units","0","v44174726","4.2.1","1106611","","","","0"
"2025-01","Nova Scotia","2016A000212","Electricity producers, electric utilities","Hydraulic turbine","Megawatt hours","210","units","0","v44174727","4.2.2","97622","","","","0"
"2025-01","Nova Scotia","2016A000212","Electricity producers, electric utilities","Conventional steam turbine","Megawatt hours","210","units","0","v44174728","4.2.3","","..","","","0"
"2025-01","Nova Scotia","2016A000212","Electricity producers, electric utilities","Combustion turbine","Megawatt hours","210","units","0","v44174729","4.2.6","","..","","","0"
"2025-01","Nova Scotia","2016A000212","Electricity producers, electric utilities","Total electricity production from combustible fuels","Megawatt hours","210","units","0","v1059484842","4.2.11","843100","","","","0"
"2025-01","Nova Scotia","2016A000212","Electricity producers, electric utilities","Total electricity production from non-renewable combustible fuels","Megawatt hours","210","units","0","v1146006340","4.2.12","810007","","","","0"
"2025-01","Nova Scotia","2016A000212","Electricity producers, electric utilities","Total electricity production from biomass","Megawatt hours","210","units","0","v1146006382","4.2.13","33093","","","","0"
"2025-01","Nova Scotia","2016A000212","Electricity producers, electric utilities","Tidal power turbine","Megawatt hours","210","units","0","v44174730","4.2.7","0","","","","0"
"2025-01","Nova Scotia","2016A000212","Electricity producers, electric utilities","Wind power turbine","Megawatt hours","210","units","0","v44174731","4.2.8","165837","","","","0"
"2025-01","Nova Scotia","2016A000212","Electricity producers, electric utilities","Solar","Megawatt hours","210","units","0","v1059484915","4.2.9","52","","","","0"
"2025-01","Nova Scotia","2016A000212","Electricity producers, electric utilities","Other types of electricity generation","Megawatt hours","210","units","0","v1059484815","4.2.10","0","","","","0"
"2025-01","Nova Scotia","2016A000212","Electricity producers, industries","Total all types of electricity generation","Megawatt hours","210","units","0","v44174732","4.3.1","3809","","","","0"
"2025-01","Nova Scotia","2016A000212","Electricity producers, industries","Hydraulic turbine","Megawatt hours","210","units","0","v44174733","4.3.2","","..","","","0"
"2025-01","Nova Scotia","2016A000212","Electricity producers, industries","Conventional steam turbine","Megawatt hours","210","units","0","v44174734","4.3.3","","..","","","0"
"2025-01","Nova Scotia","2016A000212","Electricity producers, industries","Total electricity production from combustible fuels","Megawatt hours","210","units","0","v1059484843","4.3.11","427","","","","0"
"2025-01","Nova Scotia","2016A000212","Electricity producers, industries","Total electricity production from non-renewable combustible fuels","Megawatt hours","210","units","0","v1146006341","4.3.12","0","","","","0"
"2025-01","Nova Scotia","2016A000212","Electricity producers, industries","Total electricity production from biomass","Megawatt hours","210","units","0","v1146006383","4.3.13","427","","","","0"
"2025-01","Nova Scotia","2016A000212","Electricity producers, industries","Tidal power turbine","Megawatt hours","210","units","0","v1059484884","4.3.7","0","","","","0"
"2025-01","Nova Scotia","2016A000212","Electricity producers, industries","Wind power turbine","Megawatt hours","210","units","0","v62460553","4.3.8","3358","","","","0"
"2025-01","Nova Scotia","2016A000212","Electricity producers, industries","Solar","Megawatt hours","210","units","0","v1059484916","4.3.9","24","","","","0"
"2025-01","Nova Scotia","2016A000212","Electricity producers, industries","Other types of electricity generation","Megawatt hours","210","units","0","v1059484816","4.3.10","0","","","","0"
"2025-02","Nova Scotia","2016A000212","Total all classes of electricity producer","Total all types of electricity generation","Megawatt hours","210","units","0","v44174720","4.1.1","997728","","","","0"
"2025-02","Nova Scotia","2016A000212","Total all classes of electricity producer","Hydraulic turbine","Megawatt hours","210","units","0","v44174721","4.1.2","81582","","","","0"
"2025-02","Nova Scotia","2016A000212","Total all classes of electricity producer","Conventional steam turbine","Megawatt hours","210","units","0","v44174722","4.1.3","","..","","","0"
"2025-02","Nova Scotia","2016A000212","Total all classes of electricity producer","Combustion turbine","Megawatt hours","210","units","0","v44174723","4.1.6","","..","","","0"
"2025-02","Nova Scotia","2016A000212","Total all classes of electricity producer","Total electricity production from combustible fuels","Megawatt hours","210","units","0","v1059484841","4.1.11","766234","","","","0"
"2025-02","Nova Scotia","2016A000212","Total all classes of electricity producer","Total electricity production from non-renewable combustible fuels","Megawatt hours","210","units","0","v1146006339","4.1.12","740289","","","","0"
"2025-02","Nova Scotia","2016A000212","Total all classes of electricity producer","Total electricity production from biomass","Megawatt hours","210","units","0","v1146006381","4.1.13","25945","","","","0"
"2025-02","Nova Scotia","2016A000212","Total all classes of electricity producer","Tidal power turbine","Megawatt hours","210","units","0","v44174724","4.1.7","0","","","","0"
"2025-02","Nova Scotia","2016A000212","Total all classes of electricity producer","Wind power turbine","Megawatt hours","210","units","0","v44174725","4.1.8","149735","","","","0"
"2025-02","Nova Scotia","2016A000212","Total all classes of electricity producer","Solar","Megawatt hours","210","units","0","v1059484914","4.1.9","177","","","","0"
"2025-02","Nova Scotia","2016A000212","Total all classes of electricity producer","Other types of electricity generation","Megawatt hours","210","units","0","v1059484814","4.1.10","0","","","","0"
"2025-02","Nova Scotia","2016A000212","Electricity producers, electric utilities","Total all types of electricity generation","Megawatt hours","210","units","0","v44174726","4.2.1","994044","","","","0"
"2025-02","Nova Scotia","2016A000212","Electricity producers, electric utilities","Hydraulic turbine","Megawatt hours","210","units","0","v44174727","4.2.2","81582","","","","0"
"2025-02","Nova Scotia","2016A000212","Electricity producers, electric utilities","Conventional steam turbine","Megawatt hours","210","units","0","v44174728","4.2.3","","..","","","0"
"2025-02","Nova Scotia","2016A000212","Electricity producers, electric utilities","Combustion turbine","Megawatt hours","210","units","0","v44174729","4.2.6","","..","","","0"
"2025-02","Nova Scotia","2016A000212","Electricity producers, electric utilities","Total electricity production from combustible fuels","Megawatt hours","210","units","0","v1059484842","4.2.11","765870","","","","0"
"2025-02","Nova Scotia","2016A000212","Electricity producers, electric utilities","Total electricity production from non-renewable combustible fuels","Megawatt hours","210","units","0","v1146006340","4.2.12","740289","","","","0"
"2025-02","Nova Scotia","2016A000212","Electricity producers, electric utilities","Total electricity production from biomass","Megawatt hours","210","units","0","v1146006382","4.2.13","25581","","","","0"
"2025-02","Nova Scotia","2016A000212","Electricity producers, electric utilities","Tidal power turbine","Megawatt hours","210","units","0","v44174730","4.2.7","0","","","","0"
"2025-02","Nova Scotia","2016A000212","Electricity producers, electric utilities","Wind power turbine","Megawatt hours","210","units","0","v44174731","4.2.8","146445","","","","0"
"2025-02","Nova Scotia","2016A000212","Electricity producers, electric utilities","Solar","Megawatt hours","210","units","0","v1059484915","4.2.9","147","","","","0"
"2025-02","Nova Scotia","2016A000212","Electricity producers, electric utilities","Other types of electricity generation","Megawatt hours","210","units","0","v1059484815","4.2.10","0","","","","0"
"2025-02","Nova Scotia","2016A000212","Electricity producers, industries","Total all types of electricity generation","Megawatt hours","210","units","0","v44174732","4.3.1","3684","","","","0"
"2025-02","Nova Scotia","2016A000212","Electricity producers, industries","Hydraulic turbine","Megawatt hours","210","units","0","v44174733","4.3.2","","..","","","0"
"2025-02","Nova Scotia","2016A000212","Electricity producers, industries","Conventional steam turbine","Megawatt hours","210","units","0","v44174734","4.3.3","","..","","","0"
"2025-02","Nova Scotia","2016A000212","Electricity producers, industries","Total electricity production from combustible fuels","Megawatt hours","210","units","0","v1059484843","4.3.11","364","","","","0"
"2025-02","Nova Scotia","2016A000212","Electricity producers, industries","Total electricity production from non-renewable combustible fuels","Megawatt hours","210","units","0","v1146006341","4.3.12","0","","","","0"
"2025-02","Nova Scotia","2016A000212","Electricity producers, industries","Total electricity production from biomass","Megawatt hours","210","units","0","v1146006383","4.3.13","364","","","","0"
"2025-02","Nova Scotia","2016A000212","Electricity producers, industries","Tidal power turbine","Megawatt hours","210","units","0","v1059484884","4.3.7","0","","","","0"
"2025-02","Nova Scotia","2016A000212","Electricity producers, industries","Wind power turbine","Megawatt hours","210","units","0","v62460553","4.3.8","3290","","","","0"
"2025-02","Nova Scotia","2016A000212","Electricity producers, industries","Solar","Megawatt hours","210","units","0","v1059484916","4.3.9","30","","","","0"
"2025-02","Nova Scotia","2016A000212","Electricity producers, industries","Other types of electricity generation","Megawatt hours","210","units","0","v1059484816","4.3.10","0","","","","0"
"2025-03","Nova Scotia","2016A000212","Total all classes of electricity producer","Total all types of electricity generation","Megawatt hours","210","units","0","v44174720","4.1.1","828549","","","","0"
"2025-03","Nova Scotia","2016A000212","Total all classes of electricity producer","Hydraulic turbine","Megawatt hours","210","units","0","v44174721","4.1.2","74392","","","","0"
"2025-03","Nova Scotia","2016A000212","Total all classes of electricity producer","Conventional steam turbine","Megawatt hours","210","units","0","v44174722","4.1.3","","..","","","0"
"2025-03","Nova Scotia","2016A000212","Total all classes of electricity producer","Combustion turbine","Megawatt hours","210","units","0","v44174723","4.1.6","","..","","","0"
"2025-03","Nova Scotia","2016A000212","Total all classes of electricity producer","Total electricity production from combustible fuels","Megawatt hours","210","units","0","v1059484841","4.1.11","580383","","","","0"
"2025-03","Nova Scotia","2016A000212","Total all classes of electricity producer","Total electricity production from non-renewable combustible fuels","Megawatt hours","210","units","0","v1146006339","4.1.12","540820","","","","0"
"2025-03","Nova Scotia","2016A000212","Total all classes of electricity producer","Total electricity production from biomass","Megawatt hours","210","units","0","v1146006381","4.1.13","39563","","","","0"
"2025-03","Nova Scotia","2016A000212","Total all classes of electricity producer","Tidal power turbine","Megawatt hours","210","units","0","v44174724","4.1.7","0","","","","0"
"2025-03","Nova Scotia","2016A000212","Total all classes of electricity producer","Wind power turbine","Megawatt hours","210","units","0","v44174725","4.1.8","173518","","","","0"
"2025-03","Nova Scotia","2016A000212","Total all classes of electricity producer","Solar","Megawatt hours","210","units","0","v1059484914","4.1.9","256","","","","0"
"2025-03","Nova Scotia","2016A000212","Total all classes of electricity producer","Other types of electricity generation","Megawatt hours","210","units","0","v1059484814","4.1.10","0","","","","0"
"2025-03","Nova Scotia","2016A000212","Electricity producers, electric utilities","Total all types of electricity generation","Megawatt hours","210","units","0","v44174726","4.2.1","825230","","","","0"
"2025-03","Nova Scotia","2016A000212","Electricity producers, electric utilities","Hydraulic turbine","Megawatt hours","210","units","0","v44174727","4.2.2","74392","","","","0"
"2025-03","Nova Scotia","2016A000212","Electricity producers, electric utilities","Conventional steam turbine","Megawatt hours","210","units","0","v44174728","4.2.3","","..","","","0"
"2025-03","Nova Scotia","2016A000212","Electricity producers, electric utilities","Combustion turbine","Megawatt hours","210","units","0","v44174729","4.2.6","","..","","","0"
"2025-03","Nova Scotia","2016A000212","Electricity producers, electric utilities","Total electricity production from combustible fuels","Megawatt hours","210","units","0","v1059484842","4.2.11","579990","","","","0"
"2025-03","Nova Scotia","2016A000212","Electricity producers, electric utilities","Total electricity production from non-renewable combustible fuels","Megawatt hours","210","units","0","v1146006340","4.2.12","540820","","","","0"
"2025-03","Nova Scotia","2016A000212","Electricity producers, electric utilities","Total electricity production from biomass","Megawatt hours","210","units","0","v1146006382","4.2.13","39170","","","","0"
"2025-03","Nova Scotia","2016A000212","Electricity producers, electric utilities","Tidal power turbine","Megawatt hours","210","units","0","v44174730","4.2.7","0","","","","0"
"2025-03","Nova Scotia","2016A000212","Electricity producers, electric utilities","Wind power turbine","Megawatt hours","210","units","0","v44174731","4.2.8","170632","","","","0"
"2025-03","Nova Scotia","2016A000212","Electricity producers, electric utilities","Solar","Megawatt hours","210","units","0","v1059484915","4.2.9","216","","","","0"
"2025-03","Nova Scotia","2016A000212","Electricity producers, electric utilities","Other types of electricity generation","Megawatt hours","210","units","0","v1059484815","4.2.10","0","","","","0"
"2025-03","Nova Scotia","2016A000212","Electricity producers, industries","Total all types of electricity generation","Megawatt hours","210","units","0","v44174732","4.3.1","3319","","","","0"
"2025-03","Nova Scotia","2016A000212","Electricity producers, industries","Hydraulic turbine","Megawatt hours","210","units","0","v44174733","4.3.2","","..","","","0"
"2025-03","Nova Scotia","2016A000212","Electricity producers, industries","Conventional steam turbine","Megawatt hours","210","units","0","v44174734","4.3.3","","..","","","0"
"2025-03","Nova Scotia","2016A000212","Electricity producers, industries","Total electricity production from combustible fuels","Megawatt hours","210","units","0","v1059484843","4.3.11","393","","","","0"
"2025-03","Nova Scotia","2016A000212","Electricity producers, industries","Total electricity production from non-renewable combustible fuels","Megawatt hours","210","units","0","v1146006341","4.3.12","0","","","","0"
"2025-03","Nova Scotia","2016A000212","Electricity producers, industries","Total electricity production from biomass","Megawatt hours","210","units","0","v1146006383","4.3.13","393","","","","0"
"2025-03","Nova Scotia","2016A000212","Electricity producers, industries","Tidal power turbine","Megawatt hours","210","units","0","v1059484884","4.3.7","0","","","","0"
"2025-03","Nova Scotia","2016A000212","Electricity producers, industries","Wind power turbine","Megawatt hours","210","units","0","v62460553","4.3.8","2886","","","","0"
"2025-03","Nova Scotia","2016A000212","Electricity producers, industries","Solar","Megawatt hours","210","units","0","v1059484916","4.3.9","40","","","","0"
"2025-03","Nova Scotia","2016A000212","Electricity producers, industries","Other types of electricity generation","Megawatt hours","210","units","0","v1059484816","4.3.10","0","","","","0"
"2025-04","Nova Scotia","2016A000212","Total all classes of electricity producer","Total all types of electricity generation","Megawatt hours","210","units","0","v44174720","4.1.1","758232","","","","0"
"2025-04","Nova Scotia","2016A000212","Total all classes of electricity producer","Hydraulic turbine","Megawatt hours","210","units","0","v44174721","4.1.2","113668","","","","0"
"2025-04","Nova Scotia","2016A000212","Total all classes of electricity producer","Conventional steam turbine","Megawatt hours","210","units","0","v44174722","4.1.3","","..","","","0"
"2025-04","Nova Scotia","2016A000212","Total all classes of electricity producer","Combustion turbine","Megawatt hours","210","units","0","v44174723","4.1.6","","..","","","0"
"2025-04","Nova Scotia","2016A000212","Total all classes of electricity producer","Total electricity production from combustible fuels","Megawatt hours","210","units","0","v1059484841","4.1.11","487300","","","","0"
"2025-04","Nova Scotia","2016A000212","Total all classes of electricity producer","Total electricity production from non-renewable combustible fuels","Megawatt hours","210","units","0","v1146006339","4.1.12","447888","","","","0"
"2025-04","Nova Scotia","2016A000212","Total all classes of electricity producer","Total electricity production from biomass","Megawatt hours","210","units","0","v1146006381","4.1.13","39412","","","","0"
"2025-04","Nova Scotia","2016A000212","Total all classes of electricity producer","Tidal power turbine","Megawatt hours","210","units","0","v44174724","4.1.7","0","","","","0"
"2025-04","Nova Scotia","2016A000212","Total all classes of electricity producer","Wind power turbine","Megawatt hours","210","units","0","v44174725","4.1.8","156954","","","","0"
"2025-04","Nova Scotia","2016A000212","Total all classes of electricity producer","Solar","Megawatt hours","210","units","0","v1059484914","4.1.9","310","","","","0"
"2025-04","Nova Scotia","2016A000212","Total all classes of electricity producer","Other types of electricity generation","Megawatt hours","210","units","0","v1059484814","4.1.10","0","","","","0"
"2025-04","Nova Scotia","2016A000212","Electricity producers, electric utilities","Total all types of electricity generation","Megawatt hours","210","units","0","v44174726","4.2.1","755061","","","","0"
"2025-04","Nova Scotia","2016A000212","Electricity producers, electric utilities","Hydraulic turbine","Megawatt hours","210","units","0","v44174727","4.2.2","113668","","","","0"
"2025-04","Nova Scotia","2016A000212","Electricity producers, electric utilities","Conventional steam turbine","Megawatt hours","210","units","0","v44174728","4.2.3","","..","","","0"
"2025-04","Nova Scotia","2016A000212","Electricity producers, electric utilities","Combustion turbine","Megawatt hours","210","units","0","v44174729","4.2.6","","..","","","0"
"2025-04","Nova Scotia","2016A000212","Electricity producers, electric utilities","Total electricity production from combustible fuels","Megawatt hours","210","units","0","v1059484842","4.2.11","486987","","","","0"
"2025-04","Nova Scotia","2016A000212","Electricity producers, electric utilities","Total electricity production from non-renewable combustible fuels","Megawatt hours","210","units","0","v1146006340","4.2.12","447888","","","","0"
"2025-04","Nova Scotia","2016A000212","Electricity producers, electric utilities","Total electricity production from biomass","Megawatt hours","210","units","0","v1146006382","4.2.13","39099","","","","0"
"2025-04","Nova Scotia","2016A000212","Electricity producers, electric utilities","Tidal power turbine","Megawatt hours","210","units","0","v44174730","4.2.7","0","","","","0"
"2025-04","Nova Scotia","2016A000212","Electricity producers, electric utilities","Wind power turbine","Megawatt hours","210","units","0","v44174731","4.2.8","154160","","","","0"
"2025-04","Nova Scotia","2016A000212","Electricity producers, electric utilities","Solar","Megawatt hours","210","units","0","v1059484915","4.2.9","246","","","","0"
"2025-04","Nova Scotia","2016A000212","Electricity producers, electric utilities","Other types of electricity generation","Megawatt hours","210","units","0","v1059484815","4.2.10","0","","","","0"
"2025-04","Nova Scotia","2016A000212","Electricity producers, industries","Total all types of electricity generation","Megawatt hours","210","units","0","v44174732","4.3.1","3171","","","","0"
"2025-04","Nova Scotia","2016A000212","Electricity producers, industries","Hydraulic turbine","Megawatt hours","210","units","0","v44174733","4.3.2","","..","","","0"
"2025-04","Nova Scotia","2016A000212","Electricity producers, industries","Conventional steam turbine","Megawatt hours","210","units","0","v44174734","4.3.3","","..","","","0"
"2025-04","Nova Scotia","2016A000212","Electricity producers, industries","Total electricity production from combustible fuels","Megawatt hours","210","units","0","v1059484843","4.3.11","313","","","","0"
"2025-04","Nova Scotia","2016A000212","Electricity producers, industries","Total electricity production from non-renewable combustible fuels","Megawatt hours","210","units","0","v1146006341","4.3.12","0","","","","0"
"2025-04","Nova Scotia","2016A000212","Electricity producers, industries","Total electricity production from biomass","Megawatt hours","210","units","0","v1146006383","4.3.13","313","","","","0"
"2025-04","Nova Scotia","2016A000212","Electricity producers, industries","Tidal power turbine","Megawatt hours","210","units","0","v1059484884","4.3.7","0","","","","0"
"2025-04","Nova Scotia","2016A000212","Electricity producers, industries","Wind power turbine","Megawatt hours","210","units","0","v62460553","4.3.8","2794","","","","0"
"2025-04","Nova Scotia","2016A000212","Electricity producers, industries","Solar","Megawatt hours","210","units","0","v1059484916","4.3.9","64","","","","0"
"2025-04","Nova Scotia","2016A000212","Electricity producers, industries","Other types of electricity generation","Megawatt hours","210","units","0","v1059484816","4.3.10","0","","","","0"
"2025-05","Nova Scotia","2016A000212","Total all classes of electricity producer","Total all types of electricity generation","Megawatt hours","210","units","0","v44174720","4.1.1","510236","","","","0"
"2025-05","Nova Scotia","2016A000212","Total all classes of electricity producer","Hydraulic turbine","Megawatt hours","210","units","0","v44174721","4.1.2","96093","","","","0"
"2025-05","Nova Scotia","2016A000212","Total all classes of electricity producer","Conventional steam turbine","Megawatt hours","210","units","0","v44174722","4.1.3","","..","","","0"
"2025-05","Nova Scotia","2016A000212","Total all classes of electricity producer","Combustion turbine","Megawatt hours","210","units","0","v44174723","4.1.6","","..","","","0"
"2025-05","Nova Scotia","2016A000212","Total all classes of electricity producer","Total electricity production from combustible fuels","Megawatt hours","210","units","0","v1059484841","4.1.11","282417","","","","0"
"2025-05","Nova Scotia","2016A000212","Total all classes of electricity producer","Total electricity production from non-renewable combustible fuels","Megawatt hours","210","units","0","v1146006339","4.1.12","251363","","","","0"
"2025-05","Nova Scotia","2016A000212","Total all classes of electricity producer","Total electricity production from biomass","Megawatt hours","210","units","0","v1146006381","4.1.13","31054","","","","0"
"2025-05","Nova Scotia","2016A000212","Total all classes of electricity producer","Tidal power turbine","Megawatt hours","210","units","0","v44174724","4.1.7","0","","","","0"
"2025-05","Nova Scotia","2016A000212","Total all classes of electricity producer","Wind power turbine","Megawatt hours","210","units","0","v44174725","4.1.8","131370","","","","0"
"2025-05","Nova Scotia","2016A000212","Total all classes of electricity producer","Solar","Megawatt hours","210","units","0","v1059484914","4.1.9","356","","","","0"
"2025-05","Nova Scotia","2016A000212","Total all classes of electricity producer","Other types of electricity generation","Megawatt hours","210","units","0","v1059484814","4.1.10","0","","","","0"
"2025-05","Nova Scotia","2016A000212","Electricity producers, electric utilities","Total all types of electricity generation","Megawatt hours","210","units","0","v44174726","4.2.1","507543","","","","0"
"2025-05","Nova Scotia","2016A000212","Electricity producers, electric utilities","Hydraulic turbine","Megawatt hours","210","units","0","v44174727","4.2.2","96093","","","","0"
"2025-05","Nova Scotia","2016A000212","Electricity producers, electric utilities","Conventional steam turbine","Megawatt hours","210","units","0","v44174728","4.2.3","","..","","","0"
"2025-05","Nova Scotia","2016A000212","Electricity producers, electric utilities","Combustion turbine","Megawatt hours","210","units","0","v44174729","4.2.6","","..","","","0"
"2025-05","Nova Scotia","2016A000212","Electricity producers, electric utilities","Total electricity production from combustible fuels","Megawatt hours","210","units","0","v1059484842","4.2.11","282072","","","","0"
"2025-05","Nova Scotia","2016A000212","Electricity producers, electric utilities","Total electricity production from non-renewable combustible fuels","Megawatt hours","210","units","0","v1146006340","4.2.12","251363","","","","0"
"2025-05","Nova Scotia","2016A000212","Electricity producers, electric utilities","Total electricity production from biomass","Megawatt hours","210","units","0","v1146006382","4.2.13","30709","","","","0"
"2025-05","Nova Scotia","2016A000212","Electricity producers, electric utilities","Tidal power turbine","Megawatt hours","210","units","0","v44174730","4.2.7","0","","","","0"
"2025-05","Nova Scotia","2016A000212","Electricity producers, electric utilities","Wind power turbine","Megawatt hours","210","units","0","v44174731","4.2.8","129099","","","","0"
"2025-05","Nova Scotia","2016A000212","Electricity producers, electric utilities","Solar","Megawatt hours","210","units","0","v1059484915","4.2.9","279","","","","0"
"2025-05","Nova Scotia","2016A000212","Electricity producers, electric utilities","Other types of electricity generation","Megawatt hours","210","units","0","v1059484815","4.2.10","0","","","","0"
"2025-05","Nova Scotia","2016A000212","Electricity producers, industries","Total all types of electricity generation","Megawatt hours","210","units","0","v44174732","4.3.1","2693","","","","0"
"2025-05","Nova Scotia","2016A000212","Electricity producers, industries","Hydraulic turbine","Megawatt hours","210","units","0","v44174733","4.3.2","","..","","","0"
"2025-05","Nova Scotia","2016A000212","Electricity producers, industries","Conventional steam turbine","Megawatt hours","210","units","0","v44174734","4.3.3","","..","","","0"
"2025-05","Nova Scotia","2016A000212","Electricity producers, industries","Total electricity production from combustible fuels","Megawatt hours","210","units","0","v1059484843","4.3.11","345","","","","0"
"2025-05","Nova Scotia","2016A000212","Electricity producers, industries","Total electricity production from non-renewable combustible fuels","Megawatt hours","210","units","0","v1146006341","4.3.12","0","","","","0"
"2025-05","Nova Scotia","2016A000212","Electricity producers, industries","Total electricity production from biomass","Megawatt hours","210","units","0","v1146006383","4.3.13","345","","","","0"
"2025-05","Nova Scotia","2016A000212","Electricity producers, industries","Tidal power turbine","Megawatt hours","210","units","0","v1059484884","4.3.7","0","","","","0"
"2025-05","Nova Scotia","2016A000212","Electricity producers, industries","Wind power turbine","Megawatt hours","210","units","0","v62460553","4.3.8","2271","","","","0"
"2025-05","Nova Scotia","2016A000212","Electricity producers, industries","Solar","Megawatt hours","210","units","0","v1059484916","4.3.9","77","","","","0"
"2025-05","Nova Scotia","2016A000212","Electricity producers, industries","Other types of electricity generation","Megawatt hours","210","units","0","v1059484816","4.3.10","0","","","","0"
"2025-06","Nova Scotia","2016A000212","Total all classes of electricity producer","Total all types of electricity generation","Megawatt hours","210","units","0","v44174720","4.1.1","484117","","","","0"
"2025-06","Nova Scotia","2016A000212","Total all classes of electricity producer","Hydraulic turbine","Megawatt hours","210","units","0","v44174721","4.1.2","53861","","","","0"
"2025-06","Nova Scotia","2016A000212","Total all classes of electricity producer","Conventional steam turbine","Megawatt hours","210","units","0","v44174722","4.1.3","","..","","","0"
"2025-06","Nova Scotia","2016A000212","Total all classes of electricity producer","Combustion turbine","Megawatt hours","210","units","0","v44174723","4.1.6","","..","","","0"
"2025-06","Nova Scotia","2016A000212","Total all classes of electricity producer","Total electricity production from combustible fuels","Megawatt hours","210","units","0","v1059484841","4.1.11","306047","","","","0"
"2025-06","Nova Scotia","2016A000212","Total all classes of electricity producer","Total electricity production from non-renewable combustible fuels","Megawatt hours","210","units","0","v1146006339","4.1.12","292565","","","","0"
"2025-06","Nova Scotia","2016A000212","Total all classes of electricity producer","Total electricity production from biomass","Megawatt hours","210","units","0","v1146006381","4.1.13","13482","","","","0"
"2025-06","Nova Scotia","2016A000212","Total all classes of electricity producer","Tidal power turbine","Megawatt hours","210","units","0","v44174724","4.1.7","0","","","","0"
"2025-06","Nova Scotia","2016A000212","Total all classes of electricity producer","Wind power turbine","Megawatt hours","210","units","0","v44174725","4.1.8","123801","","","","0"
"2025-06","Nova Scotia","2016A000212","Total all classes of electricity producer","Solar","Megawatt hours","210","units","0","v1059484914","4.1.9","408","","","","0"
"2025-06","Nova Scotia","2016A000212","Total all classes of electricity producer","Other types of electricity generation","Megawatt hours","210","units","0","v1059484814","4.1.10","0","","","","0"
"2025-06","Nova Scotia","2016A000212","Electricity producers, electric utilities","Total all types of electricity generation","Megawatt hours","210","units","0","v44174726","4.2.1","482261","","","","0"
"2025-06","Nova Scotia","2016A000212","Electricity producers, electric utilities","Hydraulic turbine","Megawatt hours","210","units","0","v44174727","4.2.2","53861","","","","0"
"2025-06","Nova Scotia","2016A000212","Electricity producers, electric utilities","Conventional steam turbine","Megawatt hours","210","units","0","v44174728","4.2.3","","..","","","0"
"2025-06","Nova Scotia","2016A000212","Electricity producers, electric utilities","Combustion turbine","Megawatt hours","210","units","0","v44174729","4.2.6","","..","","","0"
"2025-06","Nova Scotia","2016A000212","Electricity producers, electric utilities","Total electricity production from combustible fuels","Megawatt hours","210","units","0","v1059484842","4.2.11","305775","","","","0"
"2025-06","Nova Scotia","2016A000212","Electricity producers, electric utilities","Total electricity production from non-renewable combustible fuels","Megawatt hours","210","units","0","v1146006340","4.2.12","292565","","","","0"
"2025-06","Nova Scotia","2016A000212","Electricity producers, electric utilities","Total electricity production from biomass","Megawatt hours","210","units","0","v1146006382","4.2.13","13210","","","","0"
"2025-06","Nova Scotia","2016A000212","Electricity producers, electric utilities","Tidal power turbine","Megawatt hours","210","units","0","v44174730","4.2.7","0","","","","0"
"2025-06","Nova Scotia","2016A000212","Electricity producers, electric utilities","Wind power turbine","Megawatt hours","210","units","0","v44174731","4.2.8","122301","","","","0"
"2025-06","Nova Scotia","2016A000212","Electricity producers, electric utilities","Solar","Megawatt hours","210","units","0","v1059484915","4.2.9","324","","","","0"
"2025-06","Nova Scotia","2016A000212","Electricity producers, electric utilities","Other types of electricity generation","Megawatt hours","210","units","0","v1059484815","4.2.10","0","","","","0"
"2025-06","Nova Scotia","2016A000212","Electricity producers, industries","Total all types of electricity generation","Megawatt hours","210","units","0","v44174732","4.3.1","1856","","","","0"
"2025-06","Nova Scotia","2016A000212","Electricity producers, industries","Hydraulic turbine","Megawatt hours","210","units","0","v44174733","4.3.2","","..","","","0"
"2025-06","Nova Scotia","2016A000212","Electricity producers, industries","Conventional steam turbine","Megawatt hours","210","units","0","v44174734","4.3.3","","..","","","0"
"2025-06","Nova Scotia","2016A000212","Electricity producers, industries","Total electricity production from combustible fuels","Megawatt hours","210","units","0","v1059484843","4.3.11","272","","","","0"
"2025-06","Nova Scotia","2016A000212","Electricity producers, industries","Total electricity production from non-renewable combustible fuels","Megawatt hours","210","units","0","v1146006341","4.3.12","0","","","","0"
"2025-06","Nova Scotia","2016A000212","Electricity producers, industries","Total electricity production from biomass","Megawatt hours","210","units","0","v1146006383","4.3.13","272","","","","0"
"2025-06","Nova Scotia","2016A000212","Electricity producers, industries","Tidal power turbine","Megawatt hours","210","units","0","v1059484884","4.3.7","0","","","","0"
"2025-06","Nova Scotia","2016A000212","Electricity producers, industries","Wind power turbine","Megawatt hours","210","units","0","v62460553","4.3.8","1500","","","","0"
"2025-06","Nova Scotia","2016A000212","Electricity producers, industries","Solar","Megawatt hours","210","units","0","v1059484916","4.3.9","84","","","","0"
"2025-06","Nova Scotia","2016A000212","Electricity producers, industries","Other types of electricity generation","Megawatt hours","210","units","0","v1059484816","4.3.10","0","","","","0"
"2025-07","Nova Scotia","2016A000212","Total all classes of electricity producer","Total all types of electricity generation","Megawatt hours","210","units","0","v44174720","4.1.1","588586","","","","0"
"2025-07","Nova Scotia","2016A000212","Total all classes of electricity producer","Hydraulic turbine","Megawatt hours","210","units","0","v44174721","4.1.2","20943","","","","0"
"2025-07","Nova Scotia","2016A000212","Total all classes of electricity producer","Conventional steam turbine","Megawatt hours","210","units","0","v44174722","4.1.3","","..","","","0"
"2025-07","Nova Scotia","2016A000212","Total all classes of electricity producer","Combustion turbine","Megawatt hours","210","units","0","v44174723","4.1.6","","..","","","0"
"2025-07","Nova Scotia","2016A000212","Total all classes of electricity producer","Total electricity production from combustible fuels","Megawatt hours","210","units","0","v1059484841","4.1.11","465436","","","","0"
"2025-07","Nova Scotia","2016A000212","Total all classes of electricity producer","Total electricity production from non-renewable combustible fuels","Megawatt hours","210","units","0","v1146006339","4.1.12","447941","","","","0"
"2025-07","Nova Scotia","2016A000212","Total all classes of electricity producer","Total electricity production from biomass","Megawatt hours","210","units","0","v1146006381","4.1.13","17495","","","","0"
"2025-07","Nova Scotia","2016A000212","Total all classes of electricity producer","Tidal power turbine","Megawatt hours","210","units","0","v44174724","4.1.7","0","","","","0"
"2025-07","Nova Scotia","2016A000212","Total all classes of electricity producer","Wind power turbine","Megawatt hours","210","units","0","v44174725","4.1.8","101823","","","","0"
"2025-07","Nova Scotia","2016A000212","Total all classes of electricity producer","Solar","Megawatt hours","210","units","0","v1059484914","4.1.9","384","","","","0"
"2025-07","Nova Scotia","2016A000212","Total all classes of electricity producer","Other types of electricity generation","Megawatt hours","210","units","0","v1059484814","4.1.10","0","","","","0"
"2025-07","Nova Scotia","2016A000212","Electricity producers, electric utilities","Total all types of electricity generation","Megawatt hours","210","units","0","v44174726","4.2.1","586534","","","","0"
"2025-07","Nova Scotia","2016A000212","Electricity producers, electric utilities","Hydraulic turbine","Megawatt hours","210","units","0","v44174727","4.2.2","20943","","","","0"
"2025-07","Nova Scotia","2016A000212","Electricity producers, electric utilities","Conventional steam turbine","Megawatt hours","210","units","0","v44174728","4.2.3","","..","","","0"
"2025-07","Nova Scotia","2016A000212","Electricity producers, electric utilities","Combustion turbine","Megawatt hours","210","units","0","v44174729","4.2.6","","..","","","0"
"2025-07","Nova Scotia","2016A000212","Electricity producers, electric utilities","Total electricity production from combustible fuels","Megawatt hours","210","units","0","v1059484842","4.2.11","465002","","","","0"
"2025-07","Nova Scotia","2016A000212","Electricity producers, electric utilities","Total electricity production from non-renewable combustible fuels","Megawatt hours","210","units","0","v1146006340","4.2.12","447941","","","","0"
"2025-07","Nova Scotia","2016A000212","Electricity producers, electric utilities","Total electricity production from biomass","Megawatt hours","210","units","0","v1146006382","4.2.13","17061","","","","0"
"2025-07","Nova Scotia","2016A000212","Electricity producers, electric utilities","Tidal power turbine","Megawatt hours","210","units","0","v44174730","4.2.7","0","","","","0"
"2025-07","Nova Scotia","2016A000212","Electricity producers, electric utilities","Wind power turbine","Megawatt hours","210","units","0","v44174731","4.2.8","100283","","","","0"
"2025-07","Nova Scotia","2016A000212","Electricity producers, electric utilities","Solar","Megawatt hours","210","units","0","v1059484915","4.2.9","306","","","","0"
"2025-07","Nova Scotia","2016A000212","Electricity producers, electric utilities","Other types of electricity generation","Megawatt hours","210","units","0","v1059484815","4.2.10","0","","","","0"
"2025-07","Nova Scotia","2016A000212","Electricity producers, industries","Total all types of electricity generation","Megawatt hours","210","units","0","v44174732","4.3.1","2052","","","","0"
"2025-07","Nova Scotia","2016A000212","Electricity producers, industries","Hydraulic turbine","Megawatt hours","210","units","0","v44174733","4.3.2","","..","","","0"
"2025-07","Nova Scotia","2016A000212","Electricity producers, industries","Conventional steam turbine","Megawatt hours","210","units","0","v44174734","4.3.3","","..","","","0"
"2025-07","Nova Scotia","2016A000212","Electricity producers, industries","Total electricity production from combustible fuels","Megawatt hours","210","units","0","v1059484843","4.3.11","434","","","","0"
"2025-07","Nova Scotia","2016A000212","Electricity producers, industries","Total electricity production from non-renewable combustible fuels","Megawatt hours","210","units","0","v1146006341","4.3.12","0","","","","0"
"2025-07","Nova Scotia","2016A000212","Electricity producers, industries","Total electricity production from biomass","Megawatt hours","210","units","0","v1146006383","4.3.13","434","","","","0"
"2025-07","Nova Scotia","2016A000212","Electricity producers, industries","Tidal power turbine","Megawatt hours","210","units","0","v1059484884","4.3.7","0","","","","0"
"2025-07","Nova Scotia","2016A000212","Electricity producers, industries","Wind power turbine","Megawatt hours","210","units","0","v62460553","4.3.8","1540","","","","0"
"2025-07","Nova Scotia","2016A000212","Electricity producers, industries","Solar","Megawatt hours","210","units","0","v1059484916","4.3.9","78","","","","0"
"2025-07","Nova Scotia","2016A000212","Electricity producers, industries","Other types of electricity generation","Megawatt hours","210","units","0","v1059484816","4.3.10","0","","","","0"
"2025-08","Nova Scotia","2016A000212","Total all classes of electricity producer","Total all types of electricity generation","Megawatt hours","210","units","0","v44174720","4.1.1","621026","","","","0"
"2025-08","Nova Scotia","2016A000212","Total all classes of electricity producer","Hydraulic turbine","Megawatt hours","210","units","0","v44174721","4.1.2","7771","","","","0"
"2025-08","Nova Scotia","2016A000212","Total all classes of electricity producer","Conventional steam turbine","Megawatt hours","210","units","0","v44174722","4.1.3","","..","","","0"
"2025-08","Nova Scotia","2016A000212","Total all classes of electricity producer","Combustion turbine","Megawatt hours","210","units","0","v44174723","4.1.6","","..","","","0"
"2025-08","Nova Scotia","2016A000212","Total all classes of electricity producer","Total electricity production from combustible fuels","Megawatt hours","210","units","0","v1059484841","4.1.11","510056","","","","0"
"2025-08","Nova Scotia","2016A000212","Total all classes of electricity producer","Total electricity production from non-renewable combustible fuels","Megawatt hours","210","units","0","v1146006339","4.1.12","471754","","","","0"
"2025-08","Nova Scotia","2016A000212","Total all classes of electricity producer","Total electricity production from biomass","Megawatt hours","210","units","0","v1146006381","4.1.13","38302","","","","0"
"2025-08","Nova Scotia","2016A000212","Total all classes of electricity producer","Tidal power turbine","Megawatt hours","210","units","0","v44174724","4.1.7","0","","","","0"
"2025-08","Nova Scotia","2016A000212","Total all classes of electricity producer","Wind power turbine","Megawatt hours","210","units","0","v44174725","4.1.8","102833","","","","0"
"2025-08","Nova Scotia","2016A000212","Total all classes of electricity producer","Solar","Megawatt hours","210","units","0","v1059484914","4.1.9","366","","","","0"
"2025-08","Nova Scotia","2016A000212","Total all classes of electricity producer","Other types of electricity generation","Megawatt hours","210","units","0","v1059484814","4.1.10","0","","","","0"
"2025-08","Nova Scotia","2016A000212","Electricity producers, electric utilities","Total all types of electricity generation","Megawatt hours","210","units","0","v44174726","4.2.1","619156","","","","0"
"2025-08","Nova Scotia","2016A000212","Electricity producers, electric utilities","Hydraulic turbine","Megawatt hours","210","units","0","v44174727","4.2.2","7771","","","","0"
"2025-08","Nova Scotia","2016A000212","Electricity producers, electric utilities","Conventional steam turbine","Megawatt hours","210","units","0","v44174728","4.2.3","","..","","","0"
"2025-08","Nova Scotia","2016A000212","Electricity producers, electric utilities","Combustion turbine","Megawatt hours","210","units","0","v44174729","4.2.6","","..","","","0"
"2025-08","Nova Scotia","2016A000212","Electricity producers, electric utilities","Total electricity production from combustible fuels","Megawatt hours","210","units","0","v1059484842","4.2.11","509662","","","","0"
"2025-08","Nova Scotia","2016A000212","Electricity producers, electric utilities","Total electricity production from non-renewable combustible fuels","Megawatt hours","210","units","0","v1146006340","4.2.12","471754","","","","0"
"2025-08","Nova Scotia","2016A000212","Electricity producers, electric utilities","Total electricity production from biomass","Megawatt hours","210","units","0","v1146006382","4.2.13","37908","","","","0"
"2025-08","Nova Scotia","2016A000212","Electricity producers, electric utilities","Tidal power turbine","Megawatt hours","210","units","0","v44174730","4.2.7","0","","","","0"
"2025-08","Nova Scotia","2016A000212","Electricity producers, electric utilities","Wind power turbine","Megawatt hours","210","units","0","v44174731","4.2.8","101435","","","","0"
"2025-08","Nova Scotia","2016A000212","Electricity producers, electric utilities","Solar","Megawatt hours","210","units","0","v1059484915","4.2.9","288","","","","0"
"2025-08","Nova Scotia","2016A000212","Electricity producers, electric utilities","Other types of electricity generation","Megawatt hours","210","units","0","v1059484815","4.2.10","0","","","","0"
"2025-08","Nova Scotia","2016A000212","Electricity producers, industries","Total all types of electricity generation","Megawatt hours","210","units","0","v44174732","4.3.1","1870","","","","0"
"2025-08","Nova Scotia","2016A000212","Electricity producers, industries","Hydraulic turbine","Megawatt hours","210","units","0","v44174733","4.3.2","","..","","","0"
"2025-08","Nova Scotia","2016A000212","Electricity producers, industries","Conventional steam turbine","Megawatt hours","210","units","0","v44174734","4.3.3","","..","","","0"
"2025-08","Nova Scotia","2016A000212","Electricity producers, industries","Total electricity production from combustible fuels","Megawatt hours","210","units","0","v1059484843","4.3.11","394","","","","0"
"2025-08","Nova Scotia","2016A000212","Electricity producers, industries","Total electricity production from non-renewable combustible fuels","Megawatt hours","210","units","0","v1146006341","4.3.12","0","","","","0"
"2025-08","Nova Scotia","2016A000212","Electricity producers, industries","Total electricity production from biomass","Megawatt hours","210","units","0","v1146006383","4.3.13","394","","","","0"
"2025-08","Nova Scotia","2016A000212","Electricity producers, industries","Tidal power turbine","Megawatt hours","210","units","0","v1059484884","4.3.7","0","","","","0"
"2025-08","Nova Scotia","2016A000212","Electricity producers, industries","Wind power turbine","Megawatt hours","210","units","0","v62460553","4.3.8","1398","","","","0"
"2025-08","Nova Scotia","2016A000212","Electricity producers, industries","Solar","Megawatt hours","210","units","0","v1059484916","4.3.9","78","","","","0"
"2025-08","Nova Scotia","2016A000212","Electricity producers, industries","Other types of electricity generation","Megawatt hours","210","units","0","v1059484816","4.3.10","0","","","","0"
"2025-09","Nova Scotia","2016A000212","Total all classes of electricity producer","Total all types of electricity generation","Megawatt hours","210","units","0","v44174720","4.1.1","608853","","","","0"
"2025-09","Nova Scotia","2016A000212","Total all classes of electricity producer","Hydraulic turbine","Megawatt hours","210","units","0","v44174721","4.1.2","4957","","","","0"
"2025-09","Nova Scotia","2016A000212","Total all classes of electricity producer","Conventional steam turbine","Megawatt hours","210","units","0","v44174722","4.1.3","","..","","","0"
"2025-09","Nova Scotia","2016A000212","Total all classes of electricity producer","Combustion turbine","Megawatt hours","210","units","0","v44174723","4.1.6","","..","","","0"
"2025-09","Nova Scotia","2016A000212","Total all classes of electricity producer","Total electricity production from combustible fuels","Megawatt hours","210","units","0","v1059484841","4.1.11","518527","","","","0"
"2025-09","Nova Scotia","2016A000212","Total all classes of electricity producer","Total electricity production from non-renewable combustible fuels","Megawatt hours","210","units","0","v1146006339","4.1.12","497005","","","","0"
"2025-09","Nova Scotia","2016A000212","Total all classes of electricity producer","Total electricity production from biomass","Megawatt hours","210","units","0","v1146006381","4.1.13","21522","","","","0"
"2025-09","Nova Scotia","2016A000212","Total all classes of electricity producer","Tidal power turbine","Megawatt hours","210","units","0","v44174724","4.1.7","0","","","","0"
"2025-09","Nova Scotia","2016A000212","Total all classes of electricity producer","Wind power turbine","Megawatt hours","210","units","0","v44174725","4.1.8","84443","","","","0"
"2025-09","Nova Scotia","2016A000212","Total all classes of electricity producer","Solar","Megawatt hours","210","units","0","v1059484914","4.1.9","926","","","","0"
"2025-09","Nova Scotia","2016A000212","Total all classes of electricity producer","Other types of electricity generation","Megawatt hours","210","units","0","v1059484814","4.1.10","0","","","","0"
"2025-09","Nova Scotia","2016A000212","Electricity producers, electric utilities","Total all types of electricity generation","Megawatt hours","210","units","0","v44174726","4.2.1","606718","","","","0"
"2025-09","Nova Scotia","2016A000212","Electricity producers, electric utilities","Hydraulic turbine","Megawatt hours","210","units","0","v44174727","4.2.2","4957","","","","0"
"2025-09","Nova Scotia","2016A000212","Electricity producers, electric utilities","Conventional steam turbine","Megawatt hours","210","units","0","v44174728","4.2.3","","..","","","0"
"2025-09","Nova Scotia","2016A000212","Electricity producers, electric utilities","Combustion turbine","Megawatt hours","210","units","0","v44174729","4.2.6","","..","","","0"
"2025-09","Nova Scotia","2016A000212","Electricity producers, electric utilities","Total electricity production from combustible fuels","Megawatt hours","210","units","0","v1059484842","4.2.11","518093","","","","0"
"2025-09","Nova Scotia","2016A000212","Electricity producers, electric utilities","Total electricity production from non-renewable combustible fuels","Megawatt hours","210","units","0","v1146006340","4.2.12","497005","","","","0"
"2025-09","Nova Scotia","2016A000212","Electricity producers, electric utilities","Total electricity production from biomass","Megawatt hours","210","units","0","v1146006382","4.2.13","21088","","","","0"
"2025-09","Nova Scotia","2016A000212","Electricity producers, electric utilities","Tidal power turbine","Megawatt hours","210","units","0","v44174730","4.2.7","0","","","","0"
"2025-09","Nova Scotia","2016A000212","Electricity producers, electric utilities","Wind power turbine","Megawatt hours","210","units","0","v44174731","4.2.8","82807","","","","0"
"2025-09","Nova Scotia","2016A000212","Electricity producers, electric utilities","Solar","Megawatt hours","210","units","0","v1059484915","4.2.9","861","","","","0"
"2025-09","Nova Scotia","2016A000212","Electricity producers, electric utilities","Other types of electricity generation","Megawatt hours","210","units","0","v1059484815","4.2.10","0","","","","0"
"2025-09","Nova Scotia","2016A000212","Electricity producers, industries","Total all types of electricity generation","Megawatt hours","210","units","0","v44174732","4.3.1","2135","","","","0"
"2025-09","Nova Scotia","2016A000212","Electricity producers, industries","Hydraulic turbine","Megawatt hours","210","units","0","v44174733","4.3.2","","..","","","0"
"2025-09","Nova Scotia","2016A000212","Electricity producers, industries","Conventional steam turbine","Megawatt hours","210","units","0","v44174734","4.3.3","","..","","","0"
"2025-09","Nova Scotia","2016A000212","Electricity producers, industries","Total electricity production from combustible fuels","Megawatt hours","210","units","0","v1059484843","4.3.11","434","","","","0"
"2025-09","Nova Scotia","2016A000212","Electricity producers, industries","Total electricity production from non-renewable combustible fuels","Megawatt hours","210","units","0","v1146006341","4.3.12","0","","","","0"
"2025-09","Nova Scotia","2016A000212","Electricity producers, industries","Total electricity production from biomass","Megawatt hours","210","units","0","v1146006383","4.3.13","434","","","","0"
"2025-09","Nova Scotia","2016A000212","Electricity producers, industries","Tidal power turbine","Megawatt hours","210","units","0","v1059484884","4.3.7","0","","","","0"
"2025-09","Nova Scotia","2016A000212","Electricity producers, industries","Wind power turbine","Megawatt hours","210","units","0","v62460553","4.3.8","1636","","","","0"
"2025-09","Nova Scotia","2016A000212","Electricity producers, industries","Solar","Megawatt hours","210","units","0","v1059484916","4.3.9","65","","","","0"
"2025-09","Nova Scotia","2016A000212","Electricity producers, industries","Other types of electricity generation","Megawatt hours","210","units","0","v1059484816","4.3.10","0","","","","0"
"2025-10","Nova Scotia","2016A000212","Total all classes of electricity producer","Total all types of electricity generation","Megawatt hours","210","units","0","v44174720","4.1.1","673008","","","","0"
"2025-10","Nova Scotia","2016A000212","Total all classes of electricity producer","Hydraulic turbine","Megawatt hours","210","units","0","v44174721","4.1.2","4324","","","","0"
"2025-10","Nova Scotia","2016A000212","Total all classes of electricity producer","Conventional steam turbine","Megawatt hours","210","units","0","v44174722","4.1.3","","..","","","0"
"2025-10","Nova Scotia","2016A000212","Total all classes of electricity producer","Combustion turbine","Megawatt hours","210","units","0","v44174723","4.1.6","","..","","","0"
"2025-10","Nova Scotia","2016A000212","Total all classes of electricity producer","Total electricity production from combustible fuels","Megawatt hours","210","units","0","v1059484841","4.1.11","518870","","","","0"
"2025-10","Nova Scotia","2016A000212","Total all classes of electricity producer","Total electricity production from non-renewable combustible fuels","Megawatt hours","210","units","0","v1146006339","4.1.12","495070","","","","0"
"2025-10","Nova Scotia","2016A000212","Total all classes of electricity producer","Total electricity production from biomass","Megawatt hours","210","units","0","v1146006381","4.1.13","23800","","","","0"
"2025-10","Nova Scotia","2016A000212","Total all classes of electricity producer","Tidal power turbine","Megawatt hours","210","units","0","v44174724","4.1.7","0","","","","0"
"2025-10","Nova Scotia","2016A000212","Total all classes of electricity producer","Wind power turbine","Megawatt hours","210","units","0","v44174725","4.1.8","148899","","","","0"
"2025-10","Nova Scotia","2016A000212","Total all classes of electricity producer","Solar","Megawatt hours","210","units","0","v1059484914","4.1.9","915","","","","0"
"2025-10","Nova Scotia","2016A000212","Total all classes of electricity producer","Other types of electricity generation","Megawatt hours","210","units","0","v1059484814","4.1.10","0","","","","0"
"2025-10","Nova Scotia","2016A000212","Electricity producers, electric utilities","Total all types of electricity generation","Megawatt hours","210","units","0","v44174726","4.2.1","669949","","","","0"
"2025-10","Nova Scotia","2016A000212","Electricity producers, electric utilities","Hydraulic turbine","Megawatt hours","210","units","0","v44174727","4.2.2","4324","","","","0"
"2025-10","Nova Scotia","2016A000212","Electricity producers, electric utilities","Conventional steam turbine","Megawatt hours","210","units","0","v44174728","4.2.3","","..","","","0"
"2025-10","Nova Scotia","2016A000212","Electricity producers, electric utilities","Combustion turbine","Megawatt hours","210","units","0","v44174729","4.2.6","","..","","","0"
"2025-10","Nova Scotia","2016A000212","Electricity producers, electric utilities","Total electricity production from combustible fuels","Megawatt hours","210","units","0","v1059484842","4.2.11","518170","","","","0"
"2025-10","Nova Scotia","2016A000212","Electricity producers, electric utilities","Total electricity production from non-renewable combustible fuels","Megawatt hours","210","units","0","v1146006340","4.2.12","495070","","","","0"
"2025-10","Nova Scotia","2016A000212","Electricity producers, electric utilities","Total electricity production from biomass","Megawatt hours","210","units","0","v1146006382","4.2.13","23100","","","","0"
"2025-10","Nova Scotia","2016A000212","Electricity producers, electric utilities","Tidal power turbine","Megawatt hours","210","units","0","v44174730","4.2.7","0","","","","0"
"2025-10","Nova Scotia","2016A000212","Electricity producers, electric utilities","Wind power turbine","Megawatt hours","210","units","0","v44174731","4.2.8","146648","","","","0"
"2025-10","Nova Scotia","2016A000212","Electricity producers, electric utilities","Solar","Megawatt hours","210","units","0","v1059484915","4.2.9","807","","","","0"
"2025-10","Nova Scotia","2016A000212","Electricity producers, electric utilities","Other types of electricity generation","Megawatt hours","210","units","0","v1059484815","4.2.10","0","","","","0"
"2025-10","Nova Scotia","2016A000212","Electricity producers, industries","Total all types of electricity generation","Megawatt hours","210","units","0","v44174732","4.3.1","3059","","","","0"
"2025-10","Nova Scotia","2016A000212","Electricity producers, industries","Hydraulic turbine","Megawatt hours","210","units","0","v44174733","4.3.2","","..","","","0"
"2025-10","Nova Scotia","2016A000212","Electricity producers, industries","Conventional steam turbine","Megawatt hours","210","units","0","v44174734","4.3.3","","..","","","0"
"2025-10","Nova Scotia","2016A000212","Electricity producers, industries","Total electricity production from combustible fuels","Megawatt hours","210","units","0","v1059484843","4.3.11","700","","","","0"
"2025-10","Nova Scotia","2016A000212","Electricity producers, industries","Total electricity production from non-renewable combustible fuels","Megawatt hours","210","units","0","v1146006341","4.3.12","0","","","","0"
"2025-10","Nova Scotia","2016A000212","Electricity producers, industries","Total electricity production from biomass","Megawatt hours","210","units","0","v1146006383","4.3.13","700","","","","0"
"2025-10","Nova Scotia","2016A000212","Electricity producers, industries","Tidal power turbine","Megawatt hours","210","units","0","v1059484884","4.3.7","0","","","","0"
"2025-10","Nova Scotia","2016A000212","Electricity producers, industries","Wind power turbine","Megawatt hours","210","units","0","v62460553","4.3.8","2251","","","","0"
"2025-10","Nova Scotia","2016A000212","Electricity producers, industries","Solar","Megawatt hours","210","units","0","v1059484916","4.3.9","108","","","","0"
"2025-10","Nova Scotia","2016A000212","Electricity producers, industries","Other types of electricity generation","Megawatt hours","210","units","0","v1059484816","4.3.10","0","","","","0"
"2025-11","Nova Scotia","2016A000212","Total all classes of electricity producer","Total all types of electricity generation","Megawatt hours","210","units","0","v44174720","4.1.1","770282","","","","0"
"2025-11","Nova Scotia","2016A000212","Total all classes of electricity producer","Hydraulic turbine","Megawatt hours","210","units","0","v44174721","4.1.2","12323","","","","0"
"2025-11","Nova Scotia","2016A000212","Total all classes of electricity producer","Conventional steam turbine","Megawatt hours","210","units","0","v44174722","4.1.3","","..","","","0"
"2025-11","Nova Scotia","2016A000212","Total all classes of electricity producer","Combustion turbine","Megawatt hours","210","units","0","v44174723","4.1.6","","..","","","0"
"2025-11","Nova Scotia","2016A000212","Total all classes of electricity producer","Total electricity production from combustible fuels","Megawatt hours","210","units","0","v1059484841","4.1.11","591250","","","","0"
"2025-11","Nova Scotia","2016A000212","Total all classes of electricity producer","Total electricity production from non-renewable combustible fuels","Megawatt hours","210","units","0","v1146006339","4.1.12","560088","","","","0"
"2025-11","Nova Scotia","2016A000212","Total all classes of electricity producer","Total electricity production from biomass","Megawatt hours","210","units","0","v1146006381","4.1.13","31162","","","","0"
"2025-11","Nova Scotia","2016A000212","Total all classes of electricity producer","Tidal power turbine","Megawatt hours","210","units","0","v44174724","4.1.7","0","","","","0"
"2025-11","Nova Scotia","2016A000212","Total all classes of electricity producer","Wind power turbine","Megawatt hours","210","units","0","v44174725","4.1.8","165304","","","","0"
"2025-11","Nova Scotia","2016A000212","Total all classes of electricity producer","Solar","Megawatt hours","210","units","0","v1059484914","4.1.9","1405","","","","0"
"2025-11","Nova Scotia","2016A000212","Total all classes of electricity producer","Other types of electricity generation","Megawatt hours","210","units","0","v1059484814","4.1.10","0","","","","0"
"2025-11","Nova Scotia","2016A000212","Electricity producers, electric utilities","Total all types of electricity generation","Megawatt hours","210","units","0","v44174726","4.2.1","766919","","","","0"
"2025-11","Nova Scotia","2016A000212","Electricity producers, electric utilities","Hydraulic turbine","Megawatt hours","210","units","0","v44174727","4.2.2","12323","","","","0"
"2025-11","Nova Scotia","2016A000212","Electricity producers, electric utilities","Conventional steam turbine","Megawatt hours","210","units","0","v44174728","4.2.3","","..","","","0"
"2025-11","Nova Scotia","2016A000212","Electricity producers, electric utilities","Combustion turbine","Megawatt hours","210","units","0","v44174729","4.2.6","","..","","","0"
"2025-11","Nova Scotia","2016A000212","Electricity producers, electric utilities","Total electricity production from combustible fuels","Megawatt hours","210","units","0","v1059484842","4.2.11","590802","","","","0"
"2025-11","Nova Scotia","2016A000212","Electricity producers, electric utilities","Total electricity production from non-renewable combustible fuels","Megawatt hours","210","units","0","v1146006340","4.2.12","560088","","","","0"
"2025-11","Nova Scotia","2016A000212","Electricity producers, electric utilities","Total electricity production from biomass","Megawatt hours","210","units","0","v1146006382","4.2.13","30714","","","","0"
"2025-11","Nova Scotia","2016A000212","Electricity producers, electric utilities","Tidal power turbine","Megawatt hours","210","units","0","v44174730","4.2.7","0","","","","0"
"2025-11","Nova Scotia","2016A000212","Electricity producers, electric utilities","Wind power turbine","Megawatt hours","210","units","0","v44174731","4.2.8","162464","","","","0"
"2025-11","Nova Scotia","2016A000212","Electricity producers, electric utilities","Solar","Megawatt hours","210","units","0","v1059484915","4.2.9","1330","","","","0"
"2025-11","Nova Scotia","2016A000212","Electricity producers, electric utilities","Other types of electricity generation","Megawatt hours","210","units","0","v1059484815","4.2.10","0","","","","0"
"2025-11","Nova Scotia","2016A000212","Electricity producers, industries","Total all types of electricity generation","Megawatt hours","210","units","0","v44174732","4.3.1","3363","","","","0"
"2025-11","Nova Scotia","2016A000212","Electricity producers, industries","Hydraulic turbine","Megawatt hours","210","units","0","v44174733","4.3.2","","..","","","0"
"2025-11","Nova Scotia","2016A000212","Electricity producers, industries","Conventional steam turbine","Megawatt hours","210","units","0","v44174734","4.3.3","","..","","","0"
"2025-11","Nova Scotia","2016A000212","Electricity producers, industries","Total electricity production from combustible fuels","Megawatt hours","210","units","0","v1059484843","4.3.11","448","","","","0"
"2025-11","Nova Scotia","2016A000212","Electricity producers, industries","Total electricity production from non-renewable combustible fuels","Megawatt hours","210","units","0","v1146006341","4.3.12","0","","","","0"
"2025-11","Nova Scotia","2016A000212","Electricity producers, industries","Total electricity production from biomass","Megawatt hours","210","units","0","v1146006383","4.3.13","448","","","","0"
"2025-11","Nova Scotia","2016A000212","Electricity producers, industries","Tidal power turbine","Megawatt hours","210","units","0","v1059484884","4.3.7","0","","","","0"
"2025-11","Nova Scotia","2016A000212","Electricity producers, industries","Wind power turbine","Megawatt hours","210","units","0","v62460553","4.3.8","2840","","","","0"
"2025-11","Nova Scotia","2016A000212","Electricity producers, industries","Solar","Megawatt hours","210","units","0","v1059484916","4.3.9","75","","","","0"
"2025-11","Nova Scotia","2016A000212","Electricity producers, industries","Other types of electricity generation","Megawatt hours","210","units","0","v1059484816","4.3.10","0","","","","0"
"2025-12","Nova Scotia","2016A000212","Total all classes of electricity producer","Total all types of electricity generation","Megawatt hours","210","units","0","v44174720","4.1.1","1071200","","","","0"
"2025-12","Nova Scotia","2016A000212","Total all classes of electricity producer","Hydraulic turbine","Megawatt hours","210","units","0","v44174721","4.1.2","49734","","","","0"
"2025-12","Nova Scotia","2016A000212","Total all classes of electricity producer","Conventional steam turbine","Megawatt hours","210","units","0","v44174722","4.1.3","","..","","","0"
"2025-12","Nova Scotia","2016A000212","Total all classes of electricity producer","Combustion turbine","Megawatt hours","210","units","0","v44174723","4.1.6","","..","","","0"
"2025-12","Nova Scotia","2016A000212","Total all classes of electricity producer","Total electricity production from combustible fuels","Megawatt hours","210","units","0","v1059484841","4.1.11","823997","","","","0"
"2025-12","Nova Scotia","2016A000212","Total all classes of electricity producer","Total electricity production from non-renewable combustible fuels","Megawatt hours","210","units","0","v1146006339","4.1.12","784482","","","","0"
"2025-12","Nova Scotia","2016A000212","Total all classes of electricity producer","Total electricity production from biomass","Megawatt hours","210","units","0","v1146006381","4.1.13","39515","","","","0"
"2025-12","Nova Scotia","2016A000212","Total all classes of electricity producer","Tidal power turbine","Megawatt hours","210","units","0","v44174724","4.1.7","0","","","","0"
"2025-12","Nova Scotia","2016A000212","Total all classes of electricity producer","Wind power turbine","Megawatt hours","210","units","0","v44174725","4.1.8","197185","","","","0"
"2025-12","Nova Scotia","2016A000212","Total all classes of electricity producer","Solar","Megawatt hours","210","units","0","v1059484914","4.1.9","284","","","","0"
"2025-12","Nova Scotia","2016A000212","Total all classes of electricity producer","Other types of electricity generation","Megawatt hours","210","units","0","v1059484814","4.1.10","0","","","","0"
"2025-12","Nova Scotia","2016A000212","Electricity producers, electric utilities","Total all types of electricity generation","Megawatt hours","210","units","0","v44174726","4.2.1","1066718","","","","0"
"2025-12","Nova Scotia","2016A000212","Electricity producers, electric utilities","Hydraulic turbine","Megawatt hours","210","units","0","v44174727","4.2.2","49734","","","","0"
"2025-12","Nova Scotia","2016A000212","Electricity producers, electric utilities","Conventional steam turbine","Megawatt hours","210","units","0","v44174728","4.2.3","","..","","","0"
"2025-12","Nova Scotia","2016A000212","Electricity producers, electric utilities","Combustion turbine","Megawatt hours","210","units","0","v44174729","4.2.6","","..","","","0"
"2025-12","Nova Scotia","2016A000212","Electricity producers, electric utilities","Total electricity production from combustible fuels","Megawatt hours","210","units","0","v1059484842","4.2.11","823519","","","","0"
"2025-12","Nova Scotia","2016A000212","Electricity producers, electric utilities","Total electricity production from non-renewable combustible fuels","Megawatt hours","210","units","0","v1146006340","4.2.12","784482","","","","0"
"2025-12","Nova Scotia","2016A000212","Electricity producers, electric utilities","Total electricity production from biomass","Megawatt hours","210","units","0","v1146006382","4.2.13","39037","","","","0"
"2025-12","Nova Scotia","2016A000212","Electricity producers, electric utilities","Tidal power turbine","Megawatt hours","210","units","0","v44174730","4.2.7","0","","","","0"
"2025-12","Nova Scotia","2016A000212","Electricity producers, electric utilities","Wind power turbine","Megawatt hours","210","units","0","v44174731","4.2.8","193223","","","","0"
"2025-12","Nova Scotia","2016A000212","Electricity producers, electric utilities","Solar","Megawatt hours","210","units","0","v1059484915","4.2.9","242","","","","0"
"2025-12","Nova Scotia","2016A000212","Electricity producers, electric utilities","Other types of electricity generation","Megawatt hours","210","units","0","v1059484815","4.2.10","0","","","","0"
"2025-12","Nova Scotia","2016A000212","Electricity producers, industries","Total all types of electricity generation","Megawatt hours","210","units","0","v44174732","4.3.1","4482","","","","0"
"2025-12","Nova Scotia","2016A000212","Electricity producers, industries","Hydraulic turbine","Megawatt hours","210","units","0","v44174733","4.3.2","","..","","","0"
"2025-12","Nova Scotia","2016A000212","Electricity producers, industries","Conventional steam turbine","Megawatt hours","210","units","0","v44174734","4.3.3","","..","","","0"
"2025-12","Nova Scotia","2016A000212","Electricity producers, industries","Total electricity production from combustible fuels","Megawatt hours","210","units","0","v1059484843","4.3.11","478","","","","0"
"2025-12","Nova Scotia","2016A000212","Electricity producers, industries","Total electricity production from non-renewable combustible fuels","Megawatt hours","210","units","0","v1146006341","4.3.12","0","","","","0"
"2025-12","Nova Scotia","2016A000212","Electricity producers, industries","Total electricity production from biomass","Megawatt hours","210","units","0","v1146006383","4.3.13","478","","","","0"
"2025-12","Nova Scotia","2016A000212","Electricity producers, industries","Tidal power turbine","Megawatt hours","210","units","0","v1059484884","4.3.7","0","","","","0"
"2025-12","Nova Scotia","2016A000212","Electricity producers, industries","Wind power turbine","Megawatt hours","210","units","0","v62460553","4.3.8","3962","","","","0"
"2025-12","Nova Scotia","2016A000212","Electricity producers, industries","Solar","Megawatt hours","210","units","0","v1059484916","4.3.9","42","","","","0"
"2025-12","Nova Scotia","2016A000212","Electricity producers, industries","Other types of electricity generation","Megawatt hours","210","units","0","v1059484816","4.3.10","0","","","","0"
"2026-01","Nova Scotia","2016A000212","Total all classes of electricity producer","Total all types of electricity generation","Megawatt hours","210","units","0","v44174720","4.1.1","1119707","","","","0"
"2026-01","Nova Scotia","2016A000212","Total all classes of electricity producer","Hydraulic turbine","Megawatt hours","210","units","0","v44174721","4.1.2","59428","","","","0"
"2026-01","Nova Scotia","2016A000212","Total all classes of electricity producer","Conventional steam turbine","Megawatt hours","210","units","0","v44174722","4.1.3","","..","","","0"
"2026-01","Nova Scotia","2016A000212","Total all classes of electricity producer","Combustion turbine","Megawatt hours","210","units","0","v44174723","4.1.6","","..","","","0"
"2026-01","Nova Scotia","2016A000212","Total all classes of electricity producer","Total electricity production from combustible fuels","Megawatt hours","210","units","0","v1059484841","4.1.11","886924","","","","0"
"2026-01","Nova Scotia","2016A000212","Total all classes of electricity producer","Total electricity production from non-renewable combustible fuels","Megawatt hours","210","units","0","v1146006339","4.1.12","853631","","","","0"
"2026-01","Nova Scotia","2016A000212","Total all classes of electricity producer","Total electricity production from biomass","Megawatt hours","210","units","0","v1146006381","4.1.13","33293","","","","0"
"2026-01","Nova Scotia","2016A000212","Total all classes of electricity producer","Tidal power turbine","Megawatt hours","210","units","0","v44174724","4.1.7","0","","","","0"
"2026-01","Nova Scotia","2016A000212","Total all classes of electricity producer","Wind power turbine","Megawatt hours","210","units","0","v44174725","4.1.8","173088","","","","0"
"2026-01","Nova Scotia","2016A000212","Total all classes of electricity producer","Solar","Megawatt hours","210","units","0","v1059484914","4.1.9","267","","","","0"
"2026-01","Nova Scotia","2016A000212","Total all classes of electricity producer","Other types of electricity generation","Megawatt hours","210","units","0","v1059484814","4.1.10","0","","","","0"
"2026-01","Nova Scotia","2016A000212","Electricity producers, electric utilities","Total all types of electricity generation","Megawatt hours","210","units","0","v44174726","4.2.1","1115868","","","","0"
"2026-01","Nova Scotia","2016A000212","Electricity producers, electric utilities","Hydraulic turbine","Megawatt hours","210","units","0","v44174727","4.2.2","59428","","","","0"
"2026-01","Nova Scotia","2016A000212","Electricity producers, electric utilities","Conventional steam turbine","Megawatt hours","210","units","0","v44174728","4.2.3","","..","","","0"
"2026-01","Nova Scotia","2016A000212","Electricity producers, electric utilities","Combustion turbine","Megawatt hours","210","units","0","v44174729","4.2.6","","..","","","0"
"2026-01","Nova Scotia","2016A000212","Electricity producers, electric utilities","Total electricity production from combustible fuels","Megawatt hours","210","units","0","v1059484842","4.2.11","886584","","","","0"
"2026-01","Nova Scotia","2016A000212","Electricity producers, electric utilities","Total electricity production from non-renewable combustible fuels","Megawatt hours","210","units","0","v1146006340","4.2.12","853631","","","","0"
"2026-01","Nova Scotia","2016A000212","Electricity producers, electric utilities","Total electricity production from biomass","Megawatt hours","210","units","0","v1146006382","4.2.13","32953","","","","0"
"2026-01","Nova Scotia","2016A000212","Electricity producers, electric utilities","Tidal power turbine","Megawatt hours","210","units","0","v44174730","4.2.7","0","","","","0"
"2026-01","Nova Scotia","2016A000212","Electricity producers, electric utilities","Wind power turbine","Megawatt hours","210","units","0","v44174731","4.2.8","169627","","","","0"
"2026-01","Nova Scotia","2016A000212","Electricity producers, electric utilities","Solar","Megawatt hours","210","units","0","v1059484915","4.2.9","229","","","","0"
"2026-01","Nova Scotia","2016A000212","Electricity producers, electric utilities","Other types of electricity generation","Megawatt hours","210","units","0","v1059484815","4.2.10","0","","","","0"
"2026-01","Nova Scotia","2016A000212","Electricity producers, industries","Total all types of electricity generation","Megawatt hours","210","units","0","v44174732","4.3.1","3839","","","","0"
"2026-01","Nova Scotia","2016A000212","Electricity producers, industries","Hydraulic turbine","Megawatt hours","210","units","0","v44174733","4.3.2","","..","","","0"
"2026-01","Nova Scotia","2016A000212","Electricity producers, industries","Conventional steam turbine","Megawatt hours","210","units","0","v44174734","4.3.3","","..","","","0"
"2026-01","Nova Scotia","2016A000212","Electricity producers, industries","Total electricity production from combustible fuels","Megawatt hours","210","units","0","v1059484843","4.3.11","340","","","","0"
"2026-01","Nova Scotia","2016A000212","Electricity producers, industries","Total electricity production from non-renewable combustible fuels","Megawatt hours","210","units","0","v1146006341","4.3.12","0","","","","0"
"2026-01","Nova Scotia","2016A000212","Electricity producers, industries","Total electricity production from biomass","Megawatt hours","210","units","0","v1146006383","4.3.13","340","","","","0"
"2026-01","Nova Scotia","2016A000212","Electricity producers, industries","Tidal power turbine","Megawatt hours","210","units","0","v1059484884","4.3.7","0","","","","0"
"2026-01","Nova Scotia","2016A000212","Electricity producers, industries","Wind power turbine","Megawatt hours","210","units","0","v62460553","4.3.8","3461","","","","0"
"2026-01","Nova Scotia","2016A000212","Electricity producers, industries","Solar","Megawatt hours","210","units","0","v1059484916","4.3.9","38","","","","0"
"2026-01","Nova Scotia","2016A000212","Electricity producers, industries","Other types of electricity generation","Megawatt hours","210","units","0","v1059484816","4.3.10","0","","","","0"
"2026-02","Nova Scotia","2016A000212","Total all classes of electricity producer","Total all types of electricity generation","Megawatt hours","210","units","0","v44174720","4.1.1","959952","","","","0"
"2026-02","Nova Scotia","2016A000212","Total all classes of electricity producer","Hydraulic turbine","Megawatt hours","210","units","0","v44174721","4.1.2","67004","","","","0"
"2026-02","Nova Scotia","2016A000212","Total all classes of electricity producer","Conventional steam turbine","Megawatt hours","210","units","0","v44174722","4.1.3","","..","","","0"
"2026-02","Nova Scotia","2016A000212","Total all classes of electricity producer","Combustion turbine","Megawatt hours","210","units","0","v44174723","4.1.6","","..","","","0"
"2026-02","Nova Scotia","2016A000212","Total all classes of electricity producer","Total electricity production from combustible fuels","Megawatt hours","210","units","0","v1059484841","4.1.11","778078","","","","0"
"2026-02","Nova Scotia","2016A000212","Total all classes of electricity producer","Total electricity production from non-renewable combustible fuels","Megawatt hours","210","units","0","v1146006339","4.1.12","746653","","","","0"
"2026-02","Nova Scotia","2016A000212","Total all classes of electricity producer","Total electricity production from biomass","Megawatt hours","210","units","0","v1146006381","4.1.13","31425","","","","0"
"2026-02","Nova Scotia","2016A000212","Total all classes of electricity producer","Tidal power turbine","Megawatt hours","210","units","0","v44174724","4.1.7","0","","","","0"
"2026-02","Nova Scotia","2016A000212","Total all classes of electricity producer","Wind power turbine","Megawatt hours","210","units","0","v44174725","4.1.8","114281","","","","0"
"2026-02","Nova Scotia","2016A000212","Total all classes of electricity producer","Solar","Megawatt hours","210","units","0","v1059484914","4.1.9","589","","","","0"
"2026-02","Nova Scotia","2016A000212","Total all classes of electricity producer","Other types of electricity generation","Megawatt hours","210","units","0","v1059484814","4.1.10","0","","","","0"
"2026-02","Nova Scotia","2016A000212","Electricity producers, electric utilities","Total all types of electricity generation","Megawatt hours","210","units","0","v44174726","4.2.1","957145","","","","0"
"2026-02","Nova Scotia","2016A000212","Electricity producers, electric utilities","Hydraulic turbine","Megawatt hours","210","units","0","v44174727","4.2.2","67004","","","","0"
"2026-02","Nova Scotia","2016A000212","Electricity producers, electric utilities","Conventional steam turbine","Megawatt hours","210","units","0","v44174728","4.2.3","","..","","","0"
"2026-02","Nova Scotia","2016A000212","Electricity producers, electric utilities","Combustion turbine","Megawatt hours","210","units","0","v44174729","4.2.6","","..","","","0"
"2026-02","Nova Scotia","2016A000212","Electricity producers, electric utilities","Total electricity production from combustible fuels","Megawatt hours","210","units","0","v1059484842","4.2.11","777708","","","","0"
"2026-02","Nova Scotia","2016A000212","Electricity producers, electric utilities","Total electricity production from non-renewable combustible fuels","Megawatt hours","210","units","0","v1146006340","4.2.12","746653","","","","0"
"2026-02","Nova Scotia","2016A000212","Electricity producers, electric utilities","Total electricity production from biomass","Megawatt hours","210","units","0","v1146006382","4.2.13","31055","","","","0"
"2026-02","Nova Scotia","2016A000212","Electricity producers, electric utilities","Tidal power turbine","Megawatt hours","210","units","0","v44174730","4.2.7","0","","","","0"
"2026-02","Nova Scotia","2016A000212","Electricity producers, electric utilities","Wind power turbine","Megawatt hours","210","units","0","v44174731","4.2.8","111901","","","","0"
"2026-02","Nova Scotia","2016A000212","Electricity producers, electric utilities","Solar","Megawatt hours","210","units","0","v1059484915","4.2.9","532","","","","0"
"2026-02","Nova Scotia","2016A000212","Electricity producers, electric utilities","Other types of electricity generation","Megawatt hours","210","units","0","v1059484815","4.2.10","0","","","","0"
"2026-02","Nova Scotia","2016A000212","Electricity producers, industries","Total all types of electricity generation","Megawatt hours","210","units","0","v44174732","4.3.1","2807","","","","0"
"2026-02","Nova Scotia","2016A000212","Electricity producers, industries","Hydraulic turbine","Megawatt hours","210","units","0","v44174733","4.3.2","","..","","","0"
"2026-02","Nova Scotia","2016A000212","Electricity producers, industries","Conventional steam turbine","Megawatt hours","210","units","0","v44174734","4.3.3","","..","","","0"
"2026-02","Nova Scotia","2016A000212","Electricity producers, industries","Total electricity production from combustible fuels","Megawatt hours","210","units","0","v1059484843","4.3.11","370","","","","0"
"2026-02","Nova Scotia","2016A000212","Electricity producers, industries","Total electricity production from non-renewable combustible fuels","Megawatt hours","210","units","0","v1146006341","4.3.12","0","","","","0"
"2026-02","Nova Scotia","2016A000212","Electricity producers, industries","Total electricity production from biomass","Megawatt hours","210","units","0","v1146006383","4.3.13","370","","","","0"
"2026-02","Nova Scotia","2016A000212","Electricity producers, industries","Tidal power turbine","Megawatt hours","210","units","0","v1059484884","4.3.7","0","","","","0"
"2026-02","Nova Scotia","2016A000212","Electricity producers, industries","Wind power turbine","Megawatt hours","210","units","0","v62460553","4.3.8","2380","","","","0"
"2026-02","Nova Scotia","2016A000212","Electricity producers, industries","Solar","Megawatt hours","210","units","0","v1059484916","4.3.9","57","","","","0"
"2026-02","Nova Scotia","2016A000212","Electricity producers, industries","Other types of electricity generation","Megawatt hours","210","units","0","v1059484816","4.3.10","0","","","","0"
"2026-03","Nova Scotia","2016A000212","Total all classes of electricity producer","Total all types of electricity generation","Megawatt hours","210","units","0","v44174720","4.1.1","961030","","","","0"
"2026-03","Nova Scotia","2016A000212","Total all classes of electricity producer","Hydraulic turbine","Megawatt hours","210","units","0","v44174721","4.1.2","75228","","","","0"
"2026-03","Nova Scotia","2016A000212","Total all classes of electricity producer","Conventional steam turbine","Megawatt hours","210","units","0","v44174722","4.1.3","","..","","","0"
"2026-03","Nova Scotia","2016A000212","Total all classes of electricity producer","Combustion turbine","Megawatt hours","210","units","0","v44174723","4.1.6","","..","","","0"
"2026-03","Nova Scotia","2016A000212","Total all classes of electricity producer","Total electricity production from combustible fuels","Megawatt hours","210","units","0","v1059484841","4.1.11","712385","","","","0"
"2026-03","Nova Scotia","2016A000212","Total all classes of electricity producer","Total electricity production from non-renewable combustible fuels","Megawatt hours","210","units","0","v1146006339","4.1.12","676665","","","","0"
"2026-03","Nova Scotia","2016A000212","Total all classes of electricity producer","Total electricity production from biomass","Megawatt hours","210","units","0","v1146006381","4.1.13","35720","","","","0"
"2026-03","Nova Scotia","2016A000212","Total all classes of electricity producer","Tidal power turbine","Megawatt hours","210","units","0","v44174724","4.1.7","0","","","","0"
"2026-03","Nova Scotia","2016A000212","Total all classes of electricity producer","Wind power turbine","Megawatt hours","210","units","0","v44174725","4.1.8","172764","","","","0"
"2026-03","Nova Scotia","2016A000212","Total all classes of electricity producer","Solar","Megawatt hours","210","units","0","v1059484914","4.1.9","653","","","","0"
"2026-03","Nova Scotia","2016A000212","Total all classes of electricity producer","Other types of electricity generation","Megawatt hours","210","units","0","v1059484814","4.1.10","0","","","","0"
"2026-03","Nova Scotia","2016A000212","Electricity producers, electric utilities","Total all types of electricity generation","Megawatt hours","210","units","0","v44174726","4.2.1","957248","","","","0"
"2026-03","Nova Scotia","2016A000212","Electricity producers, electric utilities","Hydraulic turbine","Megawatt hours","210","units","0","v44174727","4.2.2","75228","","","","0"
"2026-03","Nova Scotia","2016A000212","Electricity producers, electric utilities","Conventional steam turbine","Megawatt hours","210","units","0","v44174728","4.2.3","","..","","","0"
"2026-03","Nova Scotia","2016A000212","Electricity producers, electric utilities","Combustion turbine","Megawatt hours","210","units","0","v44174729","4.2.6","","..","","","0"
"2026-03","Nova Scotia","2016A000212","Electricity producers, electric utilities","Total electricity production from combustible fuels","Megawatt hours","210","units","0","v1059484842","4.2.11","711985","","","","0"
"2026-03","Nova Scotia","2016A000212","Electricity producers, electric utilities","Total electricity production from non-renewable combustible fuels","Megawatt hours","210","units","0","v1146006340","4.2.12","676665","","","","0"
"2026-03","Nova Scotia","2016A000212","Electricity producers, electric utilities","Total electricity production from biomass","Megawatt hours","210","units","0","v1146006382","4.2.13","35320","","","","0"
"2026-03","Nova Scotia","2016A000212","Electricity producers, electric utilities","Tidal power turbine","Megawatt hours","210","units","0","v44174730","4.2.7","0","","","","0"
"2026-03","Nova Scotia","2016A000212","Electricity producers, electric utilities","Wind power turbine","Megawatt hours","210","units","0","v44174731","4.2.8","169473","","","","0"
"2026-03","Nova Scotia","2016A000212","Electricity producers, electric utilities","Solar","Megawatt hours","210","units","0","v1059484915","4.2.9","562","","","","0"
"2026-03","Nova Scotia","2016A000212","Electricity producers, electric utilities","Other types of electricity generation","Megawatt hours","210","units","0","v1059484815","4.2.10","0","","","","0"
"2026-03","Nova Scotia","2016A000212","Electricity producers, industries","Total all types of electricity generation","Megawatt hours","210","units","0","v44174732","4.3.1","3782","","","","0"
"2026-03","Nova Scotia","2016A000212","Electricity producers, industries","Hydraulic turbine","Megawatt hours","210","units","0","v44174733","4.3.2","","..","","","0"
"2026-03","Nova Scotia","2016A000212","Electricity producers, industries","Conventional steam turbine","Megawatt hours","210","units","0","v44174734","4.3.3","","..","","","0"
"2026-03","Nova Scotia","2016A000212","Electricity producers, industries","Total electricity production from combustible fuels","Megawatt hours","210","units","0","v1059484843","4.3.11","400","","","","0"
"2026-03","Nova Scotia","2016A000212","Electricity producers, industries","Total electricity production from non-renewable combustible fuels","Megawatt hours","210","units","0","v1146006341","4.3.12","0","","","","0"
"2026-03","Nova Scotia","2016A000212","Electricity producers, industries","Total electricity production from biomass","Megawatt hours","210","units","0","v1146006383","4.3.13","400","","","","0"
"2026-03","Nova Scotia","2016A000212","Electricity producers, industries","Tidal power turbine","Megawatt hours","210","units","0","v1059484884","4.3.7","0","","","","0"
"2026-03","Nova Scotia","2016A000212","Electricity producers, industries","Wind power turbine","Megawatt hours","210","units","0","v62460553","4.3.8","3291","","","","0"
"2026-03","Nova Scotia","2016A000212","Electricity producers, industries","Solar","Megawatt hours","210","units","0","v1059484916","4.3.9","91","","","","0"
"2026-03","Nova Scotia","2016A000212","Electricity producers, industries","Other types of electricity generation","Megawatt hours","210","units","0","v1059484816","4.3.10","0","","","","0"
"2026-04","Nova Scotia","2016A000212","Total all classes of electricity producer","Total all types of electricity generation","Megawatt hours","210","units","0","v44174720","4.1.1","792874","","","","0"
"2026-04","Nova Scotia","2016A000212","Total all classes of electricity producer","Hydraulic turbine","Megawatt hours","210","units","0","v44174721","4.1.2","74836","","","","0"
"2026-04","Nova Scotia","2016A000212","Total all classes of electricity producer","Conventional steam turbine","Megawatt hours","210","units","0","v44174722","4.1.3","","..","","","0"
"2026-04","Nova Scotia","2016A000212","Total all classes of electricity producer","Combustion turbine","Megawatt hours","210","units","0","v44174723","4.1.6","","..","","","0"
"2026-04","Nova Scotia","2016A000212","Total all classes of electricity producer","Total electricity production from combustible fuels","Megawatt hours","210","units","0","v1059484841","4.1.11","577310","","","","0"
"2026-04","Nova Scotia","2016A000212","Total all classes of electricity producer","Total electricity production from non-renewable combustible fuels","Megawatt hours","210","units","0","v1146006339","4.1.12","546623","","","","0"
"2026-04","Nova Scotia","2016A000212","Total all classes of electricity producer","Total electricity production from biomass","Megawatt hours","210","units","0","v1146006381","4.1.13","30687","","","","0"
"2026-04","Nova Scotia","2016A000212","Total all classes of electricity producer","Tidal power turbine","Megawatt hours","210","units","0","v44174724","4.1.7","0","","","","0"
"2026-04","Nova Scotia","2016A000212","Total all classes of electricity producer","Wind power turbine","Megawatt hours","210","units","0","v44174725","4.1.8","140018","","","","0"
"2026-04","Nova Scotia","2016A000212","Total all classes of electricity producer","Solar","Megawatt hours","210","units","0","v1059484914","4.1.9","710","","","","0"
"2026-04","Nova Scotia","2016A000212","Total all classes of electricity producer","Other types of electricity generation","Megawatt hours","210","units","0","v1059484814","4.1.10","0","","","","0"
"2026-04","Nova Scotia","2016A000212","Electricity producers, electric utilities","Total all types of electricity generation","Megawatt hours","210","units","0","v44174726","4.2.1","790187","","","","0"
"2026-04","Nova Scotia","2016A000212","Electricity producers, electric utilities","Hydraulic turbine","Megawatt hours","210","units","0","v44174727","4.2.2","74836","","","","0"
"2026-04","Nova Scotia","2016A000212","Electricity producers, electric utilities","Conventional steam turbine","Megawatt hours","210","units","0","v44174728","4.2.3","","..","","","0"
"2026-04","Nova Scotia","2016A000212","Electricity producers, electric utilities","Combustion turbine","Megawatt hours","210","units","0","v44174729","4.2.6","","..","","","0"
"2026-04","Nova Scotia","2016A000212","Electricity producers, electric utilities","Total electricity production from combustible fuels","Megawatt hours","210","units","0","v1059484842","4.2.11","576939","","","","0"
"2026-04","Nova Scotia","2016A000212","Electricity producers, electric utilities","Total electricity production from non-renewable combustible fuels","Megawatt hours","210","units","0","v1146006340","4.2.12","546623","","","","0"
"2026-04","Nova Scotia","2016A000212","Electricity producers, electric utilities","Total electricity production from biomass","Megawatt hours","210","units","0","v1146006382","4.2.13","30316","","","","0"
"2026-04","Nova Scotia","2016A000212","Electricity producers, electric utilities","Tidal power turbine","Megawatt hours","210","units","0","v44174730","4.2.7","0","","","","0"
"2026-04","Nova Scotia","2016A000212","Electricity producers, electric utilities","Wind power turbine","Megawatt hours","210","units","0","v44174731","4.2.8","137797","","","","0"
"2026-04","Nova Scotia","2016A000212","Electricity producers, electric utilities","Solar","Megawatt hours","210","units","0","v1059484915","4.2.9","615","","","","0"
"2026-04","Nova Scotia","2016A000212","Electricity producers, electric utilities","Other types of electricity generation","Megawatt hours","210","units","0","v1059484815","4.2.10","0","","","","0"
"2026-04","Nova Scotia","2016A000212","Electricity producers, industries","Total all types of electricity generation","Megawatt hours","210","units","0","v44174732","4.3.1","2687","","","","0"
"2026-04","Nova Scotia","2016A000212","Electricity producers, industries","Hydraulic turbine","Megawatt hours","210","units","0","v44174733","4.3.2","","..","","","0"
"2026-04","Nova Scotia","2016A000212","Electricity producers, industries","Conventional steam turbine","Megawatt hours","210","units","0","v44174734","4.3.3","","..","","","0"
"2026-04","Nova Scotia","2016A000212","Electricity producers, industries","Total electricity production from combustible fuels","Megawatt hours","210","units","0","v1059484843","4.3.11","371","","","","0"
"2026-04","Nova Scotia","2016A000212","Electricity producers, industries","Total electricity production from non-renewable combustible fuels","Megawatt hours","210","units","0","v1146006341","4.3.12","0","","","","0"
"2026-04","Nova Scotia","2016A000212","Electricity producers, industries","Total electricity production from biomass","Megawatt hours","210","units","0","v1146006383","4.3.13","371","","","","0"
"2026-04","Nova Scotia","2016A000212","Electricity producers, industries","Tidal power turbine","Megawatt hours","210","units","0","v1059484884","4.3.7","0","","","","0"
"2026-04","Nova Scotia","2016A000212","Electricity producers, industries","Wind power turbine","Megawatt hours","210","units","0","v62460553","4.3.8","2221","","","","0"
"2026-04","Nova Scotia","2016A000212","Electricity producers, industries","Solar","Megawatt hours","210","units","0","v1059484916","4.3.9","95","","","","0"
"2026-04","Nova Scotia","2016A000212","Electricity producers, industries","Other types of electricity generation","Megawatt hours","210","units","0","v1059484816","4.3.10","0","","","","0"
"2026-05","Nova Scotia","2016A000212","Total all classes of electricity producer","Total all types of electricity generation","Megawatt hours","210","units","0","v44174720","4.1.1","588310","","","","0"
"2026-05","Nova Scotia","2016A000212","Total all classes of electricity producer","Hydraulic turbine","Megawatt hours","210","units","0","v44174721","4.1.2","96745","","","","0"
"2026-05","Nova Scotia","2016A000212","Total all classes of electricity producer","Conventional steam turbine","Megawatt hours","210","units","0","v44174722","4.1.3","","..","","","0"
"2026-05","Nova Scotia","2016A000212","Total all classes of electricity producer","Combustion turbine","Megawatt hours","210","units","0","v44174723","4.1.6","","..","","","0"
"2026-05","Nova Scotia","2016A000212","Total all classes of electricity producer","Total electricity production from combustible fuels","Megawatt hours","210","units","0","v1059484841","4.1.11","332799","","","","0"
"2026-05","Nova Scotia","2016A000212","Total all classes of electricity producer","Total electricity production from non-renewable combustible fuels","Megawatt hours","210","units","0","v1146006339","4.1.12","302019","","","","0"
"2026-05","Nova Scotia","2016A000212","Total all classes of electricity producer","Total electricity production from biomass","Megawatt hours","210","units","0","v1146006381","4.1.13","30780","","","","0"
"2026-05","Nova Scotia","2016A000212","Total all classes of electricity producer","Tidal power turbine","Megawatt hours","210","units","0","v44174724","4.1.7","0","","","","0"
"2026-05","Nova Scotia","2016A000212","Total all classes of electricity producer","Wind power turbine","Megawatt hours","210","units","0","v44174725","4.1.8","156531","","","","0"
"2026-05","Nova Scotia","2016A000212","Total all classes of electricity producer","Solar","Megawatt hours","210","units","0","v1059484914","4.1.9","2235","","","","0"
"2026-05","Nova Scotia","2016A000212","Total all classes of electricity producer","Other types of electricity generation","Megawatt hours","210","units","0","v1059484814","4.1.10","0","","","","0"
"2026-05","Nova Scotia","2016A000212","Electricity producers, electric utilities","Total all types of electricity generation","Megawatt hours","210","units","0","v44174726","4.2.1","585157","","","","0"
"2026-05","Nova Scotia","2016A000212","Electricity producers, electric utilities","Hydraulic turbine","Megawatt hours","210","units","0","v44174727","4.2.2","96745","","","","0"
"2026-05","Nova Scotia","2016A000212","Electricity producers, electric utilities","Conventional steam turbine","Megawatt hours","210","units","0","v44174728","4.2.3","","..","","","0"
"2026-05","Nova Scotia","2016A000212","Electricity producers, electric utilities","Combustion turbine","Megawatt hours","210","units","0","v44174729","4.2.6","","..","","","0"
"2026-05","Nova Scotia","2016A000212","Electricity producers, electric utilities","Total electricity production from combustible fuels","Megawatt hours","210","units","0","v1059484842","4.2.11","332433","","","","0"
"2026-05","Nova Scotia","2016A000212","Electricity producers, electric utilities","Total electricity production from non-renewable combustible fuels","Megawatt hours","210","units","0","v1146006340","4.2.12","302019","","","","0"
"2026-05","Nova Scotia","2016A000212","Electricity producers, electric utilities","Total electricity production from biomass","Megawatt hours","210","units","0","v1146006382","4.2.13","30414","","","","0"
"2026-05","Nova Scotia","2016A000212","Electricity producers, electric utilities","Tidal power turbine","Megawatt hours","210","units","0","v44174730","4.2.7","0","","","","0"
"2026-05","Nova Scotia","2016A000212","Electricity producers, electric utilities","Wind power turbine","Megawatt hours","210","units","0","v44174731","4.2.8","153841","","","","0"
"2026-05","Nova Scotia","2016A000212","Electricity producers, electric utilities","Solar","Megawatt hours","210","units","0","v1059484915","4.2.9","2138","","","","0"
"2026-05","Nova Scotia","2016A000212","Electricity producers, electric utilities","Other types of electricity generation","Megawatt hours","210","units","0","v1059484815","4.2.10","0","","","","0"
"2026-05","Nova Scotia","2016A000212","Electricity producers, industries","Total all types of electricity generation","Megawatt hours","210","units","0","v44174732","4.3.1","3153","","","","0"
"2026-05","Nova Scotia","2016A000212","Electricity producers, industries","Hydraulic turbine","Megawatt hours","210","units","0","v44174733","4.3.2","","..","","","0"
"2026-05","Nova Scotia","2016A000212","Electricity producers, industries","Conventional steam turbine","Megawatt hours","210","units","0","v44174734","4.3.3","","..","","","0"
"2026-05","Nova Scotia","2016A000212","Electricity producers, industries","Total electricity production from combustible fuels","Megawatt hours","210","units","0","v1059484843","4.3.11","366","","","","0"
"2026-05","Nova Scotia","2016A000212","Electricity producers, industries","Total electricity production from non-renewable combustible fuels","Megawatt hours","210","units","0","v1146006341","4.3.12","0","","","","0"
"2026-05","Nova Scotia","2016A000212","Electricity producers, industries","Total electricity production from biomass","Megawatt hours","210","units","0","v1146006383","4.3.13","366","","","","0"
"2026-05","Nova Scotia","2016A000212","Electricity producers, industries","Tidal power turbine","Megawatt hours","210","units","0","v1059484884","4.3.7","0","","","","0"
"2026-05","Nova Scotia","2016A000212","Electricity producers, industries","Wind power turbine","Megawatt hours","210","units","0","v62460553","4.3.8","2690","","","","0"
"2026-05","Nova Scotia","2016A000212","Electricity producers, industries","Solar","Megawatt hours","210","units","0","v1059484916","4.3.9","97","","","","0"
"2026-05","Nova Scotia","2016A000212","Electricity producers, industries","Other types of electricity generation","Megawatt hours","210","units","0","v1059484816","4.3.10","0","","","","0"
"2026-06","Nova Scotia","2016A000212","Total all classes of electricity producer","Total all types of electricity generation","Megawatt hours","210","units","0","v44174720","4.1.1","582742","","","","0"
"2026-06","Nova Scotia","2016A000212","Total all classes of electricity producer","Hydraulic turbine","Megawatt hours","210","units","0","v44174721","4.1.2","71258","","","","0"
"2026-06","Nova Scotia","2016A000212","Total all classes of electricity producer","Conventional steam turbine","Megawatt hours","210","units","0","v44174722","4.1.3","","..","","","0"
"2026-06","Nova Scotia","2016A000212","Total all classes of electricity producer","Combustion turbine","Megawatt hours","210","units","0","v44174723","4.1.6","","..","","","0"
"2026-06","Nova Scotia","2016A000212","Total all classes of electricity producer","Total electricity production from combustible fuels","Megawatt hours","210","units","0","v1059484841","4.1.11","397740","","","","0"
"2026-06","Nova Scotia","2016A000212","Total all classes of electricity producer","Total electricity production from non-renewable combustible fuels","Megawatt hours","210","units","0","v1146006339","4.1.12","374555","","","","0"
"2026-06","Nova Scotia","2016A000212","Total all classes of electricity producer","Total electricity production from biomass","Megawatt hours","210","units","0","v1146006381","4.1.13","23185","","","","0"
"2026-06","Nova Scotia","2016A000212","Total all classes of electricity producer","Tidal power turbine","Megawatt hours","210","units","0","v44174724","4.1.7","0","","","","0"
"2026-06","Nova Scotia","2016A000212","Total all classes of electricity producer","Wind power turbine","Megawatt hours","210","units","0","v44174725","4.1.8","112659","","","","0"
"2026-06","Nova Scotia","2016A000212","Total all classes of electricity producer","Solar","Megawatt hours","210","units","0","v1059484914","4.1.9","1085","","","","0"
"2026-06","Nova Scotia","2016A000212","Total all classes of electricity producer","Other types of electricity generation","Megawatt hours","210","units","0","v1059484814","4.1.10","0","","","","0"
"2026-06","Nova Scotia","2016A000212","Electricity producers, electric utilities","Total all types of electricity generation","Megawatt hours","210","units","0","v44174726","4.2.1","579865","","","","0"
"2026-06","Nova Scotia","2016A000212","Electricity producers, electric utilities","Hydraulic turbine","Megawatt hours","210","units","0","v44174727","4.2.2","71258","","","","0"
"2026-06","Nova Scotia","2016A000212","Electricity producers, electric utilities","Conventional steam turbine","Megawatt hours","210","units","0","v44174728","4.2.3","","..","","","0"
"2026-06","Nova Scotia","2016A000212","Electricity producers, electric utilities","Combustion turbine","Megawatt hours","210","units","0","v44174729","4.2.6","","..","","","0"
"2026-06","Nova Scotia","2016A000212","Electricity producers, electric utilities","Total electricity production from combustible fuels","Megawatt hours","210","units","0","v1059484842","4.2.11","397292","","","","0"
"2026-06","Nova Scotia","2016A000212","Electricity producers, electric utilities","Total electricity production from non-renewable combustible fuels","Megawatt hours","210","units","0","v1146006340","4.2.12","374555","","","","0"
"2026-06","Nova Scotia","2016A000212","Electricity producers, electric utilities","Total electricity production from biomass","Megawatt hours","210","units","0","v1146006382","4.2.13","22737","","","","0"
"2026-06","Nova Scotia","2016A000212","Electricity producers, electric utilities","Tidal power turbine","Megawatt hours","210","units","0","v44174730","4.2.7","0","","","","0"
"2026-06","Nova Scotia","2016A000212","Electricity producers, electric utilities","Wind power turbine","Megawatt hours","210","units","0","v44174731","4.2.8","110331","","","","0"
"2026-06","Nova Scotia","2016A000212","Electricity producers, electric utilities","Solar","Megawatt hours","210","units","0","v1059484915","4.2.9","984","","","","0"
"2026-06","Nova Scotia","2016A000212","Electricity producers, electric utilities","Other types of electricity generation","Megawatt hours","210","units","0","v1059484815","4.2.10","0","","","","0"
"2026-06","Nova Scotia","2016A000212","Electricity producers, industries","Total all types of electricity generation","Megawatt hours","210","units","0","v44174732","4.3.1","2877","","","","0"
"2026-06","Nova Scotia","2016A000212","Electricity producers, industries","Hydraulic turbine","Megawatt hours","210","units","0","v44174733","4.3.2","","..","","","0"
"2026-06","Nova Scotia","2016A000212","Electricity producers, industries","Conventional steam turbine","Megawatt hours","210","units","0","v44174734","4.3.3","","..","","","0"
"2026-06","Nova Scotia","2016A000212","Electricity producers, industries","Total electricity production from combustible fuels","Megawatt hours","210","units","0","v1059484843","4.3.11","448","","","","0"
"2026-06","Nova Scotia","2016A000212","Electricity producers, industries","Total electricity production from non-renewable combustible fuels","Megawatt hours","210","units","0","v1146006341","4.3.12","0","","","","0"
"2026-06","Nova Scotia","2016A000212","Electricity producers, industries","Total electricity production from biomass","Megawatt hours","210","units","0","v1146006383","4.3.13","448","","","","0"
"2026-06","Nova Scotia","2016A000212","Electricity producers, industries","Tidal power turbine","Megawatt hours","210","units","0","v1059484884","4.3.7","0","","","","0"
"2026-06","Nova Scotia","2016A000212","Electricity producers, industries","Wind power turbine","Megawatt hours","210","units","0","v62460553","4.3.8","2328","","","","0"
"2026-06","Nova Scotia","2016A000212","Electricity producers, industries","Solar","Megawatt hours","210","units","0","v1059484916","4.3.9","101","","","","0"
"2026-06","Nova Scotia","2016A000212","Electricity producers, industries","Other types of electricity generation","Megawatt hours","210","units","0","v1059484816","4.3.10","0","","","","0"
